Traceback (most recent call last):
  File "/home/eaglcqjv/public_html/syscare/passenger_wsgi.py", line 8, in <module>
    wsgi = imp.load_source('wsgi', 'passenger_wsgi.py')
  File "/opt/alt/python39/lib64/python3.9/imp.py", line 171, in load_source
    module = _load(spec)
  File "<frozen importlib._bootstrap>", line 711, in _load
  File "<frozen importlib._bootstrap>", line 680, in _load_unlocked
  File "<frozen importlib._bootstrap_external>", line 850, in exec_module
  File "<frozen importlib._bootstrap>", line 228, in _call_with_frames_removed
  File "passenger_wsgi.py", line 8, in <module>
    wsgi = imp.load_source('wsgi', 'passenger_wsgi.py')
  File "/opt/alt/python39/lib64/python3.9/imp.py", line 169, in load_source
    module = _exec(spec, sys.modules[name])
  File "<frozen importlib._bootstrap>", line 613, in _exec
  File "<frozen importlib._bootstrap_external>", line 850, in exec_module
  File "<frozen importlib._bootstrap>", line 228, in _call_with_frames_removed
  File "passenger_wsgi.py", line 8, in <module>
    wsgi = imp.load_source('wsgi', 'passenger_wsgi.py')
  File "/opt/alt/python39/lib64/python3.9/imp.py", line 169, in load_source
    module = _exec(spec, sys.modules[name])
  File "<frozen importlib._bootstrap>", line 613, in _exec
  File "<frozen importlib._bootstrap_external>", line 850, in exec_module
  File "<frozen importlib._bootstrap>", line 228, in _call_with_frames_removed
  File "passenger_wsgi.py", line 8, in <module>
    wsgi = imp.load_source('wsgi', 'passenger_wsgi.py')
  File "/opt/alt/python39/lib64/python3.9/imp.py", line 169, in load_source
    module = _exec(spec, sys.modules[name])
  File "<frozen importlib._bootstrap>", line 613, in _exec
  File "<frozen importlib._bootstrap_external>", line 850, in exec_module
  File "<frozen importlib._bootstrap>", line 228, in _call_with_frames_removed
  File "passenger_wsgi.py", line 8, in <module>
    wsgi = imp.load_source('wsgi', 'passenger_wsgi.py')
  File "/opt/alt/python39/lib64/python3.9/imp.py", line 169, in load_source
    module = _exec(spec, sys.modules[name])
  File "<frozen importlib._bootstrap>", line 613, in _exec
  File "<frozen importlib._bootstrap_external>", line 850, in exec_module
  File "<frozen importlib._bootstrap>", line 228, in _call_with_frames_removed
  File "passenger_wsgi.py", line 8, in <module>
    wsgi = imp.load_source('wsgi', 'passenger_wsgi.py')
  File "/opt/alt/python39/lib64/python3.9/imp.py", line 169, in load_source
    module = _exec(spec, sys.modules[name])
  File "<frozen importlib._bootstrap>", line 613, in _exec
  File "<frozen importlib._bootstrap_external>", line 850, in exec_module
  File "<frozen importlib._bootstrap>", line 228, in _call_with_frames_removed
  File "passenger_wsgi.py", line 8, in <module>
    wsgi = imp.load_source('wsgi', 'passenger_wsgi.py')
  File "/opt/alt/python39/lib64/python3.9/imp.py", line 169, in load_source
    module = _exec(spec, sys.modules[name])
  File "<frozen importlib._bootstrap>", line 613, in _exec
  File "<frozen importlib._bootstrap_external>", line 850, in exec_module
  File "<frozen importlib._bootstrap>", line 228, in _call_with_frames_removed
  File "passenger_wsgi.py", line 8, in <module>
    wsgi = imp.load_source('wsgi', 'passenger_wsgi.py')
  File "/opt/alt/python39/lib64/python3.9/imp.py", line 169, in load_source
    module = _exec(spec, sys.modules[name])
  File "<frozen importlib._bootstrap>", line 613, in _exec
  File "<frozen importlib._bootstrap_external>", line 850, in exec_module
  File "<frozen importlib._bootstrap>", line 228, in _call_with_frames_removed
  File "passenger_wsgi.py", line 8, in <module>
    wsgi = imp.load_source('wsgi', 'passenger_wsgi.py')
  File "/opt/alt/python39/lib64/python3.9/imp.py", line 169, in load_source
    module = _exec(spec, sys.modules[name])
  File "<frozen importlib._bootstrap>", line 613, in _exec
  File "<frozen importlib._bootstrap_external>", line 850, in exec_module
  File "<frozen importlib._bootstrap>", line 228, in _call_with_frames_removed
  File "passenger_wsgi.py", line 8, in <module>
    wsgi = imp.load_source('wsgi', 'passenger_wsgi.py')
  File "/opt/alt/python39/lib64/python3.9/imp.py", line 169, in load_source
    module = _exec(spec, sys.modules[name])
  File "<frozen importlib._bootstrap>", line 613, in _exec
  File "<frozen importlib._bootstrap_external>", line 850, in exec_module
  File "<frozen importlib._bootstrap>", line 228, in _call_with_frames_removed
  File "passenger_wsgi.py", line 8, in <module>
    wsgi = imp.load_source('wsgi', 'passenger_wsgi.py')
  File "/opt/alt/python39/lib64/python3.9/imp.py", line 169, in load_source
    module = _exec(spec, sys.modules[name])
  File "<frozen importlib._bootstrap>", line 613, in _exec
  File "<frozen importlib._bootstrap_external>", line 850, in exec_module
  File "<frozen importlib._bootstrap>", line 228, in _call_with_frames_removed
  File "passenger_wsgi.py", line 8, in <module>
    wsgi = imp.load_source('wsgi', 'passenger_wsgi.py')
  File "/opt/alt/python39/lib64/python3.9/imp.py", line 169, in load_source
    module = _exec(spec, sys.modules[name])
  File "<frozen importlib._bootstrap>", line 613, in _exec
  File "<frozen importlib._bootstrap_external>", line 850, in exec_module
  File "<frozen importlib._bootstrap>", line 228, in _call_with_frames_removed
  File "passenger_wsgi.py", line 8, in <module>
    wsgi = imp.load_source('wsgi', 'passenger_wsgi.py')
  File "/opt/alt/python39/lib64/python3.9/imp.py", line 169, in load_source
    module = _exec(spec, sys.modules[name])
  File "<frozen importlib._bootstrap>", line 613, in _exec
  File "<frozen importlib._bootstrap_external>", line 850, in exec_module
  File "<frozen importlib._bootstrap>", line 228, in _call_with_frames_removed
  File "passenger_wsgi.py", line 8, in <module>
    wsgi = imp.load_source('wsgi', 'passenger_wsgi.py')
  File "/opt/alt/python39/lib64/python3.9/imp.py", line 169, in load_source
    module = _exec(spec, sys.modules[name])
  File "<frozen importlib._bootstrap>", line 613, in _exec
  File "<frozen importlib._bootstrap_external>", line 850, in exec_module
  File "<frozen importlib._bootstrap>", line 228, in _call_with_frames_removed
  File "passenger_wsgi.py", line 8, in <module>
    wsgi = imp.load_source('wsgi', 'passenger_wsgi.py')
  File "/opt/alt/python39/lib64/python3.9/imp.py", line 169, in load_source
    module = _exec(spec, sys.modules[name])
  File "<frozen importlib._bootstrap>", line 613, in _exec
  File "<frozen importlib._bootstrap_external>", line 850, in exec_module
  File "<frozen importlib._bootstrap>", line 228, in _call_with_frames_removed
  File "passenger_wsgi.py", line 8, in <module>
    wsgi = imp.load_source('wsgi', 'passenger_wsgi.py')
  File "/opt/alt/python39/lib64/python3.9/imp.py", line 169, in load_source
    module = _exec(spec, sys.modules[name])
  File "<frozen importlib._bootstrap>", line 613, in _exec
  File "<frozen importlib._bootstrap_external>", line 850, in exec_module
  File "<frozen importlib._bootstrap>", line 228, in _call_with_frames_removed
  File "passenger_wsgi.py", line 8, in <module>
    wsgi = imp.load_source('wsgi', 'passenger_wsgi.py')
  File "/opt/alt/python39/lib64/python3.9/imp.py", line 169, in load_source
    module = _exec(spec, sys.modules[name])
  File "<frozen importlib._bootstrap>", line 613, in _exec
  File "<frozen importlib._bootstrap_external>", line 850, in exec_module
  File "<frozen importlib._bootstrap>", line 228, in _call_with_frames_removed
  File "passenger_wsgi.py", line 8, in <module>
    wsgi = imp.load_source('wsgi', 'passenger_wsgi.py')
  File "/opt/alt/python39/lib64/python3.9/imp.py", line 169, in load_source
    module = _exec(spec, sys.modules[name])
  File "<frozen importlib._bootstrap>", line 613, in _exec
  File "<frozen importlib._bootstrap_external>", line 850, in exec_module
  File "<frozen importlib._bootstrap>", line 228, in _call_with_frames_removed
  File "passenger_wsgi.py", line 8, in <module>
    wsgi = imp.load_source('wsgi', 'passenger_wsgi.py')
  File "/opt/alt/python39/lib64/python3.9/imp.py", line 169, in load_source
    module = _exec(spec, sys.modules[name])
  File "<frozen importlib._bootstrap>", line 613, in _exec
  File "<frozen importlib._bootstrap_external>", line 850, in exec_module
  File "<frozen importlib._bootstrap>", line 228, in _call_with_frames_removed
  File "passenger_wsgi.py", line 8, in <module>
    wsgi = imp.load_source('wsgi', 'passenger_wsgi.py')
  File "/opt/alt/python39/lib64/python3.9/imp.py", line 169, in load_source
    module = _exec(spec, sys.modules[name])
  File "<frozen importlib._bootstrap>", line 613, in _exec
  File "<frozen importlib._bootstrap_external>", line 850, in exec_module
  File "<frozen importlib._bootstrap>", line 228, in _call_with_frames_removed
  File "passenger_wsgi.py", line 8, in <module>
    wsgi = imp.load_source('wsgi', 'passenger_wsgi.py')
  File "/opt/alt/python39/lib64/python3.9/imp.py", line 169, in load_source
    module = _exec(spec, sys.modules[name])
  File "<frozen importlib._bootstrap>", line 613, in _exec
  File "<frozen importlib._bootstrap_external>", line 850, in exec_module
  File "<frozen importlib._bootstrap>", line 228, in _call_with_frames_removed
  File "passenger_wsgi.py", line 8, in <module>
    wsgi = imp.load_source('wsgi', 'passenger_wsgi.py')
  File "/opt/alt/python39/lib64/python3.9/imp.py", line 169, in load_source
    module = _exec(spec, sys.modules[name])
  File "<frozen importlib._bootstrap>", line 613, in _exec
  File "<frozen importlib._bootstrap_external>", line 850, in exec_module
  File "<frozen importlib._bootstrap>", line 228, in _call_with_frames_removed
  File "passenger_wsgi.py", line 8, in <module>
    wsgi = imp.load_source('wsgi', 'passenger_wsgi.py')
  File "/opt/alt/python39/lib64/python3.9/imp.py", line 169, in load_source
    module = _exec(spec, sys.modules[name])
  File "<frozen importlib._bootstrap>", line 613, in _exec
  File "<frozen importlib._bootstrap_external>", line 850, in exec_module
  File "<frozen importlib._bootstrap>", line 228, in _call_with_frames_removed
  File "passenger_wsgi.py", line 8, in <module>
    wsgi = imp.load_source('wsgi', 'passenger_wsgi.py')
  File "/opt/alt/python39/lib64/python3.9/imp.py", line 169, in load_source
    module = _exec(spec, sys.modules[name])
  File "<frozen importlib._bootstrap>", line 613, in _exec
  File "<frozen importlib._bootstrap_external>", line 850, in exec_module
  File "<frozen importlib._bootstrap>", line 228, in _call_with_frames_removed
  File "passenger_wsgi.py", line 8, in <module>
    wsgi = imp.load_source('wsgi', 'passenger_wsgi.py')
  File "/opt/alt/python39/lib64/python3.9/imp.py", line 169, in load_source
    module = _exec(spec, sys.modules[name])
  File "<frozen importlib._bootstrap>", line 613, in _exec
  File "<frozen importlib._bootstrap_external>", line 850, in exec_module
  File "<frozen importlib._bootstrap>", line 228, in _call_with_frames_removed
  File "passenger_wsgi.py", line 8, in <module>
    wsgi = imp.load_source('wsgi', 'passenger_wsgi.py')
  File "/opt/alt/python39/lib64/python3.9/imp.py", line 169, in load_source
    module = _exec(spec, sys.modules[name])
  File "<frozen importlib._bootstrap>", line 613, in _exec
  File "<frozen importlib._bootstrap_external>", line 850, in exec_module
  File "<frozen importlib._bootstrap>", line 228, in _call_with_frames_removed
  File "passenger_wsgi.py", line 8, in <module>
    wsgi = imp.load_source('wsgi', 'passenger_wsgi.py')
  File "/opt/alt/python39/lib64/python3.9/imp.py", line 169, in load_source
    module = _exec(spec, sys.modules[name])
  File "<frozen importlib._bootstrap>", line 613, in _exec
  File "<frozen importlib._bootstrap_external>", line 850, in exec_module
  File "<frozen importlib._bootstrap>", line 228, in _call_with_frames_removed
  File "passenger_wsgi.py", line 8, in <module>
    wsgi = imp.load_source('wsgi', 'passenger_wsgi.py')
  File "/opt/alt/python39/lib64/python3.9/imp.py", line 169, in load_source
    module = _exec(spec, sys.modules[name])
  File "<frozen importlib._bootstrap>", line 613, in _exec
  File "<frozen importlib._bootstrap_external>", line 850, in exec_module
  File "<frozen importlib._bootstrap>", line 228, in _call_with_frames_removed
  File "passenger_wsgi.py", line 8, in <module>
    wsgi = imp.load_source('wsgi', 'passenger_wsgi.py')
  File "/opt/alt/python39/lib64/python3.9/imp.py", line 169, in load_source
    module = _exec(spec, sys.modules[name])
  File "<frozen importlib._bootstrap>", line 613, in _exec
  File "<frozen importlib._bootstrap_external>", line 850, in exec_module
  File "<frozen importlib._bootstrap>", line 228, in _call_with_frames_removed
  File "passenger_wsgi.py", line 8, in <module>
    wsgi = imp.load_source('wsgi', 'passenger_wsgi.py')
  File "/opt/alt/python39/lib64/python3.9/imp.py", line 169, in load_source
    module = _exec(spec, sys.modules[name])
  File "<frozen importlib._bootstrap>", line 613, in _exec
  File "<frozen importlib._bootstrap_external>", line 850, in exec_module
  File "<frozen importlib._bootstrap>", line 228, in _call_with_frames_removed
  File "passenger_wsgi.py", line 8, in <module>
    wsgi = imp.load_source('wsgi', 'passenger_wsgi.py')
  File "/opt/alt/python39/lib64/python3.9/imp.py", line 169, in load_source
    module = _exec(spec, sys.modules[name])
  File "<frozen importlib._bootstrap>", line 613, in _exec
  File "<frozen importlib._bootstrap_external>", line 850, in exec_module
  File "<frozen importlib._bootstrap>", line 228, in _call_with_frames_removed
  File "passenger_wsgi.py", line 8, in <module>
    wsgi = imp.load_source('wsgi', 'passenger_wsgi.py')
  File "/opt/alt/python39/lib64/python3.9/imp.py", line 169, in load_source
    module = _exec(spec, sys.modules[name])
  File "<frozen importlib._bootstrap>", line 613, in _exec
  File "<frozen importlib._bootstrap_external>", line 850, in exec_module
  File "<frozen importlib._bootstrap>", line 228, in _call_with_frames_removed
  File "passenger_wsgi.py", line 8, in <module>
    wsgi = imp.load_source('wsgi', 'passenger_wsgi.py')
  File "/opt/alt/python39/lib64/python3.9/imp.py", line 169, in load_source
    module = _exec(spec, sys.modules[name])
  File "<frozen importlib._bootstrap>", line 613, in _exec
  File "<frozen importlib._bootstrap_external>", line 850, in exec_module
  File "<frozen importlib._bootstrap>", line 228, in _call_with_frames_removed
  File "passenger_wsgi.py", line 8, in <module>
    wsgi = imp.load_source('wsgi', 'passenger_wsgi.py')
  File "/opt/alt/python39/lib64/python3.9/imp.py", line 169, in load_source
    module = _exec(spec, sys.modules[name])
  File "<frozen importlib._bootstrap>", line 613, in _exec
  File "<frozen importlib._bootstrap_external>", line 850, in exec_module
  File "<frozen importlib._bootstrap>", line 228, in _call_with_frames_removed
  File "passenger_wsgi.py", line 8, in <module>
    wsgi = imp.load_source('wsgi', 'passenger_wsgi.py')
  File "/opt/alt/python39/lib64/python3.9/imp.py", line 169, in load_source
    module = _exec(spec, sys.modules[name])
  File "<frozen importlib._bootstrap>", line 613, in _exec
  File "<frozen importlib._bootstrap_external>", line 850, in exec_module
  File "<frozen importlib._bootstrap>", line 228, in _call_with_frames_removed
  File "passenger_wsgi.py", line 8, in <module>
    wsgi = imp.load_source('wsgi', 'passenger_wsgi.py')
  File "/opt/alt/python39/lib64/python3.9/imp.py", line 169, in load_source
    module = _exec(spec, sys.modules[name])
  File "<frozen importlib._bootstrap>", line 613, in _exec
  File "<frozen importlib._bootstrap_external>", line 850, in exec_module
  File "<frozen importlib._bootstrap>", line 228, in _call_with_frames_removed
  File "passenger_wsgi.py", line 8, in <module>
    wsgi = imp.load_source('wsgi', 'passenger_wsgi.py')
  File "/opt/alt/python39/lib64/python3.9/imp.py", line 169, in load_source
    module = _exec(spec, sys.modules[name])
  File "<frozen importlib._bootstrap>", line 613, in _exec
  File "<frozen importlib._bootstrap_external>", line 850, in exec_module
  File "<frozen importlib._bootstrap>", line 228, in _call_with_frames_removed
  File "passenger_wsgi.py", line 8, in <module>
    wsgi = imp.load_source('wsgi', 'passenger_wsgi.py')
  File "/opt/alt/python39/lib64/python3.9/imp.py", line 169, in load_source
    module = _exec(spec, sys.modules[name])
  File "<frozen importlib._bootstrap>", line 613, in _exec
  File "<frozen importlib._bootstrap_external>", line 850, in exec_module
  File "<frozen importlib._bootstrap>", line 228, in _call_with_frames_removed
  File "passenger_wsgi.py", line 8, in <module>
    wsgi = imp.load_source('wsgi', 'passenger_wsgi.py')
  File "/opt/alt/python39/lib64/python3.9/imp.py", line 169, in load_source
    module = _exec(spec, sys.modules[name])
  File "<frozen importlib._bootstrap>", line 613, in _exec
  File "<frozen importlib._bootstrap_external>", line 850, in exec_module
  File "<frozen importlib._bootstrap>", line 228, in _call_with_frames_removed
  File "passenger_wsgi.py", line 8, in <module>
    wsgi = imp.load_source('wsgi', 'passenger_wsgi.py')
  File "/opt/alt/python39/lib64/python3.9/imp.py", line 169, in load_source
    module = _exec(spec, sys.modules[name])
  File "<frozen importlib._bootstrap>", line 613, in _exec
  File "<frozen importlib._bootstrap_external>", line 850, in exec_module
  File "<frozen importlib._bootstrap>", line 228, in _call_with_frames_removed
  File "passenger_wsgi.py", line 8, in <module>
    wsgi = imp.load_source('wsgi', 'passenger_wsgi.py')
  File "/opt/alt/python39/lib64/python3.9/imp.py", line 169, in load_source
    module = _exec(spec, sys.modules[name])
  File "<frozen importlib._bootstrap>", line 613, in _exec
  File "<frozen importlib._bootstrap_external>", line 850, in exec_module
  File "<frozen importlib._bootstrap>", line 228, in _call_with_frames_removed
  File "passenger_wsgi.py", line 8, in <module>
    wsgi = imp.load_source('wsgi', 'passenger_wsgi.py')
  File "/opt/alt/python39/lib64/python3.9/imp.py", line 169, in load_source
    module = _exec(spec, sys.modules[name])
  File "<frozen importlib._bootstrap>", line 613, in _exec
  File "<frozen importlib._bootstrap_external>", line 850, in exec_module
  File "<frozen importlib._bootstrap>", line 228, in _call_with_frames_removed
  File "passenger_wsgi.py", line 8, in <module>
    wsgi = imp.load_source('wsgi', 'passenger_wsgi.py')
  File "/opt/alt/python39/lib64/python3.9/imp.py", line 169, in load_source
    module = _exec(spec, sys.modules[name])
  File "<frozen importlib._bootstrap>", line 613, in _exec
  File "<frozen importlib._bootstrap_external>", line 850, in exec_module
  File "<frozen importlib._bootstrap>", line 228, in _call_with_frames_removed
  File "passenger_wsgi.py", line 8, in <module>
    wsgi = imp.load_source('wsgi', 'passenger_wsgi.py')
  File "/opt/alt/python39/lib64/python3.9/imp.py", line 169, in load_source
    module = _exec(spec, sys.modules[name])
  File "<frozen importlib._bootstrap>", line 613, in _exec
  File "<frozen importlib._bootstrap_external>", line 850, in exec_module
  File "<frozen importlib._bootstrap>", line 228, in _call_with_frames_removed
  File "passenger_wsgi.py", line 8, in <module>
    wsgi = imp.load_source('wsgi', 'passenger_wsgi.py')
  File "/opt/alt/python39/lib64/python3.9/imp.py", line 169, in load_source
    module = _exec(spec, sys.modules[name])
  File "<frozen importlib._bootstrap>", line 613, in _exec
  File "<frozen importlib._bootstrap_external>", line 850, in exec_module
  File "<frozen importlib._bootstrap>", line 228, in _call_with_frames_removed
  File "passenger_wsgi.py", line 8, in <module>
    wsgi = imp.load_source('wsgi', 'passenger_wsgi.py')
  File "/opt/alt/python39/lib64/python3.9/imp.py", line 169, in load_source
    module = _exec(spec, sys.modules[name])
  File "<frozen importlib._bootstrap>", line 613, in _exec
  File "<frozen importlib._bootstrap_external>", line 850, in exec_module
  File "<frozen importlib._bootstrap>", line 228, in _call_with_frames_removed
  File "passenger_wsgi.py", line 8, in <module>
    wsgi = imp.load_source('wsgi', 'passenger_wsgi.py')
  File "/opt/alt/python39/lib64/python3.9/imp.py", line 169, in load_source
    module = _exec(spec, sys.modules[name])
  File "<frozen importlib._bootstrap>", line 613, in _exec
  File "<frozen importlib._bootstrap_external>", line 850, in exec_module
  File "<frozen importlib._bootstrap>", line 228, in _call_with_frames_removed
  File "passenger_wsgi.py", line 8, in <module>
    wsgi = imp.load_source('wsgi', 'passenger_wsgi.py')
  File "/opt/alt/python39/lib64/python3.9/imp.py", line 169, in load_source
    module = _exec(spec, sys.modules[name])
  File "<frozen importlib._bootstrap>", line 613, in _exec
  File "<frozen importlib._bootstrap_external>", line 850, in exec_module
  File "<frozen importlib._bootstrap>", line 228, in _call_with_frames_removed
  File "passenger_wsgi.py", line 8, in <module>
    wsgi = imp.load_source('wsgi', 'passenger_wsgi.py')
  File "/opt/alt/python39/lib64/python3.9/imp.py", line 169, in load_source
    module = _exec(spec, sys.modules[name])
  File "<frozen importlib._bootstrap>", line 613, in _exec
  File "<frozen importlib._bootstrap_external>", line 850, in exec_module
  File "<frozen importlib._bootstrap>", line 228, in _call_with_frames_removed
  File "passenger_wsgi.py", line 8, in <module>
    wsgi = imp.load_source('wsgi', 'passenger_wsgi.py')
  File "/opt/alt/python39/lib64/python3.9/imp.py", line 169, in load_source
    module = _exec(spec, sys.modules[name])
  File "<frozen importlib._bootstrap>", line 613, in _exec
  File "<frozen importlib._bootstrap_external>", line 850, in exec_module
  File "<frozen importlib._bootstrap>", line 228, in _call_with_frames_removed
  File "passenger_wsgi.py", line 8, in <module>
    wsgi = imp.load_source('wsgi', 'passenger_wsgi.py')
  File "/opt/alt/python39/lib64/python3.9/imp.py", line 169, in load_source
    module = _exec(spec, sys.modules[name])
  File "<frozen importlib._bootstrap>", line 613, in _exec
  File "<frozen importlib._bootstrap_external>", line 850, in exec_module
  File "<frozen importlib._bootstrap>", line 228, in _call_with_frames_removed
  File "passenger_wsgi.py", line 8, in <module>
    wsgi = imp.load_source('wsgi', 'passenger_wsgi.py')
  File "/opt/alt/python39/lib64/python3.9/imp.py", line 169, in load_source
    module = _exec(spec, sys.modules[name])
  File "<frozen importlib._bootstrap>", line 613, in _exec
  File "<frozen importlib._bootstrap_external>", line 850, in exec_module
  File "<frozen importlib._bootstrap>", line 228, in _call_with_frames_removed
  File "passenger_wsgi.py", line 8, in <module>
    wsgi = imp.load_source('wsgi', 'passenger_wsgi.py')
  File "/opt/alt/python39/lib64/python3.9/imp.py", line 169, in load_source
    module = _exec(spec, sys.modules[name])
  File "<frozen importlib._bootstrap>", line 613, in _exec
  File "<frozen importlib._bootstrap_external>", line 850, in exec_module
  File "<frozen importlib._bootstrap>", line 228, in _call_with_frames_removed
  File "passenger_wsgi.py", line 8, in <module>
    wsgi = imp.load_source('wsgi', 'passenger_wsgi.py')
  File "/opt/alt/python39/lib64/python3.9/imp.py", line 169, in load_source
    module = _exec(spec, sys.modules[name])
  File "<frozen importlib._bootstrap>", line 613, in _exec
  File "<frozen importlib._bootstrap_external>", line 850, in exec_module
  File "<frozen importlib._bootstrap>", line 228, in _call_with_frames_removed
  File "passenger_wsgi.py", line 8, in <module>
    wsgi = imp.load_source('wsgi', 'passenger_wsgi.py')
  File "/opt/alt/python39/lib64/python3.9/imp.py", line 169, in load_source
    module = _exec(spec, sys.modules[name])
  File "<frozen importlib._bootstrap>", line 613, in _exec
  File "<frozen importlib._bootstrap_external>", line 850, in exec_module
  File "<frozen importlib._bootstrap>", line 228, in _call_with_frames_removed
  File "passenger_wsgi.py", line 8, in <module>
    wsgi = imp.load_source('wsgi', 'passenger_wsgi.py')
  File "/opt/alt/python39/lib64/python3.9/imp.py", line 169, in load_source
    module = _exec(spec, sys.modules[name])
  File "<frozen importlib._bootstrap>", line 613, in _exec
  File "<frozen importlib._bootstrap_external>", line 850, in exec_module
  File "<frozen importlib._bootstrap>", line 228, in _call_with_frames_removed
  File "passenger_wsgi.py", line 8, in <module>
    wsgi = imp.load_source('wsgi', 'passenger_wsgi.py')
  File "/opt/alt/python39/lib64/python3.9/imp.py", line 169, in load_source
    module = _exec(spec, sys.modules[name])
  File "<frozen importlib._bootstrap>", line 613, in _exec
  File "<frozen importlib._bootstrap_external>", line 850, in exec_module
  File "<frozen importlib._bootstrap>", line 228, in _call_with_frames_removed
  File "passenger_wsgi.py", line 8, in <module>
    wsgi = imp.load_source('wsgi', 'passenger_wsgi.py')
  File "/opt/alt/python39/lib64/python3.9/imp.py", line 169, in load_source
    module = _exec(spec, sys.modules[name])
  File "<frozen importlib._bootstrap>", line 613, in _exec
  File "<frozen importlib._bootstrap_external>", line 850, in exec_module
  File "<frozen importlib._bootstrap>", line 228, in _call_with_frames_removed
  File "passenger_wsgi.py", line 8, in <module>
    wsgi = imp.load_source('wsgi', 'passenger_wsgi.py')
  File "/opt/alt/python39/lib64/python3.9/imp.py", line 169, in load_source
    module = _exec(spec, sys.modules[name])
  File "<frozen importlib._bootstrap>", line 613, in _exec
  File "<frozen importlib._bootstrap_external>", line 850, in exec_module
  File "<frozen importlib._bootstrap>", line 228, in _call_with_frames_removed
  File "passenger_wsgi.py", line 8, in <module>
    wsgi = imp.load_source('wsgi', 'passenger_wsgi.py')
  File "/opt/alt/python39/lib64/python3.9/imp.py", line 169, in load_source
    module = _exec(spec, sys.modules[name])
  File "<frozen importlib._bootstrap>", line 613, in _exec
  File "<frozen importlib._bootstrap_external>", line 850, in exec_module
  File "<frozen importlib._bootstrap>", line 228, in _call_with_frames_removed
  File "passenger_wsgi.py", line 8, in <module>
    wsgi = imp.load_source('wsgi', 'passenger_wsgi.py')
  File "/opt/alt/python39/lib64/python3.9/imp.py", line 169, in load_source
    module = _exec(spec, sys.modules[name])
  File "<frozen importlib._bootstrap>", line 613, in _exec
  File "<frozen importlib._bootstrap_external>", line 850, in exec_module
  File "<frozen importlib._bootstrap>", line 228, in _call_with_frames_removed
  File "passenger_wsgi.py", line 8, in <module>
    wsgi = imp.load_source('wsgi', 'passenger_wsgi.py')
  File "/opt/alt/python39/lib64/python3.9/imp.py", line 169, in load_source
    module = _exec(spec, sys.modules[name])
  File "<frozen importlib._bootstrap>", line 613, in _exec
  File "<frozen importlib._bootstrap_external>", line 850, in exec_module
  File "<frozen importlib._bootstrap>", line 228, in _call_with_frames_removed
  File "passenger_wsgi.py", line 8, in <module>
    wsgi = imp.load_source('wsgi', 'passenger_wsgi.py')
  File "/opt/alt/python39/lib64/python3.9/imp.py", line 169, in load_source
    module = _exec(spec, sys.modules[name])
  File "<frozen importlib._bootstrap>", line 613, in _exec
  File "<frozen importlib._bootstrap_external>", line 850, in exec_module
  File "<frozen importlib._bootstrap>", line 228, in _call_with_frames_removed
  File "passenger_wsgi.py", line 8, in <module>
    wsgi = imp.load_source('wsgi', 'passenger_wsgi.py')
  File "/opt/alt/python39/lib64/python3.9/imp.py", line 169, in load_source
    module = _exec(spec, sys.modules[name])
  File "<frozen importlib._bootstrap>", line 613, in _exec
  File "<frozen importlib._bootstrap_external>", line 850, in exec_module
  File "<frozen importlib._bootstrap>", line 228, in _call_with_frames_removed
  File "passenger_wsgi.py", line 8, in <module>
    wsgi = imp.load_source('wsgi', 'passenger_wsgi.py')
  File "/opt/alt/python39/lib64/python3.9/imp.py", line 169, in load_source
    module = _exec(spec, sys.modules[name])
  File "<frozen importlib._bootstrap>", line 613, in _exec
  File "<frozen importlib._bootstrap_external>", line 850, in exec_module
  File "<frozen importlib._bootstrap>", line 228, in _call_with_frames_removed
  File "passenger_wsgi.py", line 8, in <module>
    wsgi = imp.load_source('wsgi', 'passenger_wsgi.py')
  File "/opt/alt/python39/lib64/python3.9/imp.py", line 169, in load_source
    module = _exec(spec, sys.modules[name])
  File "<frozen importlib._bootstrap>", line 613, in _exec
  File "<frozen importlib._bootstrap_external>", line 850, in exec_module
  File "<frozen importlib._bootstrap>", line 228, in _call_with_frames_removed
  File "passenger_wsgi.py", line 8, in <module>
    wsgi = imp.load_source('wsgi', 'passenger_wsgi.py')
  File "/opt/alt/python39/lib64/python3.9/imp.py", line 169, in load_source
    module = _exec(spec, sys.modules[name])
  File "<frozen importlib._bootstrap>", line 613, in _exec
  File "<frozen importlib._bootstrap_external>", line 850, in exec_module
  File "<frozen importlib._bootstrap>", line 228, in _call_with_frames_removed
  File "passenger_wsgi.py", line 8, in <module>
    wsgi = imp.load_source('wsgi', 'passenger_wsgi.py')
  File "/opt/alt/python39/lib64/python3.9/imp.py", line 169, in load_source
    module = _exec(spec, sys.modules[name])
  File "<frozen importlib._bootstrap>", line 613, in _exec
  File "<frozen importlib._bootstrap_external>", line 850, in exec_module
  File "<frozen importlib._bootstrap>", line 228, in _call_with_frames_removed
  File "passenger_wsgi.py", line 8, in <module>
    wsgi = imp.load_source('wsgi', 'passenger_wsgi.py')
  File "/opt/alt/python39/lib64/python3.9/imp.py", line 169, in load_source
    module = _exec(spec, sys.modules[name])
  File "<frozen importlib._bootstrap>", line 613, in _exec
  File "<frozen importlib._bootstrap_external>", line 850, in exec_module
  File "<frozen importlib._bootstrap>", line 228, in _call_with_frames_removed
  File "passenger_wsgi.py", line 8, in <module>
    wsgi = imp.load_source('wsgi', 'passenger_wsgi.py')
  File "/opt/alt/python39/lib64/python3.9/imp.py", line 169, in load_source
    module = _exec(spec, sys.modules[name])
  File "<frozen importlib._bootstrap>", line 613, in _exec
  File "<frozen importlib._bootstrap_external>", line 850, in exec_module
  File "<frozen importlib._bootstrap>", line 228, in _call_with_frames_removed
  File "passenger_wsgi.py", line 8, in <module>
    wsgi = imp.load_source('wsgi', 'passenger_wsgi.py')
  File "/opt/alt/python39/lib64/python3.9/imp.py", line 169, in load_source
    module = _exec(spec, sys.modules[name])
  File "<frozen importlib._bootstrap>", line 613, in _exec
  File "<frozen importlib._bootstrap_external>", line 850, in exec_module
  File "<frozen importlib._bootstrap>", line 228, in _call_with_frames_removed
  File "passenger_wsgi.py", line 8, in <module>
    wsgi = imp.load_source('wsgi', 'passenger_wsgi.py')
  File "/opt/alt/python39/lib64/python3.9/imp.py", line 169, in load_source
    module = _exec(spec, sys.modules[name])
  File "<frozen importlib._bootstrap>", line 613, in _exec
  File "<frozen importlib._bootstrap_external>", line 850, in exec_module
  File "<frozen importlib._bootstrap>", line 228, in _call_with_frames_removed
  File "passenger_wsgi.py", line 8, in <module>
    wsgi = imp.load_source('wsgi', 'passenger_wsgi.py')
  File "/opt/alt/python39/lib64/python3.9/imp.py", line 169, in load_source
    module = _exec(spec, sys.modules[name])
  File "<frozen importlib._bootstrap>", line 613, in _exec
  File "<frozen importlib._bootstrap_external>", line 850, in exec_module
  File "<frozen importlib._bootstrap>", line 228, in _call_with_frames_removed
  File "passenger_wsgi.py", line 8, in <module>
    wsgi = imp.load_source('wsgi', 'passenger_wsgi.py')
  File "/opt/alt/python39/lib64/python3.9/imp.py", line 169, in load_source
    module = _exec(spec, sys.modules[name])
  File "<frozen importlib._bootstrap>", line 613, in _exec
  File "<frozen importlib._bootstrap_external>", line 850, in exec_module
  File "<frozen importlib._bootstrap>", line 228, in _call_with_frames_removed
  File "passenger_wsgi.py", line 8, in <module>
    wsgi = imp.load_source('wsgi', 'passenger_wsgi.py')
  File "/opt/alt/python39/lib64/python3.9/imp.py", line 169, in load_source
    module = _exec(spec, sys.modules[name])
  File "<frozen importlib._bootstrap>", line 613, in _exec
  File "<frozen importlib._bootstrap_external>", line 850, in exec_module
  File "<frozen importlib._bootstrap>", line 228, in _call_with_frames_removed
  File "passenger_wsgi.py", line 8, in <module>
    wsgi = imp.load_source('wsgi', 'passenger_wsgi.py')
  File "/opt/alt/python39/lib64/python3.9/imp.py", line 169, in load_source
    module = _exec(spec, sys.modules[name])
  File "<frozen importlib._bootstrap>", line 613, in _exec
  File "<frozen importlib._bootstrap_external>", line 850, in exec_module
  File "<frozen importlib._bootstrap>", line 228, in _call_with_frames_removed
  File "passenger_wsgi.py", line 8, in <module>
    wsgi = imp.load_source('wsgi', 'passenger_wsgi.py')
  File "/opt/alt/python39/lib64/python3.9/imp.py", line 169, in load_source
    module = _exec(spec, sys.modules[name])
  File "<frozen importlib._bootstrap>", line 613, in _exec
  File "<frozen importlib._bootstrap_external>", line 850, in exec_module
  File "<frozen importlib._bootstrap>", line 228, in _call_with_frames_removed
  File "passenger_wsgi.py", line 8, in <module>
    wsgi = imp.load_source('wsgi', 'passenger_wsgi.py')
  File "/opt/alt/python39/lib64/python3.9/imp.py", line 169, in load_source
    module = _exec(spec, sys.modules[name])
  File "<frozen importlib._bootstrap>", line 613, in _exec
  File "<frozen importlib._bootstrap_external>", line 850, in exec_module
  File "<frozen importlib._bootstrap>", line 228, in _call_with_frames_removed
  File "passenger_wsgi.py", line 8, in <module>
    wsgi = imp.load_source('wsgi', 'passenger_wsgi.py')
  File "/opt/alt/python39/lib64/python3.9/imp.py", line 169, in load_source
    module = _exec(spec, sys.modules[name])
  File "<frozen importlib._bootstrap>", line 613, in _exec
  File "<frozen importlib._bootstrap_external>", line 850, in exec_module
  File "<frozen importlib._bootstrap>", line 228, in _call_with_frames_removed
  File "passenger_wsgi.py", line 8, in <module>
    wsgi = imp.load_source('wsgi', 'passenger_wsgi.py')
  File "/opt/alt/python39/lib64/python3.9/imp.py", line 169, in load_source
    module = _exec(spec, sys.modules[name])
  File "<frozen importlib._bootstrap>", line 613, in _exec
  File "<frozen importlib._bootstrap_external>", line 850, in exec_module
  File "<frozen importlib._bootstrap>", line 228, in _call_with_frames_removed
  File "passenger_wsgi.py", line 8, in <module>
    wsgi = imp.load_source('wsgi', 'passenger_wsgi.py')
  File "/opt/alt/python39/lib64/python3.9/imp.py", line 169, in load_source
    module = _exec(spec, sys.modules[name])
  File "<frozen importlib._bootstrap>", line 613, in _exec
  File "<frozen importlib._bootstrap_external>", line 850, in exec_module
  File "<frozen importlib._bootstrap>", line 228, in _call_with_frames_removed
  File "passenger_wsgi.py", line 8, in <module>
    wsgi = imp.load_source('wsgi', 'passenger_wsgi.py')
  File "/opt/alt/python39/lib64/python3.9/imp.py", line 169, in load_source
    module = _exec(spec, sys.modules[name])
  File "<frozen importlib._bootstrap>", line 613, in _exec
  File "<frozen importlib._bootstrap_external>", line 850, in exec_module
  File "<frozen importlib._bootstrap>", line 228, in _call_with_frames_removed
  File "passenger_wsgi.py", line 8, in <module>
    wsgi = imp.load_source('wsgi', 'passenger_wsgi.py')
  File "/opt/alt/python39/lib64/python3.9/imp.py", line 169, in load_source
    module = _exec(spec, sys.modules[name])
  File "<frozen importlib._bootstrap>", line 613, in _exec
  File "<frozen importlib._bootstrap_external>", line 850, in exec_module
  File "<frozen importlib._bootstrap>", line 228, in _call_with_frames_removed
  File "passenger_wsgi.py", line 8, in <module>
    wsgi = imp.load_source('wsgi', 'passenger_wsgi.py')
  File "/opt/alt/python39/lib64/python3.9/imp.py", line 169, in load_source
    module = _exec(spec, sys.modules[name])
  File "<frozen importlib._bootstrap>", line 613, in _exec
  File "<frozen importlib._bootstrap_external>", line 850, in exec_module
  File "<frozen importlib._bootstrap>", line 228, in _call_with_frames_removed
  File "passenger_wsgi.py", line 8, in <module>
    wsgi = imp.load_source('wsgi', 'passenger_wsgi.py')
  File "/opt/alt/python39/lib64/python3.9/imp.py", line 169, in load_source
    module = _exec(spec, sys.modules[name])
  File "<frozen importlib._bootstrap>", line 613, in _exec
  File "<frozen importlib._bootstrap_external>", line 850, in exec_module
  File "<frozen importlib._bootstrap>", line 228, in _call_with_frames_removed
  File "passenger_wsgi.py", line 8, in <module>
    wsgi = imp.load_source('wsgi', 'passenger_wsgi.py')
  File "/opt/alt/python39/lib64/python3.9/imp.py", line 169, in load_source
    module = _exec(spec, sys.modules[name])
  File "<frozen importlib._bootstrap>", line 613, in _exec
  File "<frozen importlib._bootstrap_external>", line 850, in exec_module
  File "<frozen importlib._bootstrap>", line 228, in _call_with_frames_removed
  File "passenger_wsgi.py", line 8, in <module>
    wsgi = imp.load_source('wsgi', 'passenger_wsgi.py')
  File "/opt/alt/python39/lib64/python3.9/imp.py", line 169, in load_source
    module = _exec(spec, sys.modules[name])
  File "<frozen importlib._bootstrap>", line 613, in _exec
  File "<frozen importlib._bootstrap_external>", line 850, in exec_module
  File "<frozen importlib._bootstrap>", line 228, in _call_with_frames_removed
  File "passenger_wsgi.py", line 8, in <module>
    wsgi = imp.load_source('wsgi', 'passenger_wsgi.py')
  File "/opt/alt/python39/lib64/python3.9/imp.py", line 169, in load_source
    module = _exec(spec, sys.modules[name])
  File "<frozen importlib._bootstrap>", line 613, in _exec
  File "<frozen importlib._bootstrap_external>", line 850, in exec_module
  File "<frozen importlib._bootstrap>", line 228, in _call_with_frames_removed
  File "passenger_wsgi.py", line 8, in <module>
    wsgi = imp.load_source('wsgi', 'passenger_wsgi.py')
  File "/opt/alt/python39/lib64/python3.9/imp.py", line 169, in load_source
    module = _exec(spec, sys.modules[name])
  File "<frozen importlib._bootstrap>", line 613, in _exec
  File "<frozen importlib._bootstrap_external>", line 850, in exec_module
  File "<frozen importlib._bootstrap>", line 228, in _call_with_frames_removed
  File "passenger_wsgi.py", line 8, in <module>
    wsgi = imp.load_source('wsgi', 'passenger_wsgi.py')
  File "/opt/alt/python39/lib64/python3.9/imp.py", line 169, in load_source
    module = _exec(spec, sys.modules[name])
  File "<frozen importlib._bootstrap>", line 613, in _exec
  File "<frozen importlib._bootstrap_external>", line 850, in exec_module
  File "<frozen importlib._bootstrap>", line 228, in _call_with_frames_removed
  File "passenger_wsgi.py", line 8, in <module>
    wsgi = imp.load_source('wsgi', 'passenger_wsgi.py')
  File "/opt/alt/python39/lib64/python3.9/imp.py", line 169, in load_source
    module = _exec(spec, sys.modules[name])
  File "<frozen importlib._bootstrap>", line 613, in _exec
  File "<frozen importlib._bootstrap_external>", line 850, in exec_module
  File "<frozen importlib._bootstrap>", line 228, in _call_with_frames_removed
  File "passenger_wsgi.py", line 8, in <module>
    wsgi = imp.load_source('wsgi', 'passenger_wsgi.py')
  File "/opt/alt/python39/lib64/python3.9/imp.py", line 169, in load_source
    module = _exec(spec, sys.modules[name])
  File "<frozen importlib._bootstrap>", line 613, in _exec
  File "<frozen importlib._bootstrap_external>", line 850, in exec_module
  File "<frozen importlib._bootstrap>", line 228, in _call_with_frames_removed
  File "passenger_wsgi.py", line 8, in <module>
    wsgi = imp.load_source('wsgi', 'passenger_wsgi.py')
  File "/opt/alt/python39/lib64/python3.9/imp.py", line 169, in load_source
    module = _exec(spec, sys.modules[name])
  File "<frozen importlib._bootstrap>", line 613, in _exec
  File "<frozen importlib._bootstrap_external>", line 850, in exec_module
  File "<frozen importlib._bootstrap>", line 228, in _call_with_frames_removed
  File "passenger_wsgi.py", line 8, in <module>
    wsgi = imp.load_source('wsgi', 'passenger_wsgi.py')
  File "/opt/alt/python39/lib64/python3.9/imp.py", line 169, in load_source
    module = _exec(spec, sys.modules[name])
  File "<frozen importlib._bootstrap>", line 613, in _exec
  File "<frozen importlib._bootstrap_external>", line 850, in exec_module
  File "<frozen importlib._bootstrap>", line 228, in _call_with_frames_removed
  File "passenger_wsgi.py", line 8, in <module>
    wsgi = imp.load_source('wsgi', 'passenger_wsgi.py')
  File "/opt/alt/python39/lib64/python3.9/imp.py", line 169, in load_source
    module = _exec(spec, sys.modules[name])
  File "<frozen importlib._bootstrap>", line 613, in _exec
  File "<frozen importlib._bootstrap_external>", line 850, in exec_module
  File "<frozen importlib._bootstrap>", line 228, in _call_with_frames_removed
  File "passenger_wsgi.py", line 8, in <module>
    wsgi = imp.load_source('wsgi', 'passenger_wsgi.py')
  File "/opt/alt/python39/lib64/python3.9/imp.py", line 169, in load_source
    module = _exec(spec, sys.modules[name])
  File "<frozen importlib._bootstrap>", line 613, in _exec
  File "<frozen importlib._bootstrap_external>", line 850, in exec_module
  File "<frozen importlib._bootstrap>", line 228, in _call_with_frames_removed
  File "passenger_wsgi.py", line 8, in <module>
    wsgi = imp.load_source('wsgi', 'passenger_wsgi.py')
  File "/opt/alt/python39/lib64/python3.9/imp.py", line 169, in load_source
    module = _exec(spec, sys.modules[name])
  File "<frozen importlib._bootstrap>", line 613, in _exec
  File "<frozen importlib._bootstrap_external>", line 850, in exec_module
  File "<frozen importlib._bootstrap>", line 228, in _call_with_frames_removed
  File "passenger_wsgi.py", line 8, in <module>
    wsgi = imp.load_source('wsgi', 'passenger_wsgi.py')
  File "/opt/alt/python39/lib64/python3.9/imp.py", line 169, in load_source
    module = _exec(spec, sys.modules[name])
  File "<frozen importlib._bootstrap>", line 613, in _exec
  File "<frozen importlib._bootstrap_external>", line 850, in exec_module
  File "<frozen importlib._bootstrap>", line 228, in _call_with_frames_removed
  File "passenger_wsgi.py", line 8, in <module>
    wsgi = imp.load_source('wsgi', 'passenger_wsgi.py')
  File "/opt/alt/python39/lib64/python3.9/imp.py", line 169, in load_source
    module = _exec(spec, sys.modules[name])
  File "<frozen importlib._bootstrap>", line 613, in _exec
  File "<frozen importlib._bootstrap_external>", line 850, in exec_module
  File "<frozen importlib._bootstrap>", line 228, in _call_with_frames_removed
  File "passenger_wsgi.py", line 8, in <module>
    wsgi = imp.load_source('wsgi', 'passenger_wsgi.py')
  File "/opt/alt/python39/lib64/python3.9/imp.py", line 169, in load_source
    module = _exec(spec, sys.modules[name])
  File "<frozen importlib._bootstrap>", line 613, in _exec
  File "<frozen importlib._bootstrap_external>", line 850, in exec_module
  File "<frozen importlib._bootstrap>", line 228, in _call_with_frames_removed
  File "passenger_wsgi.py", line 8, in <module>
    wsgi = imp.load_source('wsgi', 'passenger_wsgi.py')
  File "/opt/alt/python39/lib64/python3.9/imp.py", line 169, in load_source
    module = _exec(spec, sys.modules[name])
  File "<frozen importlib._bootstrap>", line 613, in _exec
  File "<frozen importlib._bootstrap_external>", line 850, in exec_module
  File "<frozen importlib._bootstrap>", line 228, in _call_with_frames_removed
  File "passenger_wsgi.py", line 8, in <module>
    wsgi = imp.load_source('wsgi', 'passenger_wsgi.py')
  File "/opt/alt/python39/lib64/python3.9/imp.py", line 169, in load_source
    module = _exec(spec, sys.modules[name])
  File "<frozen importlib._bootstrap>", line 613, in _exec
  File "<frozen importlib._bootstrap_external>", line 850, in exec_module
  File "<frozen importlib._bootstrap>", line 228, in _call_with_frames_removed
  File "passenger_wsgi.py", line 8, in <module>
    wsgi = imp.load_source('wsgi', 'passenger_wsgi.py')
  File "/opt/alt/python39/lib64/python3.9/imp.py", line 169, in load_source
    module = _exec(spec, sys.modules[name])
  File "<frozen importlib._bootstrap>", line 613, in _exec
  File "<frozen importlib._bootstrap_external>", line 850, in exec_module
  File "<frozen importlib._bootstrap>", line 228, in _call_with_frames_removed
  File "passenger_wsgi.py", line 8, in <module>
    wsgi = imp.load_source('wsgi', 'passenger_wsgi.py')
  File "/opt/alt/python39/lib64/python3.9/imp.py", line 169, in load_source
    module = _exec(spec, sys.modules[name])
  File "<frozen importlib._bootstrap>", line 613, in _exec
  File "<frozen importlib._bootstrap_external>", line 850, in exec_module
  File "<frozen importlib._bootstrap>", line 228, in _call_with_frames_removed
  File "passenger_wsgi.py", line 8, in <module>
    wsgi = imp.load_source('wsgi', 'passenger_wsgi.py')
  File "/opt/alt/python39/lib64/python3.9/imp.py", line 169, in load_source
    module = _exec(spec, sys.modules[name])
  File "<frozen importlib._bootstrap>", line 613, in _exec
  File "<frozen importlib._bootstrap_external>", line 850, in exec_module
  File "<frozen importlib._bootstrap>", line 228, in _call_with_frames_removed
  File "passenger_wsgi.py", line 8, in <module>
    wsgi = imp.load_source('wsgi', 'passenger_wsgi.py')
  File "/opt/alt/python39/lib64/python3.9/imp.py", line 169, in load_source
    module = _exec(spec, sys.modules[name])
  File "<frozen importlib._bootstrap>", line 613, in _exec
  File "<frozen importlib._bootstrap_external>", line 850, in exec_module
  File "<frozen importlib._bootstrap>", line 228, in _call_with_frames_removed
  File "passenger_wsgi.py", line 8, in <module>
    wsgi = imp.load_source('wsgi', 'passenger_wsgi.py')
  File "/opt/alt/python39/lib64/python3.9/imp.py", line 169, in load_source
    module = _exec(spec, sys.modules[name])
  File "<frozen importlib._bootstrap>", line 613, in _exec
  File "<frozen importlib._bootstrap_external>", line 850, in exec_module
  File "<frozen importlib._bootstrap>", line 228, in _call_with_frames_removed
  File "passenger_wsgi.py", line 8, in <module>
    wsgi = imp.load_source('wsgi', 'passenger_wsgi.py')
  File "/opt/alt/python39/lib64/python3.9/imp.py", line 169, in load_source
    module = _exec(spec, sys.modules[name])
  File "<frozen importlib._bootstrap>", line 613, in _exec
  File "<frozen importlib._bootstrap_external>", line 850, in exec_module
  File "<frozen importlib._bootstrap>", line 228, in _call_with_frames_removed
  File "passenger_wsgi.py", line 8, in <module>
    wsgi = imp.load_source('wsgi', 'passenger_wsgi.py')
  File "/opt/alt/python39/lib64/python3.9/imp.py", line 169, in load_source
    module = _exec(spec, sys.modules[name])
  File "<frozen importlib._bootstrap>", line 613, in _exec
  File "<frozen importlib._bootstrap_external>", line 850, in exec_module
  File "<frozen importlib._bootstrap>", line 228, in _call_with_frames_removed
  File "passenger_wsgi.py", line 8, in <module>
    wsgi = imp.load_source('wsgi', 'passenger_wsgi.py')
  File "/opt/alt/python39/lib64/python3.9/imp.py", line 169, in load_source
    module = _exec(spec, sys.modules[name])
  File "<frozen importlib._bootstrap>", line 613, in _exec
  File "<frozen importlib._bootstrap_external>", line 850, in exec_module
  File "<frozen importlib._bootstrap>", line 228, in _call_with_frames_removed
  File "passenger_wsgi.py", line 8, in <module>
    wsgi = imp.load_source('wsgi', 'passenger_wsgi.py')
  File "/opt/alt/python39/lib64/python3.9/imp.py", line 169, in load_source
    module = _exec(spec, sys.modules[name])
  File "<frozen importlib._bootstrap>", line 613, in _exec
  File "<frozen importlib._bootstrap_external>", line 850, in exec_module
  File "<frozen importlib._bootstrap>", line 228, in _call_with_frames_removed
  File "passenger_wsgi.py", line 8, in <module>
    wsgi = imp.load_source('wsgi', 'passenger_wsgi.py')
  File "/opt/alt/python39/lib64/python3.9/imp.py", line 169, in load_source
    module = _exec(spec, sys.modules[name])
  File "<frozen importlib._bootstrap>", line 613, in _exec
  File "<frozen importlib._bootstrap_external>", line 850, in exec_module
  File "<frozen importlib._bootstrap>", line 228, in _call_with_frames_removed
  File "passenger_wsgi.py", line 8, in <module>
    wsgi = imp.load_source('wsgi', 'passenger_wsgi.py')
  File "/opt/alt/python39/lib64/python3.9/imp.py", line 169, in load_source
    module = _exec(spec, sys.modules[name])
  File "<frozen importlib._bootstrap>", line 613, in _exec
  File "<frozen importlib._bootstrap_external>", line 850, in exec_module
  File "<frozen importlib._bootstrap>", line 228, in _call_with_frames_removed
  File "passenger_wsgi.py", line 8, in <module>
    wsgi = imp.load_source('wsgi', 'passenger_wsgi.py')
  File "/opt/alt/python39/lib64/python3.9/imp.py", line 169, in load_source
    module = _exec(spec, sys.modules[name])
  File "<frozen importlib._bootstrap>", line 613, in _exec
  File "<frozen importlib._bootstrap_external>", line 850, in exec_module
  File "<frozen importlib._bootstrap>", line 228, in _call_with_frames_removed
  File "passenger_wsgi.py", line 8, in <module>
    wsgi = imp.load_source('wsgi', 'passenger_wsgi.py')
  File "/opt/alt/python39/lib64/python3.9/imp.py", line 169, in load_source
    module = _exec(spec, sys.modules[name])
  File "<frozen importlib._bootstrap>", line 613, in _exec
  File "<frozen importlib._bootstrap_external>", line 850, in exec_module
  File "<frozen importlib._bootstrap>", line 228, in _call_with_frames_removed
  File "passenger_wsgi.py", line 8, in <module>
    wsgi = imp.load_source('wsgi', 'passenger_wsgi.py')
  File "/opt/alt/python39/lib64/python3.9/imp.py", line 169, in load_source
    module = _exec(spec, sys.modules[name])
  File "<frozen importlib._bootstrap>", line 613, in _exec
  File "<frozen importlib._bootstrap_external>", line 850, in exec_module
  File "<frozen importlib._bootstrap>", line 228, in _call_with_frames_removed
  File "passenger_wsgi.py", line 8, in <module>
    wsgi = imp.load_source('wsgi', 'passenger_wsgi.py')
  File "/opt/alt/python39/lib64/python3.9/imp.py", line 169, in load_source
    module = _exec(spec, sys.modules[name])
  File "<frozen importlib._bootstrap>", line 613, in _exec
  File "<frozen importlib._bootstrap_external>", line 850, in exec_module
  File "<frozen importlib._bootstrap>", line 228, in _call_with_frames_removed
  File "passenger_wsgi.py", line 8, in <module>
    wsgi = imp.load_source('wsgi', 'passenger_wsgi.py')
  File "/opt/alt/python39/lib64/python3.9/imp.py", line 169, in load_source
    module = _exec(spec, sys.modules[name])
  File "<frozen importlib._bootstrap>", line 613, in _exec
  File "<frozen importlib._bootstrap_external>", line 850, in exec_module
  File "<frozen importlib._bootstrap>", line 228, in _call_with_frames_removed
  File "passenger_wsgi.py", line 8, in <module>
    wsgi = imp.load_source('wsgi', 'passenger_wsgi.py')
  File "/opt/alt/python39/lib64/python3.9/imp.py", line 169, in load_source
    module = _exec(spec, sys.modules[name])
  File "<frozen importlib._bootstrap>", line 613, in _exec
  File "<frozen importlib._bootstrap_external>", line 850, in exec_module
  File "<frozen importlib._bootstrap>", line 228, in _call_with_frames_removed
  File "passenger_wsgi.py", line 8, in <module>
    wsgi = imp.load_source('wsgi', 'passenger_wsgi.py')
  File "/opt/alt/python39/lib64/python3.9/imp.py", line 169, in load_source
    module = _exec(spec, sys.modules[name])
  File "<frozen importlib._bootstrap>", line 613, in _exec
  File "<frozen importlib._bootstrap_external>", line 850, in exec_module
  File "<frozen importlib._bootstrap>", line 228, in _call_with_frames_removed
  File "passenger_wsgi.py", line 8, in <module>
    wsgi = imp.load_source('wsgi', 'passenger_wsgi.py')
  File "/opt/alt/python39/lib64/python3.9/imp.py", line 169, in load_source
    module = _exec(spec, sys.modules[name])
  File "<frozen importlib._bootstrap>", line 613, in _exec
  File "<frozen importlib._bootstrap_external>", line 850, in exec_module
  File "<frozen importlib._bootstrap>", line 228, in _call_with_frames_removed
  File "passenger_wsgi.py", line 8, in <module>
    wsgi = imp.load_source('wsgi', 'passenger_wsgi.py')
  File "/opt/alt/python39/lib64/python3.9/imp.py", line 169, in load_source
    module = _exec(spec, sys.modules[name])
  File "<frozen importlib._bootstrap>", line 613, in _exec
  File "<frozen importlib._bootstrap_external>", line 850, in exec_module
  File "<frozen importlib._bootstrap>", line 228, in _call_with_frames_removed
  File "passenger_wsgi.py", line 8, in <module>
    wsgi = imp.load_source('wsgi', 'passenger_wsgi.py')
  File "/opt/alt/python39/lib64/python3.9/imp.py", line 169, in load_source
    module = _exec(spec, sys.modules[name])
  File "<frozen importlib._bootstrap>", line 613, in _exec
  File "<frozen importlib._bootstrap_external>", line 850, in exec_module
  File "<frozen importlib._bootstrap>", line 228, in _call_with_frames_removed
  File "passenger_wsgi.py", line 8, in <module>
    wsgi = imp.load_source('wsgi', 'passenger_wsgi.py')
  File "/opt/alt/python39/lib64/python3.9/imp.py", line 169, in load_source
    module = _exec(spec, sys.modules[name])
  File "<frozen importlib._bootstrap>", line 613, in _exec
  File "<frozen importlib._bootstrap_external>", line 850, in exec_module
  File "<frozen importlib._bootstrap>", line 228, in _call_with_frames_removed
  File "passenger_wsgi.py", line 8, in <module>
    wsgi = imp.load_source('wsgi', 'passenger_wsgi.py')
  File "/opt/alt/python39/lib64/python3.9/imp.py", line 169, in load_source
    module = _exec(spec, sys.modules[name])
  File "<frozen importlib._bootstrap>", line 613, in _exec
  File "<frozen importlib._bootstrap_external>", line 850, in exec_module
  File "<frozen importlib._bootstrap>", line 228, in _call_with_frames_removed
  File "passenger_wsgi.py", line 8, in <module>
    wsgi = imp.load_source('wsgi', 'passenger_wsgi.py')
  File "/opt/alt/python39/lib64/python3.9/imp.py", line 169, in load_source
    module = _exec(spec, sys.modules[name])
  File "<frozen importlib._bootstrap>", line 613, in _exec
  File "<frozen importlib._bootstrap_external>", line 850, in exec_module
  File "<frozen importlib._bootstrap>", line 228, in _call_with_frames_removed
  File "passenger_wsgi.py", line 8, in <module>
    wsgi = imp.load_source('wsgi', 'passenger_wsgi.py')
  File "/opt/alt/python39/lib64/python3.9/imp.py", line 169, in load_source
    module = _exec(spec, sys.modules[name])
  File "<frozen importlib._bootstrap>", line 613, in _exec
  File "<frozen importlib._bootstrap_external>", line 850, in exec_module
  File "<frozen importlib._bootstrap>", line 228, in _call_with_frames_removed
  File "passenger_wsgi.py", line 8, in <module>
    wsgi = imp.load_source('wsgi', 'passenger_wsgi.py')
  File "/opt/alt/python39/lib64/python3.9/imp.py", line 169, in load_source
    module = _exec(spec, sys.modules[name])
  File "<frozen importlib._bootstrap>", line 613, in _exec
  File "<frozen importlib._bootstrap_external>", line 850, in exec_module
  File "<frozen importlib._bootstrap>", line 228, in _call_with_frames_removed
  File "passenger_wsgi.py", line 8, in <module>
    wsgi = imp.load_source('wsgi', 'passenger_wsgi.py')
  File "/opt/alt/python39/lib64/python3.9/imp.py", line 169, in load_source
    module = _exec(spec, sys.modules[name])
  File "<frozen importlib._bootstrap>", line 613, in _exec
  File "<frozen importlib._bootstrap_external>", line 850, in exec_module
  File "<frozen importlib._bootstrap>", line 228, in _call_with_frames_removed
  File "passenger_wsgi.py", line 8, in <module>
    wsgi = imp.load_source('wsgi', 'passenger_wsgi.py')
  File "/opt/alt/python39/lib64/python3.9/imp.py", line 169, in load_source
    module = _exec(spec, sys.modules[name])
  File "<frozen importlib._bootstrap>", line 613, in _exec
  File "<frozen importlib._bootstrap_external>", line 850, in exec_module
  File "<frozen importlib._bootstrap>", line 228, in _call_with_frames_removed
  File "passenger_wsgi.py", line 8, in <module>
    wsgi = imp.load_source('wsgi', 'passenger_wsgi.py')
  File "/opt/alt/python39/lib64/python3.9/imp.py", line 169, in load_source
    module = _exec(spec, sys.modules[name])
  File "<frozen importlib._bootstrap>", line 613, in _exec
  File "<frozen importlib._bootstrap_external>", line 850, in exec_module
  File "<frozen importlib._bootstrap>", line 228, in _call_with_frames_removed
  File "passenger_wsgi.py", line 8, in <module>
    wsgi = imp.load_source('wsgi', 'passenger_wsgi.py')
  File "/opt/alt/python39/lib64/python3.9/imp.py", line 169, in load_source
    module = _exec(spec, sys.modules[name])
  File "<frozen importlib._bootstrap>", line 613, in _exec
  File "<frozen importlib._bootstrap_external>", line 850, in exec_module
  File "<frozen importlib._bootstrap>", line 228, in _call_with_frames_removed
  File "passenger_wsgi.py", line 8, in <module>
    wsgi = imp.load_source('wsgi', 'passenger_wsgi.py')
  File "/opt/alt/python39/lib64/python3.9/imp.py", line 169, in load_source
    module = _exec(spec, sys.modules[name])
  File "<frozen importlib._bootstrap>", line 613, in _exec
  File "<frozen importlib._bootstrap_external>", line 850, in exec_module
  File "<frozen importlib._bootstrap>", line 228, in _call_with_frames_removed
  File "passenger_wsgi.py", line 8, in <module>
    wsgi = imp.load_source('wsgi', 'passenger_wsgi.py')
  File "/opt/alt/python39/lib64/python3.9/imp.py", line 169, in load_source
    module = _exec(spec, sys.modules[name])
  File "<frozen importlib._bootstrap>", line 613, in _exec
  File "<frozen importlib._bootstrap_external>", line 850, in exec_module
  File "<frozen importlib._bootstrap>", line 228, in _call_with_frames_removed
  File "passenger_wsgi.py", line 8, in <module>
    wsgi = imp.load_source('wsgi', 'passenger_wsgi.py')
  File "/opt/alt/python39/lib64/python3.9/imp.py", line 169, in load_source
    module = _exec(spec, sys.modules[name])
  File "<frozen importlib._bootstrap>", line 613, in _exec
  File "<frozen importlib._bootstrap_external>", line 850, in exec_module
  File "<frozen importlib._bootstrap>", line 228, in _call_with_frames_removed
  File "passenger_wsgi.py", line 8, in <module>
    wsgi = imp.load_source('wsgi', 'passenger_wsgi.py')
  File "/opt/alt/python39/lib64/python3.9/imp.py", line 169, in load_source
    module = _exec(spec, sys.modules[name])
  File "<frozen importlib._bootstrap>", line 613, in _exec
  File "<frozen importlib._bootstrap_external>", line 850, in exec_module
  File "<frozen importlib._bootstrap>", line 228, in _call_with_frames_removed
  File "passenger_wsgi.py", line 8, in <module>
    wsgi = imp.load_source('wsgi', 'passenger_wsgi.py')
  File "/opt/alt/python39/lib64/python3.9/imp.py", line 169, in load_source
    module = _exec(spec, sys.modules[name])
  File "<frozen importlib._bootstrap>", line 613, in _exec
  File "<frozen importlib._bootstrap_external>", line 850, in exec_module
  File "<frozen importlib._bootstrap>", line 228, in _call_with_frames_removed
  File "passenger_wsgi.py", line 8, in <module>
    wsgi = imp.load_source('wsgi', 'passenger_wsgi.py')
  File "/opt/alt/python39/lib64/python3.9/imp.py", line 169, in load_source
    module = _exec(spec, sys.modules[name])
  File "<frozen importlib._bootstrap>", line 613, in _exec
  File "<frozen importlib._bootstrap_external>", line 850, in exec_module
  File "<frozen importlib._bootstrap>", line 228, in _call_with_frames_removed
  File "passenger_wsgi.py", line 8, in <module>
    wsgi = imp.load_source('wsgi', 'passenger_wsgi.py')
  File "/opt/alt/python39/lib64/python3.9/imp.py", line 169, in load_source
    module = _exec(spec, sys.modules[name])
  File "<frozen importlib._bootstrap>", line 613, in _exec
  File "<frozen importlib._bootstrap_external>", line 850, in exec_module
  File "<frozen importlib._bootstrap>", line 228, in _call_with_frames_removed
  File "passenger_wsgi.py", line 8, in <module>
    wsgi = imp.load_source('wsgi', 'passenger_wsgi.py')
  File "/opt/alt/python39/lib64/python3.9/imp.py", line 169, in load_source
    module = _exec(spec, sys.modules[name])
  File "<frozen importlib._bootstrap>", line 613, in _exec
  File "<frozen importlib._bootstrap_external>", line 850, in exec_module
  File "<frozen importlib._bootstrap>", line 228, in _call_with_frames_removed
  File "passenger_wsgi.py", line 8, in <module>
    wsgi = imp.load_source('wsgi', 'passenger_wsgi.py')
  File "/opt/alt/python39/lib64/python3.9/imp.py", line 169, in load_source
    module = _exec(spec, sys.modules[name])
  File "<frozen importlib._bootstrap>", line 613, in _exec
  File "<frozen importlib._bootstrap_external>", line 850, in exec_module
  File "<frozen importlib._bootstrap>", line 228, in _call_with_frames_removed
  File "passenger_wsgi.py", line 8, in <module>
    wsgi = imp.load_source('wsgi', 'passenger_wsgi.py')
  File "/opt/alt/python39/lib64/python3.9/imp.py", line 169, in load_source
    module = _exec(spec, sys.modules[name])
  File "<frozen importlib._bootstrap>", line 613, in _exec
  File "<frozen importlib._bootstrap_external>", line 850, in exec_module
  File "<frozen importlib._bootstrap>", line 228, in _call_with_frames_removed
  File "passenger_wsgi.py", line 8, in <module>
    wsgi = imp.load_source('wsgi', 'passenger_wsgi.py')
  File "/opt/alt/python39/lib64/python3.9/imp.py", line 169, in load_source
    module = _exec(spec, sys.modules[name])
  File "<frozen importlib._bootstrap>", line 613, in _exec
  File "<frozen importlib._bootstrap_external>", line 850, in exec_module
  File "<frozen importlib._bootstrap>", line 228, in _call_with_frames_removed
  File "passenger_wsgi.py", line 8, in <module>
    wsgi = imp.load_source('wsgi', 'passenger_wsgi.py')
  File "/opt/alt/python39/lib64/python3.9/imp.py", line 169, in load_source
    module = _exec(spec, sys.modules[name])
  File "<frozen importlib._bootstrap>", line 613, in _exec
  File "<frozen importlib._bootstrap_external>", line 850, in exec_module
  File "<frozen importlib._bootstrap>", line 228, in _call_with_frames_removed
  File "passenger_wsgi.py", line 8, in <module>
    wsgi = imp.load_source('wsgi', 'passenger_wsgi.py')
  File "/opt/alt/python39/lib64/python3.9/imp.py", line 169, in load_source
    module = _exec(spec, sys.modules[name])
  File "<frozen importlib._bootstrap>", line 613, in _exec
  File "<frozen importlib._bootstrap_external>", line 850, in exec_module
  File "<frozen importlib._bootstrap>", line 228, in _call_with_frames_removed
  File "passenger_wsgi.py", line 8, in <module>
    wsgi = imp.load_source('wsgi', 'passenger_wsgi.py')
  File "/opt/alt/python39/lib64/python3.9/imp.py", line 169, in load_source
    module = _exec(spec, sys.modules[name])
  File "<frozen importlib._bootstrap>", line 613, in _exec
  File "<frozen importlib._bootstrap_external>", line 850, in exec_module
  File "<frozen importlib._bootstrap>", line 228, in _call_with_frames_removed
  File "passenger_wsgi.py", line 8, in <module>
    wsgi = imp.load_source('wsgi', 'passenger_wsgi.py')
  File "/opt/alt/python39/lib64/python3.9/imp.py", line 169, in load_source
    module = _exec(spec, sys.modules[name])
  File "<frozen importlib._bootstrap>", line 613, in _exec
  File "<frozen importlib._bootstrap_external>", line 850, in exec_module
  File "<frozen importlib._bootstrap>", line 228, in _call_with_frames_removed
  File "passenger_wsgi.py", line 8, in <module>
    wsgi = imp.load_source('wsgi', 'passenger_wsgi.py')
  File "/opt/alt/python39/lib64/python3.9/imp.py", line 169, in load_source
    module = _exec(spec, sys.modules[name])
  File "<frozen importlib._bootstrap>", line 613, in _exec
  File "<frozen importlib._bootstrap_external>", line 850, in exec_module
  File "<frozen importlib._bootstrap>", line 228, in _call_with_frames_removed
  File "passenger_wsgi.py", line 8, in <module>
    wsgi = imp.load_source('wsgi', 'passenger_wsgi.py')
  File "/opt/alt/python39/lib64/python3.9/imp.py", line 169, in load_source
    module = _exec(spec, sys.modules[name])
  File "<frozen importlib._bootstrap>", line 613, in _exec
  File "<frozen importlib._bootstrap_external>", line 850, in exec_module
  File "<frozen importlib._bootstrap>", line 228, in _call_with_frames_removed
  File "passenger_wsgi.py", line 8, in <module>
    wsgi = imp.load_source('wsgi', 'passenger_wsgi.py')
  File "/opt/alt/python39/lib64/python3.9/imp.py", line 169, in load_source
    module = _exec(spec, sys.modules[name])
  File "<frozen importlib._bootstrap>", line 613, in _exec
  File "<frozen importlib._bootstrap_external>", line 850, in exec_module
  File "<frozen importlib._bootstrap>", line 228, in _call_with_frames_removed
  File "passenger_wsgi.py", line 8, in <module>
    wsgi = imp.load_source('wsgi', 'passenger_wsgi.py')
  File "/opt/alt/python39/lib64/python3.9/imp.py", line 169, in load_source
    module = _exec(spec, sys.modules[name])
  File "<frozen importlib._bootstrap>", line 613, in _exec
  File "<frozen importlib._bootstrap_external>", line 850, in exec_module
  File "<frozen importlib._bootstrap>", line 228, in _call_with_frames_removed
  File "passenger_wsgi.py", line 8, in <module>
    wsgi = imp.load_source('wsgi', 'passenger_wsgi.py')
  File "/opt/alt/python39/lib64/python3.9/imp.py", line 169, in load_source
    module = _exec(spec, sys.modules[name])
  File "<frozen importlib._bootstrap>", line 613, in _exec
  File "<frozen importlib._bootstrap_external>", line 850, in exec_module
  File "<frozen importlib._bootstrap>", line 228, in _call_with_frames_removed
  File "passenger_wsgi.py", line 8, in <module>
    wsgi = imp.load_source('wsgi', 'passenger_wsgi.py')
  File "/opt/alt/python39/lib64/python3.9/imp.py", line 169, in load_source
    module = _exec(spec, sys.modules[name])
  File "<frozen importlib._bootstrap>", line 613, in _exec
  File "<frozen importlib._bootstrap_external>", line 850, in exec_module
  File "<frozen importlib._bootstrap>", line 228, in _call_with_frames_removed
  File "passenger_wsgi.py", line 8, in <module>
    wsgi = imp.load_source('wsgi', 'passenger_wsgi.py')
  File "/opt/alt/python39/lib64/python3.9/imp.py", line 169, in load_source
    module = _exec(spec, sys.modules[name])
  File "<frozen importlib._bootstrap>", line 613, in _exec
  File "<frozen importlib._bootstrap_external>", line 850, in exec_module
  File "<frozen importlib._bootstrap>", line 228, in _call_with_frames_removed
  File "passenger_wsgi.py", line 8, in <module>
    wsgi = imp.load_source('wsgi', 'passenger_wsgi.py')
  File "/opt/alt/python39/lib64/python3.9/imp.py", line 169, in load_source
    module = _exec(spec, sys.modules[name])
  File "<frozen importlib._bootstrap>", line 613, in _exec
  File "<frozen importlib._bootstrap_external>", line 850, in exec_module
  File "<frozen importlib._bootstrap>", line 228, in _call_with_frames_removed
  File "passenger_wsgi.py", line 8, in <module>
    wsgi = imp.load_source('wsgi', 'passenger_wsgi.py')
  File "/opt/alt/python39/lib64/python3.9/imp.py", line 169, in load_source
    module = _exec(spec, sys.modules[name])
  File "<frozen importlib._bootstrap>", line 613, in _exec
  File "<frozen importlib._bootstrap_external>", line 850, in exec_module
  File "<frozen importlib._bootstrap>", line 228, in _call_with_frames_removed
  File "passenger_wsgi.py", line 8, in <module>
    wsgi = imp.load_source('wsgi', 'passenger_wsgi.py')
  File "/opt/alt/python39/lib64/python3.9/imp.py", line 169, in load_source
    module = _exec(spec, sys.modules[name])
  File "<frozen importlib._bootstrap>", line 613, in _exec
  File "<frozen importlib._bootstrap_external>", line 850, in exec_module
  File "<frozen importlib._bootstrap>", line 228, in _call_with_frames_removed
  File "passenger_wsgi.py", line 8, in <module>
    wsgi = imp.load_source('wsgi', 'passenger_wsgi.py')
  File "/opt/alt/python39/lib64/python3.9/imp.py", line 169, in load_source
    module = _exec(spec, sys.modules[name])
  File "<frozen importlib._bootstrap>", line 613, in _exec
  File "<frozen importlib._bootstrap_external>", line 850, in exec_module
  File "<frozen importlib._bootstrap>", line 228, in _call_with_frames_removed
  File "passenger_wsgi.py", line 8, in <module>
    wsgi = imp.load_source('wsgi', 'passenger_wsgi.py')
  File "/opt/alt/python39/lib64/python3.9/imp.py", line 169, in load_source
    module = _exec(spec, sys.modules[name])
  File "<frozen importlib._bootstrap>", line 613, in _exec
  File "<frozen importlib._bootstrap_external>", line 850, in exec_module
  File "<frozen importlib._bootstrap>", line 228, in _call_with_frames_removed
  File "passenger_wsgi.py", line 8, in <module>
    wsgi = imp.load_source('wsgi', 'passenger_wsgi.py')
  File "/opt/alt/python39/lib64/python3.9/imp.py", line 169, in load_source
    module = _exec(spec, sys.modules[name])
  File "<frozen importlib._bootstrap>", line 613, in _exec
  File "<frozen importlib._bootstrap_external>", line 850, in exec_module
  File "<frozen importlib._bootstrap>", line 228, in _call_with_frames_removed
  File "passenger_wsgi.py", line 8, in <module>
    wsgi = imp.load_source('wsgi', 'passenger_wsgi.py')
  File "/opt/alt/python39/lib64/python3.9/imp.py", line 169, in load_source
    module = _exec(spec, sys.modules[name])
  File "<frozen importlib._bootstrap>", line 613, in _exec
  File "<frozen importlib._bootstrap_external>", line 850, in exec_module
  File "<frozen importlib._bootstrap>", line 228, in _call_with_frames_removed
  File "passenger_wsgi.py", line 8, in <module>
    wsgi = imp.load_source('wsgi', 'passenger_wsgi.py')
  File "/opt/alt/python39/lib64/python3.9/imp.py", line 169, in load_source
    module = _exec(spec, sys.modules[name])
  File "<frozen importlib._bootstrap>", line 613, in _exec
  File "<frozen importlib._bootstrap_external>", line 850, in exec_module
  File "<frozen importlib._bootstrap>", line 228, in _call_with_frames_removed
  File "passenger_wsgi.py", line 8, in <module>
    wsgi = imp.load_source('wsgi', 'passenger_wsgi.py')
  File "/opt/alt/python39/lib64/python3.9/imp.py", line 169, in load_source
    module = _exec(spec, sys.modules[name])
  File "<frozen importlib._bootstrap>", line 613, in _exec
  File "<frozen importlib._bootstrap_external>", line 850, in exec_module
  File "<frozen importlib._bootstrap>", line 228, in _call_with_frames_removed
  File "passenger_wsgi.py", line 8, in <module>
    wsgi = imp.load_source('wsgi', 'passenger_wsgi.py')
  File "/opt/alt/python39/lib64/python3.9/imp.py", line 169, in load_source
    module = _exec(spec, sys.modules[name])
  File "<frozen importlib._bootstrap>", line 613, in _exec
  File "<frozen importlib._bootstrap_external>", line 850, in exec_module
  File "<frozen importlib._bootstrap>", line 228, in _call_with_frames_removed
  File "passenger_wsgi.py", line 8, in <module>
    wsgi = imp.load_source('wsgi', 'passenger_wsgi.py')
  File "/opt/alt/python39/lib64/python3.9/imp.py", line 169, in load_source
    module = _exec(spec, sys.modules[name])
  File "<frozen importlib._bootstrap>", line 613, in _exec
  File "<frozen importlib._bootstrap_external>", line 850, in exec_module
  File "<frozen importlib._bootstrap>", line 228, in _call_with_frames_removed
  File "passenger_wsgi.py", line 8, in <module>
    wsgi = imp.load_source('wsgi', 'passenger_wsgi.py')
  File "/opt/alt/python39/lib64/python3.9/imp.py", line 169, in load_source
    module = _exec(spec, sys.modules[name])
  File "<frozen importlib._bootstrap>", line 606, in _exec
  File "<frozen importlib._bootstrap>", line 550, in _init_module_attrs
  File "<frozen importlib._bootstrap>", line 391, in cached
  File "<frozen importlib._bootstrap_external>", line 494, in _get_cached
  File "<frozen importlib._bootstrap_external>", line 387, in cache_from_source
  File "<frozen importlib._bootstrap_external>", line 129, in _path_split
RecursionError: maximum recursion depth exceeded
Traceback (most recent call last):
  File "/home/eaglcqjv/public_html/syscare/passenger_wsgi.py", line 8, in <module>
    wsgi = imp.load_source('wsgi', 'passenger_wsgi.py')
  File "/opt/alt/python39/lib64/python3.9/imp.py", line 171, in load_source
    module = _load(spec)
  File "<frozen importlib._bootstrap>", line 711, in _load
  File "<frozen importlib._bootstrap>", line 680, in _load_unlocked
  File "<frozen importlib._bootstrap_external>", line 850, in exec_module
  File "<frozen importlib._bootstrap>", line 228, in _call_with_frames_removed
  File "passenger_wsgi.py", line 8, in <module>
    wsgi = imp.load_source('wsgi', 'passenger_wsgi.py')
  File "/opt/alt/python39/lib64/python3.9/imp.py", line 169, in load_source
    module = _exec(spec, sys.modules[name])
  File "<frozen importlib._bootstrap>", line 613, in _exec
  File "<frozen importlib._bootstrap_external>", line 850, in exec_module
  File "<frozen importlib._bootstrap>", line 228, in _call_with_frames_removed
  File "passenger_wsgi.py", line 8, in <module>
    wsgi = imp.load_source('wsgi', 'passenger_wsgi.py')
  File "/opt/alt/python39/lib64/python3.9/imp.py", line 169, in load_source
    module = _exec(spec, sys.modules[name])
  File "<frozen importlib._bootstrap>", line 613, in _exec
  File "<frozen importlib._bootstrap_external>", line 850, in exec_module
  File "<frozen importlib._bootstrap>", line 228, in _call_with_frames_removed
  File "passenger_wsgi.py", line 8, in <module>
    wsgi = imp.load_source('wsgi', 'passenger_wsgi.py')
  File "/opt/alt/python39/lib64/python3.9/imp.py", line 169, in load_source
    module = _exec(spec, sys.modules[name])
  File "<frozen importlib._bootstrap>", line 613, in _exec
  File "<frozen importlib._bootstrap_external>", line 850, in exec_module
  File "<frozen importlib._bootstrap>", line 228, in _call_with_frames_removed
  File "passenger_wsgi.py", line 8, in <module>
    wsgi = imp.load_source('wsgi', 'passenger_wsgi.py')
  File "/opt/alt/python39/lib64/python3.9/imp.py", line 169, in load_source
    module = _exec(spec, sys.modules[name])
  File "<frozen importlib._bootstrap>", line 613, in _exec
  File "<frozen importlib._bootstrap_external>", line 850, in exec_module
  File "<frozen importlib._bootstrap>", line 228, in _call_with_frames_removed
  File "passenger_wsgi.py", line 8, in <module>
    wsgi = imp.load_source('wsgi', 'passenger_wsgi.py')
  File "/opt/alt/python39/lib64/python3.9/imp.py", line 169, in load_source
    module = _exec(spec, sys.modules[name])
  File "<frozen importlib._bootstrap>", line 613, in _exec
  File "<frozen importlib._bootstrap_external>", line 850, in exec_module
  File "<frozen importlib._bootstrap>", line 228, in _call_with_frames_removed
  File "passenger_wsgi.py", line 8, in <module>
    wsgi = imp.load_source('wsgi', 'passenger_wsgi.py')
  File "/opt/alt/python39/lib64/python3.9/imp.py", line 169, in load_source
    module = _exec(spec, sys.modules[name])
  File "<frozen importlib._bootstrap>", line 613, in _exec
  File "<frozen importlib._bootstrap_external>", line 850, in exec_module
  File "<frozen importlib._bootstrap>", line 228, in _call_with_frames_removed
  File "passenger_wsgi.py", line 8, in <module>
    wsgi = imp.load_source('wsgi', 'passenger_wsgi.py')
  File "/opt/alt/python39/lib64/python3.9/imp.py", line 169, in load_source
    module = _exec(spec, sys.modules[name])
  File "<frozen importlib._bootstrap>", line 613, in _exec
  File "<frozen importlib._bootstrap_external>", line 850, in exec_module
  File "<frozen importlib._bootstrap>", line 228, in _call_with_frames_removed
  File "passenger_wsgi.py", line 8, in <module>
    wsgi = imp.load_source('wsgi', 'passenger_wsgi.py')
  File "/opt/alt/python39/lib64/python3.9/imp.py", line 169, in load_source
    module = _exec(spec, sys.modules[name])
  File "<frozen importlib._bootstrap>", line 613, in _exec
  File "<frozen importlib._bootstrap_external>", line 850, in exec_module
  File "<frozen importlib._bootstrap>", line 228, in _call_with_frames_removed
  File "passenger_wsgi.py", line 8, in <module>
    wsgi = imp.load_source('wsgi', 'passenger_wsgi.py')
  File "/opt/alt/python39/lib64/python3.9/imp.py", line 169, in load_source
    module = _exec(spec, sys.modules[name])
  File "<frozen importlib._bootstrap>", line 613, in _exec
  File "<frozen importlib._bootstrap_external>", line 850, in exec_module
  File "<frozen importlib._bootstrap>", line 228, in _call_with_frames_removed
  File "passenger_wsgi.py", line 8, in <module>
    wsgi = imp.load_source('wsgi', 'passenger_wsgi.py')
  File "/opt/alt/python39/lib64/python3.9/imp.py", line 169, in load_source
    module = _exec(spec, sys.modules[name])
  File "<frozen importlib._bootstrap>", line 613, in _exec
  File "<frozen importlib._bootstrap_external>", line 850, in exec_module
  File "<frozen importlib._bootstrap>", line 228, in _call_with_frames_removed
  File "passenger_wsgi.py", line 8, in <module>
    wsgi = imp.load_source('wsgi', 'passenger_wsgi.py')
  File "/opt/alt/python39/lib64/python3.9/imp.py", line 169, in load_source
    module = _exec(spec, sys.modules[name])
  File "<frozen importlib._bootstrap>", line 613, in _exec
  File "<frozen importlib._bootstrap_external>", line 850, in exec_module
  File "<frozen importlib._bootstrap>", line 228, in _call_with_frames_removed
  File "passenger_wsgi.py", line 8, in <module>
    wsgi = imp.load_source('wsgi', 'passenger_wsgi.py')
  File "/opt/alt/python39/lib64/python3.9/imp.py", line 169, in load_source
    module = _exec(spec, sys.modules[name])
  File "<frozen importlib._bootstrap>", line 613, in _exec
  File "<frozen importlib._bootstrap_external>", line 850, in exec_module
  File "<frozen importlib._bootstrap>", line 228, in _call_with_frames_removed
  File "passenger_wsgi.py", line 8, in <module>
    wsgi = imp.load_source('wsgi', 'passenger_wsgi.py')
  File "/opt/alt/python39/lib64/python3.9/imp.py", line 169, in load_source
    module = _exec(spec, sys.modules[name])
  File "<frozen importlib._bootstrap>", line 613, in _exec
  File "<frozen importlib._bootstrap_external>", line 850, in exec_module
  File "<frozen importlib._bootstrap>", line 228, in _call_with_frames_removed
  File "passenger_wsgi.py", line 8, in <module>
    wsgi = imp.load_source('wsgi', 'passenger_wsgi.py')
  File "/opt/alt/python39/lib64/python3.9/imp.py", line 169, in load_source
    module = _exec(spec, sys.modules[name])
  File "<frozen importlib._bootstrap>", line 613, in _exec
  File "<frozen importlib._bootstrap_external>", line 850, in exec_module
  File "<frozen importlib._bootstrap>", line 228, in _call_with_frames_removed
  File "passenger_wsgi.py", line 8, in <module>
    wsgi = imp.load_source('wsgi', 'passenger_wsgi.py')
  File "/opt/alt/python39/lib64/python3.9/imp.py", line 169, in load_source
    module = _exec(spec, sys.modules[name])
  File "<frozen importlib._bootstrap>", line 613, in _exec
  File "<frozen importlib._bootstrap_external>", line 850, in exec_module
  File "<frozen importlib._bootstrap>", line 228, in _call_with_frames_removed
  File "passenger_wsgi.py", line 8, in <module>
    wsgi = imp.load_source('wsgi', 'passenger_wsgi.py')
  File "/opt/alt/python39/lib64/python3.9/imp.py", line 169, in load_source
    module = _exec(spec, sys.modules[name])
  File "<frozen importlib._bootstrap>", line 613, in _exec
  File "<frozen importlib._bootstrap_external>", line 850, in exec_module
  File "<frozen importlib._bootstrap>", line 228, in _call_with_frames_removed
  File "passenger_wsgi.py", line 8, in <module>
    wsgi = imp.load_source('wsgi', 'passenger_wsgi.py')
  File "/opt/alt/python39/lib64/python3.9/imp.py", line 169, in load_source
    module = _exec(spec, sys.modules[name])
  File "<frozen importlib._bootstrap>", line 613, in _exec
  File "<frozen importlib._bootstrap_external>", line 850, in exec_module
  File "<frozen importlib._bootstrap>", line 228, in _call_with_frames_removed
  File "passenger_wsgi.py", line 8, in <module>
    wsgi = imp.load_source('wsgi', 'passenger_wsgi.py')
  File "/opt/alt/python39/lib64/python3.9/imp.py", line 169, in load_source
    module = _exec(spec, sys.modules[name])
  File "<frozen importlib._bootstrap>", line 613, in _exec
  File "<frozen importlib._bootstrap_external>", line 850, in exec_module
  File "<frozen importlib._bootstrap>", line 228, in _call_with_frames_removed
  File "passenger_wsgi.py", line 8, in <module>
    wsgi = imp.load_source('wsgi', 'passenger_wsgi.py')
  File "/opt/alt/python39/lib64/python3.9/imp.py", line 169, in load_source
    module = _exec(spec, sys.modules[name])
  File "<frozen importlib._bootstrap>", line 613, in _exec
  File "<frozen importlib._bootstrap_external>", line 850, in exec_module
  File "<frozen importlib._bootstrap>", line 228, in _call_with_frames_removed
  File "passenger_wsgi.py", line 8, in <module>
    wsgi = imp.load_source('wsgi', 'passenger_wsgi.py')
  File "/opt/alt/python39/lib64/python3.9/imp.py", line 169, in load_source
    module = _exec(spec, sys.modules[name])
  File "<frozen importlib._bootstrap>", line 613, in _exec
  File "<frozen importlib._bootstrap_external>", line 850, in exec_module
  File "<frozen importlib._bootstrap>", line 228, in _call_with_frames_removed
  File "passenger_wsgi.py", line 8, in <module>
    wsgi = imp.load_source('wsgi', 'passenger_wsgi.py')
  File "/opt/alt/python39/lib64/python3.9/imp.py", line 169, in load_source
    module = _exec(spec, sys.modules[name])
  File "<frozen importlib._bootstrap>", line 613, in _exec
  File "<frozen importlib._bootstrap_external>", line 850, in exec_module
  File "<frozen importlib._bootstrap>", line 228, in _call_with_frames_removed
  File "passenger_wsgi.py", line 8, in <module>
    wsgi = imp.load_source('wsgi', 'passenger_wsgi.py')
  File "/opt/alt/python39/lib64/python3.9/imp.py", line 169, in load_source
    module = _exec(spec, sys.modules[name])
  File "<frozen importlib._bootstrap>", line 613, in _exec
  File "<frozen importlib._bootstrap_external>", line 850, in exec_module
  File "<frozen importlib._bootstrap>", line 228, in _call_with_frames_removed
  File "passenger_wsgi.py", line 8, in <module>
    wsgi = imp.load_source('wsgi', 'passenger_wsgi.py')
  File "/opt/alt/python39/lib64/python3.9/imp.py", line 169, in load_source
    module = _exec(spec, sys.modules[name])
  File "<frozen importlib._bootstrap>", line 613, in _exec
  File "<frozen importlib._bootstrap_external>", line 850, in exec_module
  File "<frozen importlib._bootstrap>", line 228, in _call_with_frames_removed
  File "passenger_wsgi.py", line 8, in <module>
    wsgi = imp.load_source('wsgi', 'passenger_wsgi.py')
  File "/opt/alt/python39/lib64/python3.9/imp.py", line 169, in load_source
    module = _exec(spec, sys.modules[name])
  File "<frozen importlib._bootstrap>", line 613, in _exec
  File "<frozen importlib._bootstrap_external>", line 850, in exec_module
  File "<frozen importlib._bootstrap>", line 228, in _call_with_frames_removed
  File "passenger_wsgi.py", line 8, in <module>
    wsgi = imp.load_source('wsgi', 'passenger_wsgi.py')
  File "/opt/alt/python39/lib64/python3.9/imp.py", line 169, in load_source
    module = _exec(spec, sys.modules[name])
  File "<frozen importlib._bootstrap>", line 613, in _exec
  File "<frozen importlib._bootstrap_external>", line 850, in exec_module
  File "<frozen importlib._bootstrap>", line 228, in _call_with_frames_removed
  File "passenger_wsgi.py", line 8, in <module>
    wsgi = imp.load_source('wsgi', 'passenger_wsgi.py')
  File "/opt/alt/python39/lib64/python3.9/imp.py", line 169, in load_source
    module = _exec(spec, sys.modules[name])
  File "<frozen importlib._bootstrap>", line 613, in _exec
  File "<frozen importlib._bootstrap_external>", line 850, in exec_module
  File "<frozen importlib._bootstrap>", line 228, in _call_with_frames_removed
  File "passenger_wsgi.py", line 8, in <module>
    wsgi = imp.load_source('wsgi', 'passenger_wsgi.py')
  File "/opt/alt/python39/lib64/python3.9/imp.py", line 169, in load_source
    module = _exec(spec, sys.modules[name])
  File "<frozen importlib._bootstrap>", line 613, in _exec
  File "<frozen importlib._bootstrap_external>", line 850, in exec_module
  File "<frozen importlib._bootstrap>", line 228, in _call_with_frames_removed
  File "passenger_wsgi.py", line 8, in <module>
    wsgi = imp.load_source('wsgi', 'passenger_wsgi.py')
  File "/opt/alt/python39/lib64/python3.9/imp.py", line 169, in load_source
    module = _exec(spec, sys.modules[name])
  File "<frozen importlib._bootstrap>", line 613, in _exec
  File "<frozen importlib._bootstrap_external>", line 850, in exec_module
  File "<frozen importlib._bootstrap>", line 228, in _call_with_frames_removed
  File "passenger_wsgi.py", line 8, in <module>
    wsgi = imp.load_source('wsgi', 'passenger_wsgi.py')
  File "/opt/alt/python39/lib64/python3.9/imp.py", line 169, in load_source
    module = _exec(spec, sys.modules[name])
  File "<frozen importlib._bootstrap>", line 613, in _exec
  File "<frozen importlib._bootstrap_external>", line 850, in exec_module
  File "<frozen importlib._bootstrap>", line 228, in _call_with_frames_removed
  File "passenger_wsgi.py", line 8, in <module>
    wsgi = imp.load_source('wsgi', 'passenger_wsgi.py')
  File "/opt/alt/python39/lib64/python3.9/imp.py", line 169, in load_source
    module = _exec(spec, sys.modules[name])
  File "<frozen importlib._bootstrap>", line 613, in _exec
  File "<frozen importlib._bootstrap_external>", line 850, in exec_module
  File "<frozen importlib._bootstrap>", line 228, in _call_with_frames_removed
  File "passenger_wsgi.py", line 8, in <module>
    wsgi = imp.load_source('wsgi', 'passenger_wsgi.py')
  File "/opt/alt/python39/lib64/python3.9/imp.py", line 169, in load_source
    module = _exec(spec, sys.modules[name])
  File "<frozen importlib._bootstrap>", line 613, in _exec
  File "<frozen importlib._bootstrap_external>", line 850, in exec_module
  File "<frozen importlib._bootstrap>", line 228, in _call_with_frames_removed
  File "passenger_wsgi.py", line 8, in <module>
    wsgi = imp.load_source('wsgi', 'passenger_wsgi.py')
  File "/opt/alt/python39/lib64/python3.9/imp.py", line 169, in load_source
    module = _exec(spec, sys.modules[name])
  File "<frozen importlib._bootstrap>", line 613, in _exec
  File "<frozen importlib._bootstrap_external>", line 850, in exec_module
  File "<frozen importlib._bootstrap>", line 228, in _call_with_frames_removed
  File "passenger_wsgi.py", line 8, in <module>
    wsgi = imp.load_source('wsgi', 'passenger_wsgi.py')
  File "/opt/alt/python39/lib64/python3.9/imp.py", line 169, in load_source
    module = _exec(spec, sys.modules[name])
  File "<frozen importlib._bootstrap>", line 613, in _exec
  File "<frozen importlib._bootstrap_external>", line 850, in exec_module
  File "<frozen importlib._bootstrap>", line 228, in _call_with_frames_removed
  File "passenger_wsgi.py", line 8, in <module>
    wsgi = imp.load_source('wsgi', 'passenger_wsgi.py')
  File "/opt/alt/python39/lib64/python3.9/imp.py", line 169, in load_source
    module = _exec(spec, sys.modules[name])
  File "<frozen importlib._bootstrap>", line 613, in _exec
  File "<frozen importlib._bootstrap_external>", line 850, in exec_module
  File "<frozen importlib._bootstrap>", line 228, in _call_with_frames_removed
  File "passenger_wsgi.py", line 8, in <module>
    wsgi = imp.load_source('wsgi', 'passenger_wsgi.py')
  File "/opt/alt/python39/lib64/python3.9/imp.py", line 169, in load_source
    module = _exec(spec, sys.modules[name])
  File "<frozen importlib._bootstrap>", line 613, in _exec
  File "<frozen importlib._bootstrap_external>", line 850, in exec_module
  File "<frozen importlib._bootstrap>", line 228, in _call_with_frames_removed
  File "passenger_wsgi.py", line 8, in <module>
    wsgi = imp.load_source('wsgi', 'passenger_wsgi.py')
  File "/opt/alt/python39/lib64/python3.9/imp.py", line 169, in load_source
    module = _exec(spec, sys.modules[name])
  File "<frozen importlib._bootstrap>", line 613, in _exec
  File "<frozen importlib._bootstrap_external>", line 850, in exec_module
  File "<frozen importlib._bootstrap>", line 228, in _call_with_frames_removed
  File "passenger_wsgi.py", line 8, in <module>
    wsgi = imp.load_source('wsgi', 'passenger_wsgi.py')
  File "/opt/alt/python39/lib64/python3.9/imp.py", line 169, in load_source
    module = _exec(spec, sys.modules[name])
  File "<frozen importlib._bootstrap>", line 613, in _exec
  File "<frozen importlib._bootstrap_external>", line 850, in exec_module
  File "<frozen importlib._bootstrap>", line 228, in _call_with_frames_removed
  File "passenger_wsgi.py", line 8, in <module>
    wsgi = imp.load_source('wsgi', 'passenger_wsgi.py')
  File "/opt/alt/python39/lib64/python3.9/imp.py", line 169, in load_source
    module = _exec(spec, sys.modules[name])
  File "<frozen importlib._bootstrap>", line 613, in _exec
  File "<frozen importlib._bootstrap_external>", line 850, in exec_module
  File "<frozen importlib._bootstrap>", line 228, in _call_with_frames_removed
  File "passenger_wsgi.py", line 8, in <module>
    wsgi = imp.load_source('wsgi', 'passenger_wsgi.py')
  File "/opt/alt/python39/lib64/python3.9/imp.py", line 169, in load_source
    module = _exec(spec, sys.modules[name])
  File "<frozen importlib._bootstrap>", line 613, in _exec
  File "<frozen importlib._bootstrap_external>", line 850, in exec_module
  File "<frozen importlib._bootstrap>", line 228, in _call_with_frames_removed
  File "passenger_wsgi.py", line 8, in <module>
    wsgi = imp.load_source('wsgi', 'passenger_wsgi.py')
  File "/opt/alt/python39/lib64/python3.9/imp.py", line 169, in load_source
    module = _exec(spec, sys.modules[name])
  File "<frozen importlib._bootstrap>", line 613, in _exec
  File "<frozen importlib._bootstrap_external>", line 850, in exec_module
  File "<frozen importlib._bootstrap>", line 228, in _call_with_frames_removed
  File "passenger_wsgi.py", line 8, in <module>
    wsgi = imp.load_source('wsgi', 'passenger_wsgi.py')
  File "/opt/alt/python39/lib64/python3.9/imp.py", line 169, in load_source
    module = _exec(spec, sys.modules[name])
  File "<frozen importlib._bootstrap>", line 613, in _exec
  File "<frozen importlib._bootstrap_external>", line 850, in exec_module
  File "<frozen importlib._bootstrap>", line 228, in _call_with_frames_removed
  File "passenger_wsgi.py", line 8, in <module>
    wsgi = imp.load_source('wsgi', 'passenger_wsgi.py')
  File "/opt/alt/python39/lib64/python3.9/imp.py", line 169, in load_source
    module = _exec(spec, sys.modules[name])
  File "<frozen importlib._bootstrap>", line 613, in _exec
  File "<frozen importlib._bootstrap_external>", line 850, in exec_module
  File "<frozen importlib._bootstrap>", line 228, in _call_with_frames_removed
  File "passenger_wsgi.py", line 8, in <module>
    wsgi = imp.load_source('wsgi', 'passenger_wsgi.py')
  File "/opt/alt/python39/lib64/python3.9/imp.py", line 169, in load_source
    module = _exec(spec, sys.modules[name])
  File "<frozen importlib._bootstrap>", line 613, in _exec
  File "<frozen importlib._bootstrap_external>", line 850, in exec_module
  File "<frozen importlib._bootstrap>", line 228, in _call_with_frames_removed
  File "passenger_wsgi.py", line 8, in <module>
    wsgi = imp.load_source('wsgi', 'passenger_wsgi.py')
  File "/opt/alt/python39/lib64/python3.9/imp.py", line 169, in load_source
    module = _exec(spec, sys.modules[name])
  File "<frozen importlib._bootstrap>", line 613, in _exec
  File "<frozen importlib._bootstrap_external>", line 850, in exec_module
  File "<frozen importlib._bootstrap>", line 228, in _call_with_frames_removed
  File "passenger_wsgi.py", line 8, in <module>
    wsgi = imp.load_source('wsgi', 'passenger_wsgi.py')
  File "/opt/alt/python39/lib64/python3.9/imp.py", line 169, in load_source
    module = _exec(spec, sys.modules[name])
  File "<frozen importlib._bootstrap>", line 613, in _exec
  File "<frozen importlib._bootstrap_external>", line 850, in exec_module
  File "<frozen importlib._bootstrap>", line 228, in _call_with_frames_removed
  File "passenger_wsgi.py", line 8, in <module>
    wsgi = imp.load_source('wsgi', 'passenger_wsgi.py')
  File "/opt/alt/python39/lib64/python3.9/imp.py", line 169, in load_source
    module = _exec(spec, sys.modules[name])
  File "<frozen importlib._bootstrap>", line 613, in _exec
  File "<frozen importlib._bootstrap_external>", line 850, in exec_module
  File "<frozen importlib._bootstrap>", line 228, in _call_with_frames_removed
  File "passenger_wsgi.py", line 8, in <module>
    wsgi = imp.load_source('wsgi', 'passenger_wsgi.py')
  File "/opt/alt/python39/lib64/python3.9/imp.py", line 169, in load_source
    module = _exec(spec, sys.modules[name])
  File "<frozen importlib._bootstrap>", line 613, in _exec
  File "<frozen importlib._bootstrap_external>", line 850, in exec_module
  File "<frozen importlib._bootstrap>", line 228, in _call_with_frames_removed
  File "passenger_wsgi.py", line 8, in <module>
    wsgi = imp.load_source('wsgi', 'passenger_wsgi.py')
  File "/opt/alt/python39/lib64/python3.9/imp.py", line 169, in load_source
    module = _exec(spec, sys.modules[name])
  File "<frozen importlib._bootstrap>", line 613, in _exec
  File "<frozen importlib._bootstrap_external>", line 850, in exec_module
  File "<frozen importlib._bootstrap>", line 228, in _call_with_frames_removed
  File "passenger_wsgi.py", line 8, in <module>
    wsgi = imp.load_source('wsgi', 'passenger_wsgi.py')
  File "/opt/alt/python39/lib64/python3.9/imp.py", line 169, in load_source
    module = _exec(spec, sys.modules[name])
  File "<frozen importlib._bootstrap>", line 613, in _exec
  File "<frozen importlib._bootstrap_external>", line 850, in exec_module
  File "<frozen importlib._bootstrap>", line 228, in _call_with_frames_removed
  File "passenger_wsgi.py", line 8, in <module>
    wsgi = imp.load_source('wsgi', 'passenger_wsgi.py')
  File "/opt/alt/python39/lib64/python3.9/imp.py", line 169, in load_source
    module = _exec(spec, sys.modules[name])
  File "<frozen importlib._bootstrap>", line 613, in _exec
  File "<frozen importlib._bootstrap_external>", line 850, in exec_module
  File "<frozen importlib._bootstrap>", line 228, in _call_with_frames_removed
  File "passenger_wsgi.py", line 8, in <module>
    wsgi = imp.load_source('wsgi', 'passenger_wsgi.py')
  File "/opt/alt/python39/lib64/python3.9/imp.py", line 169, in load_source
    module = _exec(spec, sys.modules[name])
  File "<frozen importlib._bootstrap>", line 613, in _exec
  File "<frozen importlib._bootstrap_external>", line 850, in exec_module
  File "<frozen importlib._bootstrap>", line 228, in _call_with_frames_removed
  File "passenger_wsgi.py", line 8, in <module>
    wsgi = imp.load_source('wsgi', 'passenger_wsgi.py')
  File "/opt/alt/python39/lib64/python3.9/imp.py", line 169, in load_source
    module = _exec(spec, sys.modules[name])
  File "<frozen importlib._bootstrap>", line 613, in _exec
  File "<frozen importlib._bootstrap_external>", line 850, in exec_module
  File "<frozen importlib._bootstrap>", line 228, in _call_with_frames_removed
  File "passenger_wsgi.py", line 8, in <module>
    wsgi = imp.load_source('wsgi', 'passenger_wsgi.py')
  File "/opt/alt/python39/lib64/python3.9/imp.py", line 169, in load_source
    module = _exec(spec, sys.modules[name])
  File "<frozen importlib._bootstrap>", line 613, in _exec
  File "<frozen importlib._bootstrap_external>", line 850, in exec_module
  File "<frozen importlib._bootstrap>", line 228, in _call_with_frames_removed
  File "passenger_wsgi.py", line 8, in <module>
    wsgi = imp.load_source('wsgi', 'passenger_wsgi.py')
  File "/opt/alt/python39/lib64/python3.9/imp.py", line 169, in load_source
    module = _exec(spec, sys.modules[name])
  File "<frozen importlib._bootstrap>", line 613, in _exec
  File "<frozen importlib._bootstrap_external>", line 850, in exec_module
  File "<frozen importlib._bootstrap>", line 228, in _call_with_frames_removed
  File "passenger_wsgi.py", line 8, in <module>
    wsgi = imp.load_source('wsgi', 'passenger_wsgi.py')
  File "/opt/alt/python39/lib64/python3.9/imp.py", line 169, in load_source
    module = _exec(spec, sys.modules[name])
  File "<frozen importlib._bootstrap>", line 613, in _exec
  File "<frozen importlib._bootstrap_external>", line 850, in exec_module
  File "<frozen importlib._bootstrap>", line 228, in _call_with_frames_removed
  File "passenger_wsgi.py", line 8, in <module>
    wsgi = imp.load_source('wsgi', 'passenger_wsgi.py')
  File "/opt/alt/python39/lib64/python3.9/imp.py", line 169, in load_source
    module = _exec(spec, sys.modules[name])
  File "<frozen importlib._bootstrap>", line 613, in _exec
  File "<frozen importlib._bootstrap_external>", line 850, in exec_module
  File "<frozen importlib._bootstrap>", line 228, in _call_with_frames_removed
  File "passenger_wsgi.py", line 8, in <module>
    wsgi = imp.load_source('wsgi', 'passenger_wsgi.py')
  File "/opt/alt/python39/lib64/python3.9/imp.py", line 169, in load_source
    module = _exec(spec, sys.modules[name])
  File "<frozen importlib._bootstrap>", line 613, in _exec
  File "<frozen importlib._bootstrap_external>", line 850, in exec_module
  File "<frozen importlib._bootstrap>", line 228, in _call_with_frames_removed
  File "passenger_wsgi.py", line 8, in <module>
    wsgi = imp.load_source('wsgi', 'passenger_wsgi.py')
  File "/opt/alt/python39/lib64/python3.9/imp.py", line 169, in load_source
    module = _exec(spec, sys.modules[name])
  File "<frozen importlib._bootstrap>", line 613, in _exec
  File "<frozen importlib._bootstrap_external>", line 850, in exec_module
  File "<frozen importlib._bootstrap>", line 228, in _call_with_frames_removed
  File "passenger_wsgi.py", line 8, in <module>
    wsgi = imp.load_source('wsgi', 'passenger_wsgi.py')
  File "/opt/alt/python39/lib64/python3.9/imp.py", line 169, in load_source
    module = _exec(spec, sys.modules[name])
  File "<frozen importlib._bootstrap>", line 613, in _exec
  File "<frozen importlib._bootstrap_external>", line 850, in exec_module
  File "<frozen importlib._bootstrap>", line 228, in _call_with_frames_removed
  File "passenger_wsgi.py", line 8, in <module>
    wsgi = imp.load_source('wsgi', 'passenger_wsgi.py')
  File "/opt/alt/python39/lib64/python3.9/imp.py", line 169, in load_source
    module = _exec(spec, sys.modules[name])
  File "<frozen importlib._bootstrap>", line 613, in _exec
  File "<frozen importlib._bootstrap_external>", line 850, in exec_module
  File "<frozen importlib._bootstrap>", line 228, in _call_with_frames_removed
  File "passenger_wsgi.py", line 8, in <module>
    wsgi = imp.load_source('wsgi', 'passenger_wsgi.py')
  File "/opt/alt/python39/lib64/python3.9/imp.py", line 169, in load_source
    module = _exec(spec, sys.modules[name])
  File "<frozen importlib._bootstrap>", line 613, in _exec
  File "<frozen importlib._bootstrap_external>", line 850, in exec_module
  File "<frozen importlib._bootstrap>", line 228, in _call_with_frames_removed
  File "passenger_wsgi.py", line 8, in <module>
    wsgi = imp.load_source('wsgi', 'passenger_wsgi.py')
  File "/opt/alt/python39/lib64/python3.9/imp.py", line 169, in load_source
    module = _exec(spec, sys.modules[name])
  File "<frozen importlib._bootstrap>", line 613, in _exec
  File "<frozen importlib._bootstrap_external>", line 850, in exec_module
  File "<frozen importlib._bootstrap>", line 228, in _call_with_frames_removed
  File "passenger_wsgi.py", line 8, in <module>
    wsgi = imp.load_source('wsgi', 'passenger_wsgi.py')
  File "/opt/alt/python39/lib64/python3.9/imp.py", line 169, in load_source
    module = _exec(spec, sys.modules[name])
  File "<frozen importlib._bootstrap>", line 613, in _exec
  File "<frozen importlib._bootstrap_external>", line 850, in exec_module
  File "<frozen importlib._bootstrap>", line 228, in _call_with_frames_removed
  File "passenger_wsgi.py", line 8, in <module>
    wsgi = imp.load_source('wsgi', 'passenger_wsgi.py')
  File "/opt/alt/python39/lib64/python3.9/imp.py", line 169, in load_source
    module = _exec(spec, sys.modules[name])
  File "<frozen importlib._bootstrap>", line 613, in _exec
  File "<frozen importlib._bootstrap_external>", line 850, in exec_module
  File "<frozen importlib._bootstrap>", line 228, in _call_with_frames_removed
  File "passenger_wsgi.py", line 8, in <module>
    wsgi = imp.load_source('wsgi', 'passenger_wsgi.py')
  File "/opt/alt/python39/lib64/python3.9/imp.py", line 169, in load_source
    module = _exec(spec, sys.modules[name])
  File "<frozen importlib._bootstrap>", line 613, in _exec
  File "<frozen importlib._bootstrap_external>", line 850, in exec_module
  File "<frozen importlib._bootstrap>", line 228, in _call_with_frames_removed
  File "passenger_wsgi.py", line 8, in <module>
    wsgi = imp.load_source('wsgi', 'passenger_wsgi.py')
  File "/opt/alt/python39/lib64/python3.9/imp.py", line 169, in load_source
    module = _exec(spec, sys.modules[name])
  File "<frozen importlib._bootstrap>", line 613, in _exec
  File "<frozen importlib._bootstrap_external>", line 850, in exec_module
  File "<frozen importlib._bootstrap>", line 228, in _call_with_frames_removed
  File "passenger_wsgi.py", line 8, in <module>
    wsgi = imp.load_source('wsgi', 'passenger_wsgi.py')
  File "/opt/alt/python39/lib64/python3.9/imp.py", line 169, in load_source
    module = _exec(spec, sys.modules[name])
  File "<frozen importlib._bootstrap>", line 613, in _exec
  File "<frozen importlib._bootstrap_external>", line 850, in exec_module
  File "<frozen importlib._bootstrap>", line 228, in _call_with_frames_removed
  File "passenger_wsgi.py", line 8, in <module>
    wsgi = imp.load_source('wsgi', 'passenger_wsgi.py')
  File "/opt/alt/python39/lib64/python3.9/imp.py", line 169, in load_source
    module = _exec(spec, sys.modules[name])
  File "<frozen importlib._bootstrap>", line 613, in _exec
  File "<frozen importlib._bootstrap_external>", line 850, in exec_module
  File "<frozen importlib._bootstrap>", line 228, in _call_with_frames_removed
  File "passenger_wsgi.py", line 8, in <module>
    wsgi = imp.load_source('wsgi', 'passenger_wsgi.py')
  File "/opt/alt/python39/lib64/python3.9/imp.py", line 169, in load_source
    module = _exec(spec, sys.modules[name])
  File "<frozen importlib._bootstrap>", line 613, in _exec
  File "<frozen importlib._bootstrap_external>", line 850, in exec_module
  File "<frozen importlib._bootstrap>", line 228, in _call_with_frames_removed
  File "passenger_wsgi.py", line 8, in <module>
    wsgi = imp.load_source('wsgi', 'passenger_wsgi.py')
  File "/opt/alt/python39/lib64/python3.9/imp.py", line 169, in load_source
    module = _exec(spec, sys.modules[name])
  File "<frozen importlib._bootstrap>", line 613, in _exec
  File "<frozen importlib._bootstrap_external>", line 850, in exec_module
  File "<frozen importlib._bootstrap>", line 228, in _call_with_frames_removed
  File "passenger_wsgi.py", line 8, in <module>
    wsgi = imp.load_source('wsgi', 'passenger_wsgi.py')
  File "/opt/alt/python39/lib64/python3.9/imp.py", line 169, in load_source
    module = _exec(spec, sys.modules[name])
  File "<frozen importlib._bootstrap>", line 613, in _exec
  File "<frozen importlib._bootstrap_external>", line 850, in exec_module
  File "<frozen importlib._bootstrap>", line 228, in _call_with_frames_removed
  File "passenger_wsgi.py", line 8, in <module>
    wsgi = imp.load_source('wsgi', 'passenger_wsgi.py')
  File "/opt/alt/python39/lib64/python3.9/imp.py", line 169, in load_source
    module = _exec(spec, sys.modules[name])
  File "<frozen importlib._bootstrap>", line 613, in _exec
  File "<frozen importlib._bootstrap_external>", line 850, in exec_module
  File "<frozen importlib._bootstrap>", line 228, in _call_with_frames_removed
  File "passenger_wsgi.py", line 8, in <module>
    wsgi = imp.load_source('wsgi', 'passenger_wsgi.py')
  File "/opt/alt/python39/lib64/python3.9/imp.py", line 169, in load_source
    module = _exec(spec, sys.modules[name])
  File "<frozen importlib._bootstrap>", line 613, in _exec
  File "<frozen importlib._bootstrap_external>", line 850, in exec_module
  File "<frozen importlib._bootstrap>", line 228, in _call_with_frames_removed
  File "passenger_wsgi.py", line 8, in <module>
    wsgi = imp.load_source('wsgi', 'passenger_wsgi.py')
  File "/opt/alt/python39/lib64/python3.9/imp.py", line 169, in load_source
    module = _exec(spec, sys.modules[name])
  File "<frozen importlib._bootstrap>", line 613, in _exec
  File "<frozen importlib._bootstrap_external>", line 850, in exec_module
  File "<frozen importlib._bootstrap>", line 228, in _call_with_frames_removed
  File "passenger_wsgi.py", line 8, in <module>
    wsgi = imp.load_source('wsgi', 'passenger_wsgi.py')
  File "/opt/alt/python39/lib64/python3.9/imp.py", line 169, in load_source
    module = _exec(spec, sys.modules[name])
  File "<frozen importlib._bootstrap>", line 613, in _exec
  File "<frozen importlib._bootstrap_external>", line 850, in exec_module
  File "<frozen importlib._bootstrap>", line 228, in _call_with_frames_removed
  File "passenger_wsgi.py", line 8, in <module>
    wsgi = imp.load_source('wsgi', 'passenger_wsgi.py')
  File "/opt/alt/python39/lib64/python3.9/imp.py", line 169, in load_source
    module = _exec(spec, sys.modules[name])
  File "<frozen importlib._bootstrap>", line 613, in _exec
  File "<frozen importlib._bootstrap_external>", line 850, in exec_module
  File "<frozen importlib._bootstrap>", line 228, in _call_with_frames_removed
  File "passenger_wsgi.py", line 8, in <module>
    wsgi = imp.load_source('wsgi', 'passenger_wsgi.py')
  File "/opt/alt/python39/lib64/python3.9/imp.py", line 169, in load_source
    module = _exec(spec, sys.modules[name])
  File "<frozen importlib._bootstrap>", line 613, in _exec
  File "<frozen importlib._bootstrap_external>", line 850, in exec_module
  File "<frozen importlib._bootstrap>", line 228, in _call_with_frames_removed
  File "passenger_wsgi.py", line 8, in <module>
    wsgi = imp.load_source('wsgi', 'passenger_wsgi.py')
  File "/opt/alt/python39/lib64/python3.9/imp.py", line 169, in load_source
    module = _exec(spec, sys.modules[name])
  File "<frozen importlib._bootstrap>", line 613, in _exec
  File "<frozen importlib._bootstrap_external>", line 850, in exec_module
  File "<frozen importlib._bootstrap>", line 228, in _call_with_frames_removed
  File "passenger_wsgi.py", line 8, in <module>
    wsgi = imp.load_source('wsgi', 'passenger_wsgi.py')
  File "/opt/alt/python39/lib64/python3.9/imp.py", line 169, in load_source
    module = _exec(spec, sys.modules[name])
  File "<frozen importlib._bootstrap>", line 613, in _exec
  File "<frozen importlib._bootstrap_external>", line 850, in exec_module
  File "<frozen importlib._bootstrap>", line 228, in _call_with_frames_removed
  File "passenger_wsgi.py", line 8, in <module>
    wsgi = imp.load_source('wsgi', 'passenger_wsgi.py')
  File "/opt/alt/python39/lib64/python3.9/imp.py", line 169, in load_source
    module = _exec(spec, sys.modules[name])
  File "<frozen importlib._bootstrap>", line 613, in _exec
  File "<frozen importlib._bootstrap_external>", line 850, in exec_module
  File "<frozen importlib._bootstrap>", line 228, in _call_with_frames_removed
  File "passenger_wsgi.py", line 8, in <module>
    wsgi = imp.load_source('wsgi', 'passenger_wsgi.py')
  File "/opt/alt/python39/lib64/python3.9/imp.py", line 169, in load_source
    module = _exec(spec, sys.modules[name])
  File "<frozen importlib._bootstrap>", line 613, in _exec
  File "<frozen importlib._bootstrap_external>", line 850, in exec_module
  File "<frozen importlib._bootstrap>", line 228, in _call_with_frames_removed
  File "passenger_wsgi.py", line 8, in <module>
    wsgi = imp.load_source('wsgi', 'passenger_wsgi.py')
  File "/opt/alt/python39/lib64/python3.9/imp.py", line 169, in load_source
    module = _exec(spec, sys.modules[name])
  File "<frozen importlib._bootstrap>", line 613, in _exec
  File "<frozen importlib._bootstrap_external>", line 850, in exec_module
  File "<frozen importlib._bootstrap>", line 228, in _call_with_frames_removed
  File "passenger_wsgi.py", line 8, in <module>
    wsgi = imp.load_source('wsgi', 'passenger_wsgi.py')
  File "/opt/alt/python39/lib64/python3.9/imp.py", line 169, in load_source
    module = _exec(spec, sys.modules[name])
  File "<frozen importlib._bootstrap>", line 613, in _exec
  File "<frozen importlib._bootstrap_external>", line 850, in exec_module
  File "<frozen importlib._bootstrap>", line 228, in _call_with_frames_removed
  File "passenger_wsgi.py", line 8, in <module>
    wsgi = imp.load_source('wsgi', 'passenger_wsgi.py')
  File "/opt/alt/python39/lib64/python3.9/imp.py", line 169, in load_source
    module = _exec(spec, sys.modules[name])
  File "<frozen importlib._bootstrap>", line 613, in _exec
  File "<frozen importlib._bootstrap_external>", line 850, in exec_module
  File "<frozen importlib._bootstrap>", line 228, in _call_with_frames_removed
  File "passenger_wsgi.py", line 8, in <module>
    wsgi = imp.load_source('wsgi', 'passenger_wsgi.py')
  File "/opt/alt/python39/lib64/python3.9/imp.py", line 169, in load_source
    module = _exec(spec, sys.modules[name])
  File "<frozen importlib._bootstrap>", line 613, in _exec
  File "<frozen importlib._bootstrap_external>", line 850, in exec_module
  File "<frozen importlib._bootstrap>", line 228, in _call_with_frames_removed
  File "passenger_wsgi.py", line 8, in <module>
    wsgi = imp.load_source('wsgi', 'passenger_wsgi.py')
  File "/opt/alt/python39/lib64/python3.9/imp.py", line 169, in load_source
    module = _exec(spec, sys.modules[name])
  File "<frozen importlib._bootstrap>", line 613, in _exec
  File "<frozen importlib._bootstrap_external>", line 850, in exec_module
  File "<frozen importlib._bootstrap>", line 228, in _call_with_frames_removed
  File "passenger_wsgi.py", line 8, in <module>
    wsgi = imp.load_source('wsgi', 'passenger_wsgi.py')
  File "/opt/alt/python39/lib64/python3.9/imp.py", line 169, in load_source
    module = _exec(spec, sys.modules[name])
  File "<frozen importlib._bootstrap>", line 613, in _exec
  File "<frozen importlib._bootstrap_external>", line 850, in exec_module
  File "<frozen importlib._bootstrap>", line 228, in _call_with_frames_removed
  File "passenger_wsgi.py", line 8, in <module>
    wsgi = imp.load_source('wsgi', 'passenger_wsgi.py')
  File "/opt/alt/python39/lib64/python3.9/imp.py", line 169, in load_source
    module = _exec(spec, sys.modules[name])
  File "<frozen importlib._bootstrap>", line 613, in _exec
  File "<frozen importlib._bootstrap_external>", line 850, in exec_module
  File "<frozen importlib._bootstrap>", line 228, in _call_with_frames_removed
  File "passenger_wsgi.py", line 8, in <module>
    wsgi = imp.load_source('wsgi', 'passenger_wsgi.py')
  File "/opt/alt/python39/lib64/python3.9/imp.py", line 169, in load_source
    module = _exec(spec, sys.modules[name])
  File "<frozen importlib._bootstrap>", line 613, in _exec
  File "<frozen importlib._bootstrap_external>", line 850, in exec_module
  File "<frozen importlib._bootstrap>", line 228, in _call_with_frames_removed
  File "passenger_wsgi.py", line 8, in <module>
    wsgi = imp.load_source('wsgi', 'passenger_wsgi.py')
  File "/opt/alt/python39/lib64/python3.9/imp.py", line 169, in load_source
    module = _exec(spec, sys.modules[name])
  File "<frozen importlib._bootstrap>", line 613, in _exec
  File "<frozen importlib._bootstrap_external>", line 850, in exec_module
  File "<frozen importlib._bootstrap>", line 228, in _call_with_frames_removed
  File "passenger_wsgi.py", line 8, in <module>
    wsgi = imp.load_source('wsgi', 'passenger_wsgi.py')
  File "/opt/alt/python39/lib64/python3.9/imp.py", line 169, in load_source
    module = _exec(spec, sys.modules[name])
  File "<frozen importlib._bootstrap>", line 613, in _exec
  File "<frozen importlib._bootstrap_external>", line 850, in exec_module
  File "<frozen importlib._bootstrap>", line 228, in _call_with_frames_removed
  File "passenger_wsgi.py", line 8, in <module>
    wsgi = imp.load_source('wsgi', 'passenger_wsgi.py')
  File "/opt/alt/python39/lib64/python3.9/imp.py", line 169, in load_source
    module = _exec(spec, sys.modules[name])
  File "<frozen importlib._bootstrap>", line 613, in _exec
  File "<frozen importlib._bootstrap_external>", line 850, in exec_module
  File "<frozen importlib._bootstrap>", line 228, in _call_with_frames_removed
  File "passenger_wsgi.py", line 8, in <module>
    wsgi = imp.load_source('wsgi', 'passenger_wsgi.py')
  File "/opt/alt/python39/lib64/python3.9/imp.py", line 169, in load_source
    module = _exec(spec, sys.modules[name])
  File "<frozen importlib._bootstrap>", line 613, in _exec
  File "<frozen importlib._bootstrap_external>", line 850, in exec_module
  File "<frozen importlib._bootstrap>", line 228, in _call_with_frames_removed
  File "passenger_wsgi.py", line 8, in <module>
    wsgi = imp.load_source('wsgi', 'passenger_wsgi.py')
  File "/opt/alt/python39/lib64/python3.9/imp.py", line 169, in load_source
    module = _exec(spec, sys.modules[name])
  File "<frozen importlib._bootstrap>", line 613, in _exec
  File "<frozen importlib._bootstrap_external>", line 850, in exec_module
  File "<frozen importlib._bootstrap>", line 228, in _call_with_frames_removed
  File "passenger_wsgi.py", line 8, in <module>
    wsgi = imp.load_source('wsgi', 'passenger_wsgi.py')
  File "/opt/alt/python39/lib64/python3.9/imp.py", line 169, in load_source
    module = _exec(spec, sys.modules[name])
  File "<frozen importlib._bootstrap>", line 613, in _exec
  File "<frozen importlib._bootstrap_external>", line 850, in exec_module
  File "<frozen importlib._bootstrap>", line 228, in _call_with_frames_removed
  File "passenger_wsgi.py", line 8, in <module>
    wsgi = imp.load_source('wsgi', 'passenger_wsgi.py')
  File "/opt/alt/python39/lib64/python3.9/imp.py", line 169, in load_source
    module = _exec(spec, sys.modules[name])
  File "<frozen importlib._bootstrap>", line 613, in _exec
  File "<frozen importlib._bootstrap_external>", line 850, in exec_module
  File "<frozen importlib._bootstrap>", line 228, in _call_with_frames_removed
  File "passenger_wsgi.py", line 8, in <module>
    wsgi = imp.load_source('wsgi', 'passenger_wsgi.py')
  File "/opt/alt/python39/lib64/python3.9/imp.py", line 169, in load_source
    module = _exec(spec, sys.modules[name])
  File "<frozen importlib._bootstrap>", line 613, in _exec
  File "<frozen importlib._bootstrap_external>", line 850, in exec_module
  File "<frozen importlib._bootstrap>", line 228, in _call_with_frames_removed
  File "passenger_wsgi.py", line 8, in <module>
    wsgi = imp.load_source('wsgi', 'passenger_wsgi.py')
  File "/opt/alt/python39/lib64/python3.9/imp.py", line 169, in load_source
    module = _exec(spec, sys.modules[name])
  File "<frozen importlib._bootstrap>", line 613, in _exec
  File "<frozen importlib._bootstrap_external>", line 850, in exec_module
  File "<frozen importlib._bootstrap>", line 228, in _call_with_frames_removed
  File "passenger_wsgi.py", line 8, in <module>
    wsgi = imp.load_source('wsgi', 'passenger_wsgi.py')
  File "/opt/alt/python39/lib64/python3.9/imp.py", line 169, in load_source
    module = _exec(spec, sys.modules[name])
  File "<frozen importlib._bootstrap>", line 613, in _exec
  File "<frozen importlib._bootstrap_external>", line 850, in exec_module
  File "<frozen importlib._bootstrap>", line 228, in _call_with_frames_removed
  File "passenger_wsgi.py", line 8, in <module>
    wsgi = imp.load_source('wsgi', 'passenger_wsgi.py')
  File "/opt/alt/python39/lib64/python3.9/imp.py", line 169, in load_source
    module = _exec(spec, sys.modules[name])
  File "<frozen importlib._bootstrap>", line 613, in _exec
  File "<frozen importlib._bootstrap_external>", line 850, in exec_module
  File "<frozen importlib._bootstrap>", line 228, in _call_with_frames_removed
  File "passenger_wsgi.py", line 8, in <module>
    wsgi = imp.load_source('wsgi', 'passenger_wsgi.py')
  File "/opt/alt/python39/lib64/python3.9/imp.py", line 169, in load_source
    module = _exec(spec, sys.modules[name])
  File "<frozen importlib._bootstrap>", line 613, in _exec
  File "<frozen importlib._bootstrap_external>", line 850, in exec_module
  File "<frozen importlib._bootstrap>", line 228, in _call_with_frames_removed
  File "passenger_wsgi.py", line 8, in <module>
    wsgi = imp.load_source('wsgi', 'passenger_wsgi.py')
  File "/opt/alt/python39/lib64/python3.9/imp.py", line 169, in load_source
    module = _exec(spec, sys.modules[name])
  File "<frozen importlib._bootstrap>", line 613, in _exec
  File "<frozen importlib._bootstrap_external>", line 850, in exec_module
  File "<frozen importlib._bootstrap>", line 228, in _call_with_frames_removed
  File "passenger_wsgi.py", line 8, in <module>
    wsgi = imp.load_source('wsgi', 'passenger_wsgi.py')
  File "/opt/alt/python39/lib64/python3.9/imp.py", line 169, in load_source
    module = _exec(spec, sys.modules[name])
  File "<frozen importlib._bootstrap>", line 613, in _exec
  File "<frozen importlib._bootstrap_external>", line 850, in exec_module
  File "<frozen importlib._bootstrap>", line 228, in _call_with_frames_removed
  File "passenger_wsgi.py", line 8, in <module>
    wsgi = imp.load_source('wsgi', 'passenger_wsgi.py')
  File "/opt/alt/python39/lib64/python3.9/imp.py", line 169, in load_source
    module = _exec(spec, sys.modules[name])
  File "<frozen importlib._bootstrap>", line 613, in _exec
  File "<frozen importlib._bootstrap_external>", line 850, in exec_module
  File "<frozen importlib._bootstrap>", line 228, in _call_with_frames_removed
  File "passenger_wsgi.py", line 8, in <module>
    wsgi = imp.load_source('wsgi', 'passenger_wsgi.py')
  File "/opt/alt/python39/lib64/python3.9/imp.py", line 169, in load_source
    module = _exec(spec, sys.modules[name])
  File "<frozen importlib._bootstrap>", line 613, in _exec
  File "<frozen importlib._bootstrap_external>", line 850, in exec_module
  File "<frozen importlib._bootstrap>", line 228, in _call_with_frames_removed
  File "passenger_wsgi.py", line 8, in <module>
    wsgi = imp.load_source('wsgi', 'passenger_wsgi.py')
  File "/opt/alt/python39/lib64/python3.9/imp.py", line 169, in load_source
    module = _exec(spec, sys.modules[name])
  File "<frozen importlib._bootstrap>", line 613, in _exec
  File "<frozen importlib._bootstrap_external>", line 850, in exec_module
  File "<frozen importlib._bootstrap>", line 228, in _call_with_frames_removed
  File "passenger_wsgi.py", line 8, in <module>
    wsgi = imp.load_source('wsgi', 'passenger_wsgi.py')
  File "/opt/alt/python39/lib64/python3.9/imp.py", line 169, in load_source
    module = _exec(spec, sys.modules[name])
  File "<frozen importlib._bootstrap>", line 613, in _exec
  File "<frozen importlib._bootstrap_external>", line 850, in exec_module
  File "<frozen importlib._bootstrap>", line 228, in _call_with_frames_removed
  File "passenger_wsgi.py", line 8, in <module>
    wsgi = imp.load_source('wsgi', 'passenger_wsgi.py')
  File "/opt/alt/python39/lib64/python3.9/imp.py", line 169, in load_source
    module = _exec(spec, sys.modules[name])
  File "<frozen importlib._bootstrap>", line 613, in _exec
  File "<frozen importlib._bootstrap_external>", line 850, in exec_module
  File "<frozen importlib._bootstrap>", line 228, in _call_with_frames_removed
  File "passenger_wsgi.py", line 8, in <module>
    wsgi = imp.load_source('wsgi', 'passenger_wsgi.py')
  File "/opt/alt/python39/lib64/python3.9/imp.py", line 169, in load_source
    module = _exec(spec, sys.modules[name])
  File "<frozen importlib._bootstrap>", line 613, in _exec
  File "<frozen importlib._bootstrap_external>", line 850, in exec_module
  File "<frozen importlib._bootstrap>", line 228, in _call_with_frames_removed
  File "passenger_wsgi.py", line 8, in <module>
    wsgi = imp.load_source('wsgi', 'passenger_wsgi.py')
  File "/opt/alt/python39/lib64/python3.9/imp.py", line 169, in load_source
    module = _exec(spec, sys.modules[name])
  File "<frozen importlib._bootstrap>", line 613, in _exec
  File "<frozen importlib._bootstrap_external>", line 850, in exec_module
  File "<frozen importlib._bootstrap>", line 228, in _call_with_frames_removed
  File "passenger_wsgi.py", line 8, in <module>
    wsgi = imp.load_source('wsgi', 'passenger_wsgi.py')
  File "/opt/alt/python39/lib64/python3.9/imp.py", line 169, in load_source
    module = _exec(spec, sys.modules[name])
  File "<frozen importlib._bootstrap>", line 613, in _exec
  File "<frozen importlib._bootstrap_external>", line 850, in exec_module
  File "<frozen importlib._bootstrap>", line 228, in _call_with_frames_removed
  File "passenger_wsgi.py", line 8, in <module>
    wsgi = imp.load_source('wsgi', 'passenger_wsgi.py')
  File "/opt/alt/python39/lib64/python3.9/imp.py", line 169, in load_source
    module = _exec(spec, sys.modules[name])
  File "<frozen importlib._bootstrap>", line 613, in _exec
  File "<frozen importlib._bootstrap_external>", line 850, in exec_module
  File "<frozen importlib._bootstrap>", line 228, in _call_with_frames_removed
  File "passenger_wsgi.py", line 8, in <module>
    wsgi = imp.load_source('wsgi', 'passenger_wsgi.py')
  File "/opt/alt/python39/lib64/python3.9/imp.py", line 169, in load_source
    module = _exec(spec, sys.modules[name])
  File "<frozen importlib._bootstrap>", line 613, in _exec
  File "<frozen importlib._bootstrap_external>", line 850, in exec_module
  File "<frozen importlib._bootstrap>", line 228, in _call_with_frames_removed
  File "passenger_wsgi.py", line 8, in <module>
    wsgi = imp.load_source('wsgi', 'passenger_wsgi.py')
  File "/opt/alt/python39/lib64/python3.9/imp.py", line 169, in load_source
    module = _exec(spec, sys.modules[name])
  File "<frozen importlib._bootstrap>", line 613, in _exec
  File "<frozen importlib._bootstrap_external>", line 850, in exec_module
  File "<frozen importlib._bootstrap>", line 228, in _call_with_frames_removed
  File "passenger_wsgi.py", line 8, in <module>
    wsgi = imp.load_source('wsgi', 'passenger_wsgi.py')
  File "/opt/alt/python39/lib64/python3.9/imp.py", line 169, in load_source
    module = _exec(spec, sys.modules[name])
  File "<frozen importlib._bootstrap>", line 613, in _exec
  File "<frozen importlib._bootstrap_external>", line 850, in exec_module
  File "<frozen importlib._bootstrap>", line 228, in _call_with_frames_removed
  File "passenger_wsgi.py", line 8, in <module>
    wsgi = imp.load_source('wsgi', 'passenger_wsgi.py')
  File "/opt/alt/python39/lib64/python3.9/imp.py", line 169, in load_source
    module = _exec(spec, sys.modules[name])
  File "<frozen importlib._bootstrap>", line 613, in _exec
  File "<frozen importlib._bootstrap_external>", line 850, in exec_module
  File "<frozen importlib._bootstrap>", line 228, in _call_with_frames_removed
  File "passenger_wsgi.py", line 8, in <module>
    wsgi = imp.load_source('wsgi', 'passenger_wsgi.py')
  File "/opt/alt/python39/lib64/python3.9/imp.py", line 169, in load_source
    module = _exec(spec, sys.modules[name])
  File "<frozen importlib._bootstrap>", line 613, in _exec
  File "<frozen importlib._bootstrap_external>", line 850, in exec_module
  File "<frozen importlib._bootstrap>", line 228, in _call_with_frames_removed
  File "passenger_wsgi.py", line 8, in <module>
    wsgi = imp.load_source('wsgi', 'passenger_wsgi.py')
  File "/opt/alt/python39/lib64/python3.9/imp.py", line 169, in load_source
    module = _exec(spec, sys.modules[name])
  File "<frozen importlib._bootstrap>", line 613, in _exec
  File "<frozen importlib._bootstrap_external>", line 850, in exec_module
  File "<frozen importlib._bootstrap>", line 228, in _call_with_frames_removed
  File "passenger_wsgi.py", line 8, in <module>
    wsgi = imp.load_source('wsgi', 'passenger_wsgi.py')
  File "/opt/alt/python39/lib64/python3.9/imp.py", line 169, in load_source
    module = _exec(spec, sys.modules[name])
  File "<frozen importlib._bootstrap>", line 613, in _exec
  File "<frozen importlib._bootstrap_external>", line 850, in exec_module
  File "<frozen importlib._bootstrap>", line 228, in _call_with_frames_removed
  File "passenger_wsgi.py", line 8, in <module>
    wsgi = imp.load_source('wsgi', 'passenger_wsgi.py')
  File "/opt/alt/python39/lib64/python3.9/imp.py", line 169, in load_source
    module = _exec(spec, sys.modules[name])
  File "<frozen importlib._bootstrap>", line 613, in _exec
  File "<frozen importlib._bootstrap_external>", line 850, in exec_module
  File "<frozen importlib._bootstrap>", line 228, in _call_with_frames_removed
  File "passenger_wsgi.py", line 8, in <module>
    wsgi = imp.load_source('wsgi', 'passenger_wsgi.py')
  File "/opt/alt/python39/lib64/python3.9/imp.py", line 169, in load_source
    module = _exec(spec, sys.modules[name])
  File "<frozen importlib._bootstrap>", line 613, in _exec
  File "<frozen importlib._bootstrap_external>", line 850, in exec_module
  File "<frozen importlib._bootstrap>", line 228, in _call_with_frames_removed
  File "passenger_wsgi.py", line 8, in <module>
    wsgi = imp.load_source('wsgi', 'passenger_wsgi.py')
  File "/opt/alt/python39/lib64/python3.9/imp.py", line 169, in load_source
    module = _exec(spec, sys.modules[name])
  File "<frozen importlib._bootstrap>", line 613, in _exec
  File "<frozen importlib._bootstrap_external>", line 850, in exec_module
  File "<frozen importlib._bootstrap>", line 228, in _call_with_frames_removed
  File "passenger_wsgi.py", line 8, in <module>
    wsgi = imp.load_source('wsgi', 'passenger_wsgi.py')
  File "/opt/alt/python39/lib64/python3.9/imp.py", line 169, in load_source
    module = _exec(spec, sys.modules[name])
  File "<frozen importlib._bootstrap>", line 613, in _exec
  File "<frozen importlib._bootstrap_external>", line 850, in exec_module
  File "<frozen importlib._bootstrap>", line 228, in _call_with_frames_removed
  File "passenger_wsgi.py", line 8, in <module>
    wsgi = imp.load_source('wsgi', 'passenger_wsgi.py')
  File "/opt/alt/python39/lib64/python3.9/imp.py", line 169, in load_source
    module = _exec(spec, sys.modules[name])
  File "<frozen importlib._bootstrap>", line 613, in _exec
  File "<frozen importlib._bootstrap_external>", line 850, in exec_module
  File "<frozen importlib._bootstrap>", line 228, in _call_with_frames_removed
  File "passenger_wsgi.py", line 8, in <module>
    wsgi = imp.load_source('wsgi', 'passenger_wsgi.py')
  File "/opt/alt/python39/lib64/python3.9/imp.py", line 169, in load_source
    module = _exec(spec, sys.modules[name])
  File "<frozen importlib._bootstrap>", line 613, in _exec
  File "<frozen importlib._bootstrap_external>", line 850, in exec_module
  File "<frozen importlib._bootstrap>", line 228, in _call_with_frames_removed
  File "passenger_wsgi.py", line 8, in <module>
    wsgi = imp.load_source('wsgi', 'passenger_wsgi.py')
  File "/opt/alt/python39/lib64/python3.9/imp.py", line 169, in load_source
    module = _exec(spec, sys.modules[name])
  File "<frozen importlib._bootstrap>", line 613, in _exec
  File "<frozen importlib._bootstrap_external>", line 850, in exec_module
  File "<frozen importlib._bootstrap>", line 228, in _call_with_frames_removed
  File "passenger_wsgi.py", line 8, in <module>
    wsgi = imp.load_source('wsgi', 'passenger_wsgi.py')
  File "/opt/alt/python39/lib64/python3.9/imp.py", line 169, in load_source
    module = _exec(spec, sys.modules[name])
  File "<frozen importlib._bootstrap>", line 613, in _exec
  File "<frozen importlib._bootstrap_external>", line 850, in exec_module
  File "<frozen importlib._bootstrap>", line 228, in _call_with_frames_removed
  File "passenger_wsgi.py", line 8, in <module>
    wsgi = imp.load_source('wsgi', 'passenger_wsgi.py')
  File "/opt/alt/python39/lib64/python3.9/imp.py", line 169, in load_source
    module = _exec(spec, sys.modules[name])
  File "<frozen importlib._bootstrap>", line 613, in _exec
  File "<frozen importlib._bootstrap_external>", line 850, in exec_module
  File "<frozen importlib._bootstrap>", line 228, in _call_with_frames_removed
  File "passenger_wsgi.py", line 8, in <module>
    wsgi = imp.load_source('wsgi', 'passenger_wsgi.py')
  File "/opt/alt/python39/lib64/python3.9/imp.py", line 169, in load_source
    module = _exec(spec, sys.modules[name])
  File "<frozen importlib._bootstrap>", line 613, in _exec
  File "<frozen importlib._bootstrap_external>", line 850, in exec_module
  File "<frozen importlib._bootstrap>", line 228, in _call_with_frames_removed
  File "passenger_wsgi.py", line 8, in <module>
    wsgi = imp.load_source('wsgi', 'passenger_wsgi.py')
  File "/opt/alt/python39/lib64/python3.9/imp.py", line 169, in load_source
    module = _exec(spec, sys.modules[name])
  File "<frozen importlib._bootstrap>", line 613, in _exec
  File "<frozen importlib._bootstrap_external>", line 850, in exec_module
  File "<frozen importlib._bootstrap>", line 228, in _call_with_frames_removed
  File "passenger_wsgi.py", line 8, in <module>
    wsgi = imp.load_source('wsgi', 'passenger_wsgi.py')
  File "/opt/alt/python39/lib64/python3.9/imp.py", line 169, in load_source
    module = _exec(spec, sys.modules[name])
  File "<frozen importlib._bootstrap>", line 613, in _exec
  File "<frozen importlib._bootstrap_external>", line 850, in exec_module
  File "<frozen importlib._bootstrap>", line 228, in _call_with_frames_removed
  File "passenger_wsgi.py", line 8, in <module>
    wsgi = imp.load_source('wsgi', 'passenger_wsgi.py')
  File "/opt/alt/python39/lib64/python3.9/imp.py", line 169, in load_source
    module = _exec(spec, sys.modules[name])
  File "<frozen importlib._bootstrap>", line 613, in _exec
  File "<frozen importlib._bootstrap_external>", line 850, in exec_module
  File "<frozen importlib._bootstrap>", line 228, in _call_with_frames_removed
  File "passenger_wsgi.py", line 8, in <module>
    wsgi = imp.load_source('wsgi', 'passenger_wsgi.py')
  File "/opt/alt/python39/lib64/python3.9/imp.py", line 169, in load_source
    module = _exec(spec, sys.modules[name])
  File "<frozen importlib._bootstrap>", line 613, in _exec
  File "<frozen importlib._bootstrap_external>", line 850, in exec_module
  File "<frozen importlib._bootstrap>", line 228, in _call_with_frames_removed
  File "passenger_wsgi.py", line 8, in <module>
    wsgi = imp.load_source('wsgi', 'passenger_wsgi.py')
  File "/opt/alt/python39/lib64/python3.9/imp.py", line 169, in load_source
    module = _exec(spec, sys.modules[name])
  File "<frozen importlib._bootstrap>", line 613, in _exec
  File "<frozen importlib._bootstrap_external>", line 850, in exec_module
  File "<frozen importlib._bootstrap>", line 228, in _call_with_frames_removed
  File "passenger_wsgi.py", line 8, in <module>
    wsgi = imp.load_source('wsgi', 'passenger_wsgi.py')
  File "/opt/alt/python39/lib64/python3.9/imp.py", line 169, in load_source
    module = _exec(spec, sys.modules[name])
  File "<frozen importlib._bootstrap>", line 613, in _exec
  File "<frozen importlib._bootstrap_external>", line 850, in exec_module
  File "<frozen importlib._bootstrap>", line 228, in _call_with_frames_removed
  File "passenger_wsgi.py", line 8, in <module>
    wsgi = imp.load_source('wsgi', 'passenger_wsgi.py')
  File "/opt/alt/python39/lib64/python3.9/imp.py", line 169, in load_source
    module = _exec(spec, sys.modules[name])
  File "<frozen importlib._bootstrap>", line 613, in _exec
  File "<frozen importlib._bootstrap_external>", line 850, in exec_module
  File "<frozen importlib._bootstrap>", line 228, in _call_with_frames_removed
  File "passenger_wsgi.py", line 8, in <module>
    wsgi = imp.load_source('wsgi', 'passenger_wsgi.py')
  File "/opt/alt/python39/lib64/python3.9/imp.py", line 169, in load_source
    module = _exec(spec, sys.modules[name])
  File "<frozen importlib._bootstrap>", line 613, in _exec
  File "<frozen importlib._bootstrap_external>", line 850, in exec_module
  File "<frozen importlib._bootstrap>", line 228, in _call_with_frames_removed
  File "passenger_wsgi.py", line 8, in <module>
    wsgi = imp.load_source('wsgi', 'passenger_wsgi.py')
  File "/opt/alt/python39/lib64/python3.9/imp.py", line 169, in load_source
    module = _exec(spec, sys.modules[name])
  File "<frozen importlib._bootstrap>", line 613, in _exec
  File "<frozen importlib._bootstrap_external>", line 850, in exec_module
  File "<frozen importlib._bootstrap>", line 228, in _call_with_frames_removed
  File "passenger_wsgi.py", line 8, in <module>
    wsgi = imp.load_source('wsgi', 'passenger_wsgi.py')
  File "/opt/alt/python39/lib64/python3.9/imp.py", line 169, in load_source
    module = _exec(spec, sys.modules[name])
  File "<frozen importlib._bootstrap>", line 613, in _exec
  File "<frozen importlib._bootstrap_external>", line 850, in exec_module
  File "<frozen importlib._bootstrap>", line 228, in _call_with_frames_removed
  File "passenger_wsgi.py", line 8, in <module>
    wsgi = imp.load_source('wsgi', 'passenger_wsgi.py')
  File "/opt/alt/python39/lib64/python3.9/imp.py", line 169, in load_source
    module = _exec(spec, sys.modules[name])
  File "<frozen importlib._bootstrap>", line 613, in _exec
  File "<frozen importlib._bootstrap_external>", line 850, in exec_module
  File "<frozen importlib._bootstrap>", line 228, in _call_with_frames_removed
  File "passenger_wsgi.py", line 8, in <module>
    wsgi = imp.load_source('wsgi', 'passenger_wsgi.py')
  File "/opt/alt/python39/lib64/python3.9/imp.py", line 169, in load_source
    module = _exec(spec, sys.modules[name])
  File "<frozen importlib._bootstrap>", line 613, in _exec
  File "<frozen importlib._bootstrap_external>", line 850, in exec_module
  File "<frozen importlib._bootstrap>", line 228, in _call_with_frames_removed
  File "passenger_wsgi.py", line 8, in <module>
    wsgi = imp.load_source('wsgi', 'passenger_wsgi.py')
  File "/opt/alt/python39/lib64/python3.9/imp.py", line 169, in load_source
    module = _exec(spec, sys.modules[name])
  File "<frozen importlib._bootstrap>", line 613, in _exec
  File "<frozen importlib._bootstrap_external>", line 850, in exec_module
  File "<frozen importlib._bootstrap>", line 228, in _call_with_frames_removed
  File "passenger_wsgi.py", line 8, in <module>
    wsgi = imp.load_source('wsgi', 'passenger_wsgi.py')
  File "/opt/alt/python39/lib64/python3.9/imp.py", line 169, in load_source
    module = _exec(spec, sys.modules[name])
  File "<frozen importlib._bootstrap>", line 613, in _exec
  File "<frozen importlib._bootstrap_external>", line 850, in exec_module
  File "<frozen importlib._bootstrap>", line 228, in _call_with_frames_removed
  File "passenger_wsgi.py", line 8, in <module>
    wsgi = imp.load_source('wsgi', 'passenger_wsgi.py')
  File "/opt/alt/python39/lib64/python3.9/imp.py", line 169, in load_source
    module = _exec(spec, sys.modules[name])
  File "<frozen importlib._bootstrap>", line 613, in _exec
  File "<frozen importlib._bootstrap_external>", line 850, in exec_module
  File "<frozen importlib._bootstrap>", line 228, in _call_with_frames_removed
  File "passenger_wsgi.py", line 8, in <module>
    wsgi = imp.load_source('wsgi', 'passenger_wsgi.py')
  File "/opt/alt/python39/lib64/python3.9/imp.py", line 169, in load_source
    module = _exec(spec, sys.modules[name])
  File "<frozen importlib._bootstrap>", line 613, in _exec
  File "<frozen importlib._bootstrap_external>", line 850, in exec_module
  File "<frozen importlib._bootstrap>", line 228, in _call_with_frames_removed
  File "passenger_wsgi.py", line 8, in <module>
    wsgi = imp.load_source('wsgi', 'passenger_wsgi.py')
  File "/opt/alt/python39/lib64/python3.9/imp.py", line 169, in load_source
    module = _exec(spec, sys.modules[name])
  File "<frozen importlib._bootstrap>", line 613, in _exec
  File "<frozen importlib._bootstrap_external>", line 850, in exec_module
  File "<frozen importlib._bootstrap>", line 228, in _call_with_frames_removed
  File "passenger_wsgi.py", line 8, in <module>
    wsgi = imp.load_source('wsgi', 'passenger_wsgi.py')
  File "/opt/alt/python39/lib64/python3.9/imp.py", line 169, in load_source
    module = _exec(spec, sys.modules[name])
  File "<frozen importlib._bootstrap>", line 613, in _exec
  File "<frozen importlib._bootstrap_external>", line 850, in exec_module
  File "<frozen importlib._bootstrap>", line 228, in _call_with_frames_removed
  File "passenger_wsgi.py", line 8, in <module>
    wsgi = imp.load_source('wsgi', 'passenger_wsgi.py')
  File "/opt/alt/python39/lib64/python3.9/imp.py", line 169, in load_source
    module = _exec(spec, sys.modules[name])
  File "<frozen importlib._bootstrap>", line 613, in _exec
  File "<frozen importlib._bootstrap_external>", line 850, in exec_module
  File "<frozen importlib._bootstrap>", line 228, in _call_with_frames_removed
  File "passenger_wsgi.py", line 8, in <module>
    wsgi = imp.load_source('wsgi', 'passenger_wsgi.py')
  File "/opt/alt/python39/lib64/python3.9/imp.py", line 169, in load_source
    module = _exec(spec, sys.modules[name])
  File "<frozen importlib._bootstrap>", line 613, in _exec
  File "<frozen importlib._bootstrap_external>", line 850, in exec_module
  File "<frozen importlib._bootstrap>", line 228, in _call_with_frames_removed
  File "passenger_wsgi.py", line 8, in <module>
    wsgi = imp.load_source('wsgi', 'passenger_wsgi.py')
  File "/opt/alt/python39/lib64/python3.9/imp.py", line 169, in load_source
    module = _exec(spec, sys.modules[name])
  File "<frozen importlib._bootstrap>", line 613, in _exec
  File "<frozen importlib._bootstrap_external>", line 850, in exec_module
  File "<frozen importlib._bootstrap>", line 228, in _call_with_frames_removed
  File "passenger_wsgi.py", line 8, in <module>
    wsgi = imp.load_source('wsgi', 'passenger_wsgi.py')
  File "/opt/alt/python39/lib64/python3.9/imp.py", line 169, in load_source
    module = _exec(spec, sys.modules[name])
  File "<frozen importlib._bootstrap>", line 613, in _exec
  File "<frozen importlib._bootstrap_external>", line 850, in exec_module
  File "<frozen importlib._bootstrap>", line 228, in _call_with_frames_removed
  File "passenger_wsgi.py", line 8, in <module>
    wsgi = imp.load_source('wsgi', 'passenger_wsgi.py')
  File "/opt/alt/python39/lib64/python3.9/imp.py", line 169, in load_source
    module = _exec(spec, sys.modules[name])
  File "<frozen importlib._bootstrap>", line 613, in _exec
  File "<frozen importlib._bootstrap_external>", line 850, in exec_module
  File "<frozen importlib._bootstrap>", line 228, in _call_with_frames_removed
  File "passenger_wsgi.py", line 8, in <module>
    wsgi = imp.load_source('wsgi', 'passenger_wsgi.py')
  File "/opt/alt/python39/lib64/python3.9/imp.py", line 169, in load_source
    module = _exec(spec, sys.modules[name])
  File "<frozen importlib._bootstrap>", line 613, in _exec
  File "<frozen importlib._bootstrap_external>", line 850, in exec_module
  File "<frozen importlib._bootstrap>", line 228, in _call_with_frames_removed
  File "passenger_wsgi.py", line 8, in <module>
    wsgi = imp.load_source('wsgi', 'passenger_wsgi.py')
  File "/opt/alt/python39/lib64/python3.9/imp.py", line 169, in load_source
    module = _exec(spec, sys.modules[name])
  File "<frozen importlib._bootstrap>", line 613, in _exec
  File "<frozen importlib._bootstrap_external>", line 850, in exec_module
  File "<frozen importlib._bootstrap>", line 228, in _call_with_frames_removed
  File "passenger_wsgi.py", line 8, in <module>
    wsgi = imp.load_source('wsgi', 'passenger_wsgi.py')
  File "/opt/alt/python39/lib64/python3.9/imp.py", line 169, in load_source
    module = _exec(spec, sys.modules[name])
  File "<frozen importlib._bootstrap>", line 613, in _exec
  File "<frozen importlib._bootstrap_external>", line 850, in exec_module
  File "<frozen importlib._bootstrap>", line 228, in _call_with_frames_removed
  File "passenger_wsgi.py", line 8, in <module>
    wsgi = imp.load_source('wsgi', 'passenger_wsgi.py')
  File "/opt/alt/python39/lib64/python3.9/imp.py", line 169, in load_source
    module = _exec(spec, sys.modules[name])
  File "<frozen importlib._bootstrap>", line 613, in _exec
  File "<frozen importlib._bootstrap_external>", line 850, in exec_module
  File "<frozen importlib._bootstrap>", line 228, in _call_with_frames_removed
  File "passenger_wsgi.py", line 8, in <module>
    wsgi = imp.load_source('wsgi', 'passenger_wsgi.py')
  File "/opt/alt/python39/lib64/python3.9/imp.py", line 169, in load_source
    module = _exec(spec, sys.modules[name])
  File "<frozen importlib._bootstrap>", line 613, in _exec
  File "<frozen importlib._bootstrap_external>", line 850, in exec_module
  File "<frozen importlib._bootstrap>", line 228, in _call_with_frames_removed
  File "passenger_wsgi.py", line 8, in <module>
    wsgi = imp.load_source('wsgi', 'passenger_wsgi.py')
  File "/opt/alt/python39/lib64/python3.9/imp.py", line 169, in load_source
    module = _exec(spec, sys.modules[name])
  File "<frozen importlib._bootstrap>", line 613, in _exec
  File "<frozen importlib._bootstrap_external>", line 850, in exec_module
  File "<frozen importlib._bootstrap>", line 228, in _call_with_frames_removed
  File "passenger_wsgi.py", line 8, in <module>
    wsgi = imp.load_source('wsgi', 'passenger_wsgi.py')
  File "/opt/alt/python39/lib64/python3.9/imp.py", line 169, in load_source
    module = _exec(spec, sys.modules[name])
  File "<frozen importlib._bootstrap>", line 613, in _exec
  File "<frozen importlib._bootstrap_external>", line 850, in exec_module
  File "<frozen importlib._bootstrap>", line 228, in _call_with_frames_removed
  File "passenger_wsgi.py", line 8, in <module>
    wsgi = imp.load_source('wsgi', 'passenger_wsgi.py')
  File "/opt/alt/python39/lib64/python3.9/imp.py", line 169, in load_source
    module = _exec(spec, sys.modules[name])
  File "<frozen importlib._bootstrap>", line 613, in _exec
  File "<frozen importlib._bootstrap_external>", line 850, in exec_module
  File "<frozen importlib._bootstrap>", line 228, in _call_with_frames_removed
  File "passenger_wsgi.py", line 8, in <module>
    wsgi = imp.load_source('wsgi', 'passenger_wsgi.py')
  File "/opt/alt/python39/lib64/python3.9/imp.py", line 169, in load_source
    module = _exec(spec, sys.modules[name])
  File "<frozen importlib._bootstrap>", line 613, in _exec
  File "<frozen importlib._bootstrap_external>", line 850, in exec_module
  File "<frozen importlib._bootstrap>", line 228, in _call_with_frames_removed
  File "passenger_wsgi.py", line 8, in <module>
    wsgi = imp.load_source('wsgi', 'passenger_wsgi.py')
  File "/opt/alt/python39/lib64/python3.9/imp.py", line 169, in load_source
    module = _exec(spec, sys.modules[name])
  File "<frozen importlib._bootstrap>", line 613, in _exec
  File "<frozen importlib._bootstrap_external>", line 850, in exec_module
  File "<frozen importlib._bootstrap>", line 228, in _call_with_frames_removed
  File "passenger_wsgi.py", line 8, in <module>
    wsgi = imp.load_source('wsgi', 'passenger_wsgi.py')
  File "/opt/alt/python39/lib64/python3.9/imp.py", line 169, in load_source
    module = _exec(spec, sys.modules[name])
  File "<frozen importlib._bootstrap>", line 613, in _exec
  File "<frozen importlib._bootstrap_external>", line 850, in exec_module
  File "<frozen importlib._bootstrap>", line 228, in _call_with_frames_removed
  File "passenger_wsgi.py", line 8, in <module>
    wsgi = imp.load_source('wsgi', 'passenger_wsgi.py')
  File "/opt/alt/python39/lib64/python3.9/imp.py", line 169, in load_source
    module = _exec(spec, sys.modules[name])
  File "<frozen importlib._bootstrap>", line 613, in _exec
  File "<frozen importlib._bootstrap_external>", line 850, in exec_module
  File "<frozen importlib._bootstrap>", line 228, in _call_with_frames_removed
  File "passenger_wsgi.py", line 8, in <module>
    wsgi = imp.load_source('wsgi', 'passenger_wsgi.py')
  File "/opt/alt/python39/lib64/python3.9/imp.py", line 169, in load_source
    module = _exec(spec, sys.modules[name])
  File "<frozen importlib._bootstrap>", line 606, in _exec
  File "<frozen importlib._bootstrap>", line 550, in _init_module_attrs
  File "<frozen importlib._bootstrap>", line 391, in cached
  File "<frozen importlib._bootstrap_external>", line 494, in _get_cached
  File "<frozen importlib._bootstrap_external>", line 387, in cache_from_source
  File "<frozen importlib._bootstrap_external>", line 129, in _path_split
RecursionError: maximum recursion depth exceeded
Traceback (most recent call last):
  File "/home/eaglcqjv/public_html/syscare/passenger_wsgi.py", line 8, in <module>
    wsgi = imp.load_source('wsgi', 'passenger_wsgi.py')
  File "/opt/alt/python39/lib64/python3.9/imp.py", line 171, in load_source
    module = _load(spec)
  File "<frozen importlib._bootstrap>", line 711, in _load
  File "<frozen importlib._bootstrap>", line 680, in _load_unlocked
  File "<frozen importlib._bootstrap_external>", line 850, in exec_module
  File "<frozen importlib._bootstrap>", line 228, in _call_with_frames_removed
  File "passenger_wsgi.py", line 8, in <module>
    wsgi = imp.load_source('wsgi', 'passenger_wsgi.py')
  File "/opt/alt/python39/lib64/python3.9/imp.py", line 169, in load_source
    module = _exec(spec, sys.modules[name])
  File "<frozen importlib._bootstrap>", line 613, in _exec
  File "<frozen importlib._bootstrap_external>", line 850, in exec_module
  File "<frozen importlib._bootstrap>", line 228, in _call_with_frames_removed
  File "passenger_wsgi.py", line 8, in <module>
    wsgi = imp.load_source('wsgi', 'passenger_wsgi.py')
  File "/opt/alt/python39/lib64/python3.9/imp.py", line 169, in load_source
    module = _exec(spec, sys.modules[name])
  File "<frozen importlib._bootstrap>", line 613, in _exec
  File "<frozen importlib._bootstrap_external>", line 850, in exec_module
  File "<frozen importlib._bootstrap>", line 228, in _call_with_frames_removed
  File "passenger_wsgi.py", line 8, in <module>
    wsgi = imp.load_source('wsgi', 'passenger_wsgi.py')
  File "/opt/alt/python39/lib64/python3.9/imp.py", line 169, in load_source
    module = _exec(spec, sys.modules[name])
  File "<frozen importlib._bootstrap>", line 613, in _exec
  File "<frozen importlib._bootstrap_external>", line 850, in exec_module
  File "<frozen importlib._bootstrap>", line 228, in _call_with_frames_removed
  File "passenger_wsgi.py", line 8, in <module>
    wsgi = imp.load_source('wsgi', 'passenger_wsgi.py')
  File "/opt/alt/python39/lib64/python3.9/imp.py", line 169, in load_source
    module = _exec(spec, sys.modules[name])
  File "<frozen importlib._bootstrap>", line 613, in _exec
  File "<frozen importlib._bootstrap_external>", line 850, in exec_module
  File "<frozen importlib._bootstrap>", line 228, in _call_with_frames_removed
  File "passenger_wsgi.py", line 8, in <module>
    wsgi = imp.load_source('wsgi', 'passenger_wsgi.py')
  File "/opt/alt/python39/lib64/python3.9/imp.py", line 169, in load_source
    module = _exec(spec, sys.modules[name])
  File "<frozen importlib._bootstrap>", line 613, in _exec
  File "<frozen importlib._bootstrap_external>", line 850, in exec_module
  File "<frozen importlib._bootstrap>", line 228, in _call_with_frames_removed
  File "passenger_wsgi.py", line 8, in <module>
    wsgi = imp.load_source('wsgi', 'passenger_wsgi.py')
  File "/opt/alt/python39/lib64/python3.9/imp.py", line 169, in load_source
    module = _exec(spec, sys.modules[name])
  File "<frozen importlib._bootstrap>", line 613, in _exec
  File "<frozen importlib._bootstrap_external>", line 850, in exec_module
  File "<frozen importlib._bootstrap>", line 228, in _call_with_frames_removed
  File "passenger_wsgi.py", line 8, in <module>
    wsgi = imp.load_source('wsgi', 'passenger_wsgi.py')
  File "/opt/alt/python39/lib64/python3.9/imp.py", line 169, in load_source
    module = _exec(spec, sys.modules[name])
  File "<frozen importlib._bootstrap>", line 613, in _exec
  File "<frozen importlib._bootstrap_external>", line 850, in exec_module
  File "<frozen importlib._bootstrap>", line 228, in _call_with_frames_removed
  File "passenger_wsgi.py", line 8, in <module>
    wsgi = imp.load_source('wsgi', 'passenger_wsgi.py')
  File "/opt/alt/python39/lib64/python3.9/imp.py", line 169, in load_source
    module = _exec(spec, sys.modules[name])
  File "<frozen importlib._bootstrap>", line 613, in _exec
  File "<frozen importlib._bootstrap_external>", line 850, in exec_module
  File "<frozen importlib._bootstrap>", line 228, in _call_with_frames_removed
  File "passenger_wsgi.py", line 8, in <module>
    wsgi = imp.load_source('wsgi', 'passenger_wsgi.py')
  File "/opt/alt/python39/lib64/python3.9/imp.py", line 169, in load_source
    module = _exec(spec, sys.modules[name])
  File "<frozen importlib._bootstrap>", line 613, in _exec
  File "<frozen importlib._bootstrap_external>", line 850, in exec_module
  File "<frozen importlib._bootstrap>", line 228, in _call_with_frames_removed
  File "passenger_wsgi.py", line 8, in <module>
    wsgi = imp.load_source('wsgi', 'passenger_wsgi.py')
  File "/opt/alt/python39/lib64/python3.9/imp.py", line 169, in load_source
    module = _exec(spec, sys.modules[name])
  File "<frozen importlib._bootstrap>", line 613, in _exec
  File "<frozen importlib._bootstrap_external>", line 850, in exec_module
  File "<frozen importlib._bootstrap>", line 228, in _call_with_frames_removed
  File "passenger_wsgi.py", line 8, in <module>
    wsgi = imp.load_source('wsgi', 'passenger_wsgi.py')
  File "/opt/alt/python39/lib64/python3.9/imp.py", line 169, in load_source
    module = _exec(spec, sys.modules[name])
  File "<frozen importlib._bootstrap>", line 613, in _exec
  File "<frozen importlib._bootstrap_external>", line 850, in exec_module
  File "<frozen importlib._bootstrap>", line 228, in _call_with_frames_removed
  File "passenger_wsgi.py", line 8, in <module>
    wsgi = imp.load_source('wsgi', 'passenger_wsgi.py')
  File "/opt/alt/python39/lib64/python3.9/imp.py", line 169, in load_source
    module = _exec(spec, sys.modules[name])
  File "<frozen importlib._bootstrap>", line 613, in _exec
  File "<frozen importlib._bootstrap_external>", line 850, in exec_module
  File "<frozen importlib._bootstrap>", line 228, in _call_with_frames_removed
  File "passenger_wsgi.py", line 8, in <module>
    wsgi = imp.load_source('wsgi', 'passenger_wsgi.py')
  File "/opt/alt/python39/lib64/python3.9/imp.py", line 169, in load_source
    module = _exec(spec, sys.modules[name])
  File "<frozen importlib._bootstrap>", line 613, in _exec
  File "<frozen importlib._bootstrap_external>", line 850, in exec_module
  File "<frozen importlib._bootstrap>", line 228, in _call_with_frames_removed
  File "passenger_wsgi.py", line 8, in <module>
    wsgi = imp.load_source('wsgi', 'passenger_wsgi.py')
  File "/opt/alt/python39/lib64/python3.9/imp.py", line 169, in load_source
    module = _exec(spec, sys.modules[name])
  File "<frozen importlib._bootstrap>", line 613, in _exec
  File "<frozen importlib._bootstrap_external>", line 850, in exec_module
  File "<frozen importlib._bootstrap>", line 228, in _call_with_frames_removed
  File "passenger_wsgi.py", line 8, in <module>
    wsgi = imp.load_source('wsgi', 'passenger_wsgi.py')
  File "/opt/alt/python39/lib64/python3.9/imp.py", line 169, in load_source
    module = _exec(spec, sys.modules[name])
  File "<frozen importlib._bootstrap>", line 613, in _exec
  File "<frozen importlib._bootstrap_external>", line 850, in exec_module
  File "<frozen importlib._bootstrap>", line 228, in _call_with_frames_removed
  File "passenger_wsgi.py", line 8, in <module>
    wsgi = imp.load_source('wsgi', 'passenger_wsgi.py')
  File "/opt/alt/python39/lib64/python3.9/imp.py", line 169, in load_source
    module = _exec(spec, sys.modules[name])
  File "<frozen importlib._bootstrap>", line 613, in _exec
  File "<frozen importlib._bootstrap_external>", line 850, in exec_module
  File "<frozen importlib._bootstrap>", line 228, in _call_with_frames_removed
  File "passenger_wsgi.py", line 8, in <module>
    wsgi = imp.load_source('wsgi', 'passenger_wsgi.py')
  File "/opt/alt/python39/lib64/python3.9/imp.py", line 169, in load_source
    module = _exec(spec, sys.modules[name])
  File "<frozen importlib._bootstrap>", line 613, in _exec
  File "<frozen importlib._bootstrap_external>", line 850, in exec_module
  File "<frozen importlib._bootstrap>", line 228, in _call_with_frames_removed
  File "passenger_wsgi.py", line 8, in <module>
    wsgi = imp.load_source('wsgi', 'passenger_wsgi.py')
  File "/opt/alt/python39/lib64/python3.9/imp.py", line 169, in load_source
    module = _exec(spec, sys.modules[name])
  File "<frozen importlib._bootstrap>", line 613, in _exec
  File "<frozen importlib._bootstrap_external>", line 850, in exec_module
  File "<frozen importlib._bootstrap>", line 228, in _call_with_frames_removed
  File "passenger_wsgi.py", line 8, in <module>
    wsgi = imp.load_source('wsgi', 'passenger_wsgi.py')
  File "/opt/alt/python39/lib64/python3.9/imp.py", line 169, in load_source
    module = _exec(spec, sys.modules[name])
  File "<frozen importlib._bootstrap>", line 613, in _exec
  File "<frozen importlib._bootstrap_external>", line 850, in exec_module
  File "<frozen importlib._bootstrap>", line 228, in _call_with_frames_removed
  File "passenger_wsgi.py", line 8, in <module>
    wsgi = imp.load_source('wsgi', 'passenger_wsgi.py')
  File "/opt/alt/python39/lib64/python3.9/imp.py", line 169, in load_source
    module = _exec(spec, sys.modules[name])
  File "<frozen importlib._bootstrap>", line 613, in _exec
  File "<frozen importlib._bootstrap_external>", line 850, in exec_module
  File "<frozen importlib._bootstrap>", line 228, in _call_with_frames_removed
  File "passenger_wsgi.py", line 8, in <module>
    wsgi = imp.load_source('wsgi', 'passenger_wsgi.py')
  File "/opt/alt/python39/lib64/python3.9/imp.py", line 169, in load_source
    module = _exec(spec, sys.modules[name])
  File "<frozen importlib._bootstrap>", line 613, in _exec
  File "<frozen importlib._bootstrap_external>", line 850, in exec_module
  File "<frozen importlib._bootstrap>", line 228, in _call_with_frames_removed
  File "passenger_wsgi.py", line 8, in <module>
    wsgi = imp.load_source('wsgi', 'passenger_wsgi.py')
  File "/opt/alt/python39/lib64/python3.9/imp.py", line 169, in load_source
    module = _exec(spec, sys.modules[name])
  File "<frozen importlib._bootstrap>", line 613, in _exec
  File "<frozen importlib._bootstrap_external>", line 850, in exec_module
  File "<frozen importlib._bootstrap>", line 228, in _call_with_frames_removed
  File "passenger_wsgi.py", line 8, in <module>
    wsgi = imp.load_source('wsgi', 'passenger_wsgi.py')
  File "/opt/alt/python39/lib64/python3.9/imp.py", line 169, in load_source
    module = _exec(spec, sys.modules[name])
  File "<frozen importlib._bootstrap>", line 613, in _exec
  File "<frozen importlib._bootstrap_external>", line 850, in exec_module
  File "<frozen importlib._bootstrap>", line 228, in _call_with_frames_removed
  File "passenger_wsgi.py", line 8, in <module>
    wsgi = imp.load_source('wsgi', 'passenger_wsgi.py')
  File "/opt/alt/python39/lib64/python3.9/imp.py", line 169, in load_source
    module = _exec(spec, sys.modules[name])
  File "<frozen importlib._bootstrap>", line 613, in _exec
  File "<frozen importlib._bootstrap_external>", line 850, in exec_module
  File "<frozen importlib._bootstrap>", line 228, in _call_with_frames_removed
  File "passenger_wsgi.py", line 8, in <module>
    wsgi = imp.load_source('wsgi', 'passenger_wsgi.py')
  File "/opt/alt/python39/lib64/python3.9/imp.py", line 169, in load_source
    module = _exec(spec, sys.modules[name])
  File "<frozen importlib._bootstrap>", line 613, in _exec
  File "<frozen importlib._bootstrap_external>", line 850, in exec_module
  File "<frozen importlib._bootstrap>", line 228, in _call_with_frames_removed
  File "passenger_wsgi.py", line 8, in <module>
    wsgi = imp.load_source('wsgi', 'passenger_wsgi.py')
  File "/opt/alt/python39/lib64/python3.9/imp.py", line 169, in load_source
    module = _exec(spec, sys.modules[name])
  File "<frozen importlib._bootstrap>", line 613, in _exec
  File "<frozen importlib._bootstrap_external>", line 850, in exec_module
  File "<frozen importlib._bootstrap>", line 228, in _call_with_frames_removed
  File "passenger_wsgi.py", line 8, in <module>
    wsgi = imp.load_source('wsgi', 'passenger_wsgi.py')
  File "/opt/alt/python39/lib64/python3.9/imp.py", line 169, in load_source
    module = _exec(spec, sys.modules[name])
  File "<frozen importlib._bootstrap>", line 613, in _exec
  File "<frozen importlib._bootstrap_external>", line 850, in exec_module
  File "<frozen importlib._bootstrap>", line 228, in _call_with_frames_removed
  File "passenger_wsgi.py", line 8, in <module>
    wsgi = imp.load_source('wsgi', 'passenger_wsgi.py')
  File "/opt/alt/python39/lib64/python3.9/imp.py", line 169, in load_source
    module = _exec(spec, sys.modules[name])
  File "<frozen importlib._bootstrap>", line 613, in _exec
  File "<frozen importlib._bootstrap_external>", line 850, in exec_module
  File "<frozen importlib._bootstrap>", line 228, in _call_with_frames_removed
  File "passenger_wsgi.py", line 8, in <module>
    wsgi = imp.load_source('wsgi', 'passenger_wsgi.py')
  File "/opt/alt/python39/lib64/python3.9/imp.py", line 169, in load_source
    module = _exec(spec, sys.modules[name])
  File "<frozen importlib._bootstrap>", line 613, in _exec
  File "<frozen importlib._bootstrap_external>", line 850, in exec_module
  File "<frozen importlib._bootstrap>", line 228, in _call_with_frames_removed
  File "passenger_wsgi.py", line 8, in <module>
    wsgi = imp.load_source('wsgi', 'passenger_wsgi.py')
  File "/opt/alt/python39/lib64/python3.9/imp.py", line 169, in load_source
    module = _exec(spec, sys.modules[name])
  File "<frozen importlib._bootstrap>", line 613, in _exec
  File "<frozen importlib._bootstrap_external>", line 850, in exec_module
  File "<frozen importlib._bootstrap>", line 228, in _call_with_frames_removed
  File "passenger_wsgi.py", line 8, in <module>
    wsgi = imp.load_source('wsgi', 'passenger_wsgi.py')
  File "/opt/alt/python39/lib64/python3.9/imp.py", line 169, in load_source
    module = _exec(spec, sys.modules[name])
  File "<frozen importlib._bootstrap>", line 613, in _exec
  File "<frozen importlib._bootstrap_external>", line 850, in exec_module
  File "<frozen importlib._bootstrap>", line 228, in _call_with_frames_removed
  File "passenger_wsgi.py", line 8, in <module>
    wsgi = imp.load_source('wsgi', 'passenger_wsgi.py')
  File "/opt/alt/python39/lib64/python3.9/imp.py", line 169, in load_source
    module = _exec(spec, sys.modules[name])
  File "<frozen importlib._bootstrap>", line 613, in _exec
  File "<frozen importlib._bootstrap_external>", line 850, in exec_module
  File "<frozen importlib._bootstrap>", line 228, in _call_with_frames_removed
  File "passenger_wsgi.py", line 8, in <module>
    wsgi = imp.load_source('wsgi', 'passenger_wsgi.py')
  File "/opt/alt/python39/lib64/python3.9/imp.py", line 169, in load_source
    module = _exec(spec, sys.modules[name])
  File "<frozen importlib._bootstrap>", line 613, in _exec
  File "<frozen importlib._bootstrap_external>", line 850, in exec_module
  File "<frozen importlib._bootstrap>", line 228, in _call_with_frames_removed
  File "passenger_wsgi.py", line 8, in <module>
    wsgi = imp.load_source('wsgi', 'passenger_wsgi.py')
  File "/opt/alt/python39/lib64/python3.9/imp.py", line 169, in load_source
    module = _exec(spec, sys.modules[name])
  File "<frozen importlib._bootstrap>", line 613, in _exec
  File "<frozen importlib._bootstrap_external>", line 850, in exec_module
  File "<frozen importlib._bootstrap>", line 228, in _call_with_frames_removed
  File "passenger_wsgi.py", line 8, in <module>
    wsgi = imp.load_source('wsgi', 'passenger_wsgi.py')
  File "/opt/alt/python39/lib64/python3.9/imp.py", line 169, in load_source
    module = _exec(spec, sys.modules[name])
  File "<frozen importlib._bootstrap>", line 613, in _exec
  File "<frozen importlib._bootstrap_external>", line 850, in exec_module
  File "<frozen importlib._bootstrap>", line 228, in _call_with_frames_removed
  File "passenger_wsgi.py", line 8, in <module>
    wsgi = imp.load_source('wsgi', 'passenger_wsgi.py')
  File "/opt/alt/python39/lib64/python3.9/imp.py", line 169, in load_source
    module = _exec(spec, sys.modules[name])
  File "<frozen importlib._bootstrap>", line 613, in _exec
  File "<frozen importlib._bootstrap_external>", line 850, in exec_module
  File "<frozen importlib._bootstrap>", line 228, in _call_with_frames_removed
  File "passenger_wsgi.py", line 8, in <module>
    wsgi = imp.load_source('wsgi', 'passenger_wsgi.py')
  File "/opt/alt/python39/lib64/python3.9/imp.py", line 169, in load_source
    module = _exec(spec, sys.modules[name])
  File "<frozen importlib._bootstrap>", line 613, in _exec
  File "<frozen importlib._bootstrap_external>", line 850, in exec_module
  File "<frozen importlib._bootstrap>", line 228, in _call_with_frames_removed
  File "passenger_wsgi.py", line 8, in <module>
    wsgi = imp.load_source('wsgi', 'passenger_wsgi.py')
  File "/opt/alt/python39/lib64/python3.9/imp.py", line 169, in load_source
    module = _exec(spec, sys.modules[name])
  File "<frozen importlib._bootstrap>", line 613, in _exec
  File "<frozen importlib._bootstrap_external>", line 850, in exec_module
  File "<frozen importlib._bootstrap>", line 228, in _call_with_frames_removed
  File "passenger_wsgi.py", line 8, in <module>
    wsgi = imp.load_source('wsgi', 'passenger_wsgi.py')
  File "/opt/alt/python39/lib64/python3.9/imp.py", line 169, in load_source
    module = _exec(spec, sys.modules[name])
  File "<frozen importlib._bootstrap>", line 613, in _exec
  File "<frozen importlib._bootstrap_external>", line 850, in exec_module
  File "<frozen importlib._bootstrap>", line 228, in _call_with_frames_removed
  File "passenger_wsgi.py", line 8, in <module>
    wsgi = imp.load_source('wsgi', 'passenger_wsgi.py')
  File "/opt/alt/python39/lib64/python3.9/imp.py", line 169, in load_source
    module = _exec(spec, sys.modules[name])
  File "<frozen importlib._bootstrap>", line 613, in _exec
  File "<frozen importlib._bootstrap_external>", line 850, in exec_module
  File "<frozen importlib._bootstrap>", line 228, in _call_with_frames_removed
  File "passenger_wsgi.py", line 8, in <module>
    wsgi = imp.load_source('wsgi', 'passenger_wsgi.py')
  File "/opt/alt/python39/lib64/python3.9/imp.py", line 169, in load_source
    module = _exec(spec, sys.modules[name])
  File "<frozen importlib._bootstrap>", line 613, in _exec
  File "<frozen importlib._bootstrap_external>", line 850, in exec_module
  File "<frozen importlib._bootstrap>", line 228, in _call_with_frames_removed
  File "passenger_wsgi.py", line 8, in <module>
    wsgi = imp.load_source('wsgi', 'passenger_wsgi.py')
  File "/opt/alt/python39/lib64/python3.9/imp.py", line 169, in load_source
    module = _exec(spec, sys.modules[name])
  File "<frozen importlib._bootstrap>", line 613, in _exec
  File "<frozen importlib._bootstrap_external>", line 850, in exec_module
  File "<frozen importlib._bootstrap>", line 228, in _call_with_frames_removed
  File "passenger_wsgi.py", line 8, in <module>
    wsgi = imp.load_source('wsgi', 'passenger_wsgi.py')
  File "/opt/alt/python39/lib64/python3.9/imp.py", line 169, in load_source
    module = _exec(spec, sys.modules[name])
  File "<frozen importlib._bootstrap>", line 613, in _exec
  File "<frozen importlib._bootstrap_external>", line 850, in exec_module
  File "<frozen importlib._bootstrap>", line 228, in _call_with_frames_removed
  File "passenger_wsgi.py", line 8, in <module>
    wsgi = imp.load_source('wsgi', 'passenger_wsgi.py')
  File "/opt/alt/python39/lib64/python3.9/imp.py", line 169, in load_source
    module = _exec(spec, sys.modules[name])
  File "<frozen importlib._bootstrap>", line 613, in _exec
  File "<frozen importlib._bootstrap_external>", line 850, in exec_module
  File "<frozen importlib._bootstrap>", line 228, in _call_with_frames_removed
  File "passenger_wsgi.py", line 8, in <module>
    wsgi = imp.load_source('wsgi', 'passenger_wsgi.py')
  File "/opt/alt/python39/lib64/python3.9/imp.py", line 169, in load_source
    module = _exec(spec, sys.modules[name])
  File "<frozen importlib._bootstrap>", line 613, in _exec
  File "<frozen importlib._bootstrap_external>", line 850, in exec_module
  File "<frozen importlib._bootstrap>", line 228, in _call_with_frames_removed
  File "passenger_wsgi.py", line 8, in <module>
    wsgi = imp.load_source('wsgi', 'passenger_wsgi.py')
  File "/opt/alt/python39/lib64/python3.9/imp.py", line 169, in load_source
    module = _exec(spec, sys.modules[name])
  File "<frozen importlib._bootstrap>", line 613, in _exec
  File "<frozen importlib._bootstrap_external>", line 850, in exec_module
  File "<frozen importlib._bootstrap>", line 228, in _call_with_frames_removed
  File "passenger_wsgi.py", line 8, in <module>
    wsgi = imp.load_source('wsgi', 'passenger_wsgi.py')
  File "/opt/alt/python39/lib64/python3.9/imp.py", line 169, in load_source
    module = _exec(spec, sys.modules[name])
  File "<frozen importlib._bootstrap>", line 613, in _exec
  File "<frozen importlib._bootstrap_external>", line 850, in exec_module
  File "<frozen importlib._bootstrap>", line 228, in _call_with_frames_removed
  File "passenger_wsgi.py", line 8, in <module>
    wsgi = imp.load_source('wsgi', 'passenger_wsgi.py')
  File "/opt/alt/python39/lib64/python3.9/imp.py", line 169, in load_source
    module = _exec(spec, sys.modules[name])
  File "<frozen importlib._bootstrap>", line 613, in _exec
  File "<frozen importlib._bootstrap_external>", line 850, in exec_module
  File "<frozen importlib._bootstrap>", line 228, in _call_with_frames_removed
  File "passenger_wsgi.py", line 8, in <module>
    wsgi = imp.load_source('wsgi', 'passenger_wsgi.py')
  File "/opt/alt/python39/lib64/python3.9/imp.py", line 169, in load_source
    module = _exec(spec, sys.modules[name])
  File "<frozen importlib._bootstrap>", line 613, in _exec
  File "<frozen importlib._bootstrap_external>", line 850, in exec_module
  File "<frozen importlib._bootstrap>", line 228, in _call_with_frames_removed
  File "passenger_wsgi.py", line 8, in <module>
    wsgi = imp.load_source('wsgi', 'passenger_wsgi.py')
  File "/opt/alt/python39/lib64/python3.9/imp.py", line 169, in load_source
    module = _exec(spec, sys.modules[name])
  File "<frozen importlib._bootstrap>", line 613, in _exec
  File "<frozen importlib._bootstrap_external>", line 850, in exec_module
  File "<frozen importlib._bootstrap>", line 228, in _call_with_frames_removed
  File "passenger_wsgi.py", line 8, in <module>
    wsgi = imp.load_source('wsgi', 'passenger_wsgi.py')
  File "/opt/alt/python39/lib64/python3.9/imp.py", line 169, in load_source
    module = _exec(spec, sys.modules[name])
  File "<frozen importlib._bootstrap>", line 613, in _exec
  File "<frozen importlib._bootstrap_external>", line 850, in exec_module
  File "<frozen importlib._bootstrap>", line 228, in _call_with_frames_removed
  File "passenger_wsgi.py", line 8, in <module>
    wsgi = imp.load_source('wsgi', 'passenger_wsgi.py')
  File "/opt/alt/python39/lib64/python3.9/imp.py", line 169, in load_source
    module = _exec(spec, sys.modules[name])
  File "<frozen importlib._bootstrap>", line 613, in _exec
  File "<frozen importlib._bootstrap_external>", line 850, in exec_module
  File "<frozen importlib._bootstrap>", line 228, in _call_with_frames_removed
  File "passenger_wsgi.py", line 8, in <module>
    wsgi = imp.load_source('wsgi', 'passenger_wsgi.py')
  File "/opt/alt/python39/lib64/python3.9/imp.py", line 169, in load_source
    module = _exec(spec, sys.modules[name])
  File "<frozen importlib._bootstrap>", line 613, in _exec
  File "<frozen importlib._bootstrap_external>", line 850, in exec_module
  File "<frozen importlib._bootstrap>", line 228, in _call_with_frames_removed
  File "passenger_wsgi.py", line 8, in <module>
    wsgi = imp.load_source('wsgi', 'passenger_wsgi.py')
  File "/opt/alt/python39/lib64/python3.9/imp.py", line 169, in load_source
    module = _exec(spec, sys.modules[name])
  File "<frozen importlib._bootstrap>", line 613, in _exec
  File "<frozen importlib._bootstrap_external>", line 850, in exec_module
  File "<frozen importlib._bootstrap>", line 228, in _call_with_frames_removed
  File "passenger_wsgi.py", line 8, in <module>
    wsgi = imp.load_source('wsgi', 'passenger_wsgi.py')
  File "/opt/alt/python39/lib64/python3.9/imp.py", line 169, in load_source
    module = _exec(spec, sys.modules[name])
  File "<frozen importlib._bootstrap>", line 613, in _exec
  File "<frozen importlib._bootstrap_external>", line 850, in exec_module
  File "<frozen importlib._bootstrap>", line 228, in _call_with_frames_removed
  File "passenger_wsgi.py", line 8, in <module>
    wsgi = imp.load_source('wsgi', 'passenger_wsgi.py')
  File "/opt/alt/python39/lib64/python3.9/imp.py", line 169, in load_source
    module = _exec(spec, sys.modules[name])
  File "<frozen importlib._bootstrap>", line 613, in _exec
  File "<frozen importlib._bootstrap_external>", line 850, in exec_module
  File "<frozen importlib._bootstrap>", line 228, in _call_with_frames_removed
  File "passenger_wsgi.py", line 8, in <module>
    wsgi = imp.load_source('wsgi', 'passenger_wsgi.py')
  File "/opt/alt/python39/lib64/python3.9/imp.py", line 169, in load_source
    module = _exec(spec, sys.modules[name])
  File "<frozen importlib._bootstrap>", line 613, in _exec
  File "<frozen importlib._bootstrap_external>", line 850, in exec_module
  File "<frozen importlib._bootstrap>", line 228, in _call_with_frames_removed
  File "passenger_wsgi.py", line 8, in <module>
    wsgi = imp.load_source('wsgi', 'passenger_wsgi.py')
  File "/opt/alt/python39/lib64/python3.9/imp.py", line 169, in load_source
    module = _exec(spec, sys.modules[name])
  File "<frozen importlib._bootstrap>", line 613, in _exec
  File "<frozen importlib._bootstrap_external>", line 850, in exec_module
  File "<frozen importlib._bootstrap>", line 228, in _call_with_frames_removed
  File "passenger_wsgi.py", line 8, in <module>
    wsgi = imp.load_source('wsgi', 'passenger_wsgi.py')
  File "/opt/alt/python39/lib64/python3.9/imp.py", line 169, in load_source
    module = _exec(spec, sys.modules[name])
  File "<frozen importlib._bootstrap>", line 613, in _exec
  File "<frozen importlib._bootstrap_external>", line 850, in exec_module
  File "<frozen importlib._bootstrap>", line 228, in _call_with_frames_removed
  File "passenger_wsgi.py", line 8, in <module>
    wsgi = imp.load_source('wsgi', 'passenger_wsgi.py')
  File "/opt/alt/python39/lib64/python3.9/imp.py", line 169, in load_source
    module = _exec(spec, sys.modules[name])
  File "<frozen importlib._bootstrap>", line 613, in _exec
  File "<frozen importlib._bootstrap_external>", line 850, in exec_module
  File "<frozen importlib._bootstrap>", line 228, in _call_with_frames_removed
  File "passenger_wsgi.py", line 8, in <module>
    wsgi = imp.load_source('wsgi', 'passenger_wsgi.py')
  File "/opt/alt/python39/lib64/python3.9/imp.py", line 169, in load_source
    module = _exec(spec, sys.modules[name])
  File "<frozen importlib._bootstrap>", line 613, in _exec
  File "<frozen importlib._bootstrap_external>", line 850, in exec_module
  File "<frozen importlib._bootstrap>", line 228, in _call_with_frames_removed
  File "passenger_wsgi.py", line 8, in <module>
    wsgi = imp.load_source('wsgi', 'passenger_wsgi.py')
  File "/opt/alt/python39/lib64/python3.9/imp.py", line 169, in load_source
    module = _exec(spec, sys.modules[name])
  File "<frozen importlib._bootstrap>", line 613, in _exec
  File "<frozen importlib._bootstrap_external>", line 850, in exec_module
  File "<frozen importlib._bootstrap>", line 228, in _call_with_frames_removed
  File "passenger_wsgi.py", line 8, in <module>
    wsgi = imp.load_source('wsgi', 'passenger_wsgi.py')
  File "/opt/alt/python39/lib64/python3.9/imp.py", line 169, in load_source
    module = _exec(spec, sys.modules[name])
  File "<frozen importlib._bootstrap>", line 613, in _exec
  File "<frozen importlib._bootstrap_external>", line 850, in exec_module
  File "<frozen importlib._bootstrap>", line 228, in _call_with_frames_removed
  File "passenger_wsgi.py", line 8, in <module>
    wsgi = imp.load_source('wsgi', 'passenger_wsgi.py')
  File "/opt/alt/python39/lib64/python3.9/imp.py", line 169, in load_source
    module = _exec(spec, sys.modules[name])
  File "<frozen importlib._bootstrap>", line 613, in _exec
  File "<frozen importlib._bootstrap_external>", line 850, in exec_module
  File "<frozen importlib._bootstrap>", line 228, in _call_with_frames_removed
  File "passenger_wsgi.py", line 8, in <module>
    wsgi = imp.load_source('wsgi', 'passenger_wsgi.py')
  File "/opt/alt/python39/lib64/python3.9/imp.py", line 169, in load_source
    module = _exec(spec, sys.modules[name])
  File "<frozen importlib._bootstrap>", line 613, in _exec
  File "<frozen importlib._bootstrap_external>", line 850, in exec_module
  File "<frozen importlib._bootstrap>", line 228, in _call_with_frames_removed
  File "passenger_wsgi.py", line 8, in <module>
    wsgi = imp.load_source('wsgi', 'passenger_wsgi.py')
  File "/opt/alt/python39/lib64/python3.9/imp.py", line 169, in load_source
    module = _exec(spec, sys.modules[name])
  File "<frozen importlib._bootstrap>", line 613, in _exec
  File "<frozen importlib._bootstrap_external>", line 850, in exec_module
  File "<frozen importlib._bootstrap>", line 228, in _call_with_frames_removed
  File "passenger_wsgi.py", line 8, in <module>
    wsgi = imp.load_source('wsgi', 'passenger_wsgi.py')
  File "/opt/alt/python39/lib64/python3.9/imp.py", line 169, in load_source
    module = _exec(spec, sys.modules[name])
  File "<frozen importlib._bootstrap>", line 613, in _exec
  File "<frozen importlib._bootstrap_external>", line 850, in exec_module
  File "<frozen importlib._bootstrap>", line 228, in _call_with_frames_removed
  File "passenger_wsgi.py", line 8, in <module>
    wsgi = imp.load_source('wsgi', 'passenger_wsgi.py')
  File "/opt/alt/python39/lib64/python3.9/imp.py", line 169, in load_source
    module = _exec(spec, sys.modules[name])
  File "<frozen importlib._bootstrap>", line 613, in _exec
  File "<frozen importlib._bootstrap_external>", line 850, in exec_module
  File "<frozen importlib._bootstrap>", line 228, in _call_with_frames_removed
  File "passenger_wsgi.py", line 8, in <module>
    wsgi = imp.load_source('wsgi', 'passenger_wsgi.py')
  File "/opt/alt/python39/lib64/python3.9/imp.py", line 169, in load_source
    module = _exec(spec, sys.modules[name])
  File "<frozen importlib._bootstrap>", line 613, in _exec
  File "<frozen importlib._bootstrap_external>", line 850, in exec_module
  File "<frozen importlib._bootstrap>", line 228, in _call_with_frames_removed
  File "passenger_wsgi.py", line 8, in <module>
    wsgi = imp.load_source('wsgi', 'passenger_wsgi.py')
  File "/opt/alt/python39/lib64/python3.9/imp.py", line 169, in load_source
    module = _exec(spec, sys.modules[name])
  File "<frozen importlib._bootstrap>", line 613, in _exec
  File "<frozen importlib._bootstrap_external>", line 850, in exec_module
  File "<frozen importlib._bootstrap>", line 228, in _call_with_frames_removed
  File "passenger_wsgi.py", line 8, in <module>
    wsgi = imp.load_source('wsgi', 'passenger_wsgi.py')
  File "/opt/alt/python39/lib64/python3.9/imp.py", line 169, in load_source
    module = _exec(spec, sys.modules[name])
  File "<frozen importlib._bootstrap>", line 613, in _exec
  File "<frozen importlib._bootstrap_external>", line 850, in exec_module
  File "<frozen importlib._bootstrap>", line 228, in _call_with_frames_removed
  File "passenger_wsgi.py", line 8, in <module>
    wsgi = imp.load_source('wsgi', 'passenger_wsgi.py')
  File "/opt/alt/python39/lib64/python3.9/imp.py", line 169, in load_source
    module = _exec(spec, sys.modules[name])
  File "<frozen importlib._bootstrap>", line 613, in _exec
  File "<frozen importlib._bootstrap_external>", line 850, in exec_module
  File "<frozen importlib._bootstrap>", line 228, in _call_with_frames_removed
  File "passenger_wsgi.py", line 8, in <module>
    wsgi = imp.load_source('wsgi', 'passenger_wsgi.py')
  File "/opt/alt/python39/lib64/python3.9/imp.py", line 169, in load_source
    module = _exec(spec, sys.modules[name])
  File "<frozen importlib._bootstrap>", line 613, in _exec
  File "<frozen importlib._bootstrap_external>", line 850, in exec_module
  File "<frozen importlib._bootstrap>", line 228, in _call_with_frames_removed
  File "passenger_wsgi.py", line 8, in <module>
    wsgi = imp.load_source('wsgi', 'passenger_wsgi.py')
  File "/opt/alt/python39/lib64/python3.9/imp.py", line 169, in load_source
    module = _exec(spec, sys.modules[name])
  File "<frozen importlib._bootstrap>", line 613, in _exec
  File "<frozen importlib._bootstrap_external>", line 850, in exec_module
  File "<frozen importlib._bootstrap>", line 228, in _call_with_frames_removed
  File "passenger_wsgi.py", line 8, in <module>
    wsgi = imp.load_source('wsgi', 'passenger_wsgi.py')
  File "/opt/alt/python39/lib64/python3.9/imp.py", line 169, in load_source
    module = _exec(spec, sys.modules[name])
  File "<frozen importlib._bootstrap>", line 613, in _exec
  File "<frozen importlib._bootstrap_external>", line 850, in exec_module
  File "<frozen importlib._bootstrap>", line 228, in _call_with_frames_removed
  File "passenger_wsgi.py", line 8, in <module>
    wsgi = imp.load_source('wsgi', 'passenger_wsgi.py')
  File "/opt/alt/python39/lib64/python3.9/imp.py", line 169, in load_source
    module = _exec(spec, sys.modules[name])
  File "<frozen importlib._bootstrap>", line 613, in _exec
  File "<frozen importlib._bootstrap_external>", line 850, in exec_module
  File "<frozen importlib._bootstrap>", line 228, in _call_with_frames_removed
  File "passenger_wsgi.py", line 8, in <module>
    wsgi = imp.load_source('wsgi', 'passenger_wsgi.py')
  File "/opt/alt/python39/lib64/python3.9/imp.py", line 169, in load_source
    module = _exec(spec, sys.modules[name])
  File "<frozen importlib._bootstrap>", line 613, in _exec
  File "<frozen importlib._bootstrap_external>", line 850, in exec_module
  File "<frozen importlib._bootstrap>", line 228, in _call_with_frames_removed
  File "passenger_wsgi.py", line 8, in <module>
    wsgi = imp.load_source('wsgi', 'passenger_wsgi.py')
  File "/opt/alt/python39/lib64/python3.9/imp.py", line 169, in load_source
    module = _exec(spec, sys.modules[name])
  File "<frozen importlib._bootstrap>", line 613, in _exec
  File "<frozen importlib._bootstrap_external>", line 850, in exec_module
  File "<frozen importlib._bootstrap>", line 228, in _call_with_frames_removed
  File "passenger_wsgi.py", line 8, in <module>
    wsgi = imp.load_source('wsgi', 'passenger_wsgi.py')
  File "/opt/alt/python39/lib64/python3.9/imp.py", line 169, in load_source
    module = _exec(spec, sys.modules[name])
  File "<frozen importlib._bootstrap>", line 613, in _exec
  File "<frozen importlib._bootstrap_external>", line 850, in exec_module
  File "<frozen importlib._bootstrap>", line 228, in _call_with_frames_removed
  File "passenger_wsgi.py", line 8, in <module>
    wsgi = imp.load_source('wsgi', 'passenger_wsgi.py')
  File "/opt/alt/python39/lib64/python3.9/imp.py", line 169, in load_source
    module = _exec(spec, sys.modules[name])
  File "<frozen importlib._bootstrap>", line 613, in _exec
  File "<frozen importlib._bootstrap_external>", line 850, in exec_module
  File "<frozen importlib._bootstrap>", line 228, in _call_with_frames_removed
  File "passenger_wsgi.py", line 8, in <module>
    wsgi = imp.load_source('wsgi', 'passenger_wsgi.py')
  File "/opt/alt/python39/lib64/python3.9/imp.py", line 169, in load_source
    module = _exec(spec, sys.modules[name])
  File "<frozen importlib._bootstrap>", line 613, in _exec
  File "<frozen importlib._bootstrap_external>", line 850, in exec_module
  File "<frozen importlib._bootstrap>", line 228, in _call_with_frames_removed
  File "passenger_wsgi.py", line 8, in <module>
    wsgi = imp.load_source('wsgi', 'passenger_wsgi.py')
  File "/opt/alt/python39/lib64/python3.9/imp.py", line 169, in load_source
    module = _exec(spec, sys.modules[name])
  File "<frozen importlib._bootstrap>", line 613, in _exec
  File "<frozen importlib._bootstrap_external>", line 850, in exec_module
  File "<frozen importlib._bootstrap>", line 228, in _call_with_frames_removed
  File "passenger_wsgi.py", line 8, in <module>
    wsgi = imp.load_source('wsgi', 'passenger_wsgi.py')
  File "/opt/alt/python39/lib64/python3.9/imp.py", line 169, in load_source
    module = _exec(spec, sys.modules[name])
  File "<frozen importlib._bootstrap>", line 613, in _exec
  File "<frozen importlib._bootstrap_external>", line 850, in exec_module
  File "<frozen importlib._bootstrap>", line 228, in _call_with_frames_removed
  File "passenger_wsgi.py", line 8, in <module>
    wsgi = imp.load_source('wsgi', 'passenger_wsgi.py')
  File "/opt/alt/python39/lib64/python3.9/imp.py", line 169, in load_source
    module = _exec(spec, sys.modules[name])
  File "<frozen importlib._bootstrap>", line 613, in _exec
  File "<frozen importlib._bootstrap_external>", line 850, in exec_module
  File "<frozen importlib._bootstrap>", line 228, in _call_with_frames_removed
  File "passenger_wsgi.py", line 8, in <module>
    wsgi = imp.load_source('wsgi', 'passenger_wsgi.py')
  File "/opt/alt/python39/lib64/python3.9/imp.py", line 169, in load_source
    module = _exec(spec, sys.modules[name])
  File "<frozen importlib._bootstrap>", line 613, in _exec
  File "<frozen importlib._bootstrap_external>", line 850, in exec_module
  File "<frozen importlib._bootstrap>", line 228, in _call_with_frames_removed
  File "passenger_wsgi.py", line 8, in <module>
    wsgi = imp.load_source('wsgi', 'passenger_wsgi.py')
  File "/opt/alt/python39/lib64/python3.9/imp.py", line 169, in load_source
    module = _exec(spec, sys.modules[name])
  File "<frozen importlib._bootstrap>", line 613, in _exec
  File "<frozen importlib._bootstrap_external>", line 850, in exec_module
  File "<frozen importlib._bootstrap>", line 228, in _call_with_frames_removed
  File "passenger_wsgi.py", line 8, in <module>
    wsgi = imp.load_source('wsgi', 'passenger_wsgi.py')
  File "/opt/alt/python39/lib64/python3.9/imp.py", line 169, in load_source
    module = _exec(spec, sys.modules[name])
  File "<frozen importlib._bootstrap>", line 613, in _exec
  File "<frozen importlib._bootstrap_external>", line 850, in exec_module
  File "<frozen importlib._bootstrap>", line 228, in _call_with_frames_removed
  File "passenger_wsgi.py", line 8, in <module>
    wsgi = imp.load_source('wsgi', 'passenger_wsgi.py')
  File "/opt/alt/python39/lib64/python3.9/imp.py", line 169, in load_source
    module = _exec(spec, sys.modules[name])
  File "<frozen importlib._bootstrap>", line 613, in _exec
  File "<frozen importlib._bootstrap_external>", line 850, in exec_module
  File "<frozen importlib._bootstrap>", line 228, in _call_with_frames_removed
  File "passenger_wsgi.py", line 8, in <module>
    wsgi = imp.load_source('wsgi', 'passenger_wsgi.py')
  File "/opt/alt/python39/lib64/python3.9/imp.py", line 169, in load_source
    module = _exec(spec, sys.modules[name])
  File "<frozen importlib._bootstrap>", line 613, in _exec
  File "<frozen importlib._bootstrap_external>", line 850, in exec_module
  File "<frozen importlib._bootstrap>", line 228, in _call_with_frames_removed
  File "passenger_wsgi.py", line 8, in <module>
    wsgi = imp.load_source('wsgi', 'passenger_wsgi.py')
  File "/opt/alt/python39/lib64/python3.9/imp.py", line 169, in load_source
    module = _exec(spec, sys.modules[name])
  File "<frozen importlib._bootstrap>", line 613, in _exec
  File "<frozen importlib._bootstrap_external>", line 850, in exec_module
  File "<frozen importlib._bootstrap>", line 228, in _call_with_frames_removed
  File "passenger_wsgi.py", line 8, in <module>
    wsgi = imp.load_source('wsgi', 'passenger_wsgi.py')
  File "/opt/alt/python39/lib64/python3.9/imp.py", line 169, in load_source
    module = _exec(spec, sys.modules[name])
  File "<frozen importlib._bootstrap>", line 613, in _exec
  File "<frozen importlib._bootstrap_external>", line 850, in exec_module
  File "<frozen importlib._bootstrap>", line 228, in _call_with_frames_removed
  File "passenger_wsgi.py", line 8, in <module>
    wsgi = imp.load_source('wsgi', 'passenger_wsgi.py')
  File "/opt/alt/python39/lib64/python3.9/imp.py", line 169, in load_source
    module = _exec(spec, sys.modules[name])
  File "<frozen importlib._bootstrap>", line 613, in _exec
  File "<frozen importlib._bootstrap_external>", line 850, in exec_module
  File "<frozen importlib._bootstrap>", line 228, in _call_with_frames_removed
  File "passenger_wsgi.py", line 8, in <module>
    wsgi = imp.load_source('wsgi', 'passenger_wsgi.py')
  File "/opt/alt/python39/lib64/python3.9/imp.py", line 169, in load_source
    module = _exec(spec, sys.modules[name])
  File "<frozen importlib._bootstrap>", line 613, in _exec
  File "<frozen importlib._bootstrap_external>", line 850, in exec_module
  File "<frozen importlib._bootstrap>", line 228, in _call_with_frames_removed
  File "passenger_wsgi.py", line 8, in <module>
    wsgi = imp.load_source('wsgi', 'passenger_wsgi.py')
  File "/opt/alt/python39/lib64/python3.9/imp.py", line 169, in load_source
    module = _exec(spec, sys.modules[name])
  File "<frozen importlib._bootstrap>", line 613, in _exec
  File "<frozen importlib._bootstrap_external>", line 850, in exec_module
  File "<frozen importlib._bootstrap>", line 228, in _call_with_frames_removed
  File "passenger_wsgi.py", line 8, in <module>
    wsgi = imp.load_source('wsgi', 'passenger_wsgi.py')
  File "/opt/alt/python39/lib64/python3.9/imp.py", line 169, in load_source
    module = _exec(spec, sys.modules[name])
  File "<frozen importlib._bootstrap>", line 613, in _exec
  File "<frozen importlib._bootstrap_external>", line 850, in exec_module
  File "<frozen importlib._bootstrap>", line 228, in _call_with_frames_removed
  File "passenger_wsgi.py", line 8, in <module>
    wsgi = imp.load_source('wsgi', 'passenger_wsgi.py')
  File "/opt/alt/python39/lib64/python3.9/imp.py", line 169, in load_source
    module = _exec(spec, sys.modules[name])
  File "<frozen importlib._bootstrap>", line 613, in _exec
  File "<frozen importlib._bootstrap_external>", line 850, in exec_module
  File "<frozen importlib._bootstrap>", line 228, in _call_with_frames_removed
  File "passenger_wsgi.py", line 8, in <module>
    wsgi = imp.load_source('wsgi', 'passenger_wsgi.py')
  File "/opt/alt/python39/lib64/python3.9/imp.py", line 169, in load_source
    module = _exec(spec, sys.modules[name])
  File "<frozen importlib._bootstrap>", line 613, in _exec
  File "<frozen importlib._bootstrap_external>", line 850, in exec_module
  File "<frozen importlib._bootstrap>", line 228, in _call_with_frames_removed
  File "passenger_wsgi.py", line 8, in <module>
    wsgi = imp.load_source('wsgi', 'passenger_wsgi.py')
  File "/opt/alt/python39/lib64/python3.9/imp.py", line 169, in load_source
    module = _exec(spec, sys.modules[name])
  File "<frozen importlib._bootstrap>", line 613, in _exec
  File "<frozen importlib._bootstrap_external>", line 850, in exec_module
  File "<frozen importlib._bootstrap>", line 228, in _call_with_frames_removed
  File "passenger_wsgi.py", line 8, in <module>
    wsgi = imp.load_source('wsgi', 'passenger_wsgi.py')
  File "/opt/alt/python39/lib64/python3.9/imp.py", line 169, in load_source
    module = _exec(spec, sys.modules[name])
  File "<frozen importlib._bootstrap>", line 613, in _exec
  File "<frozen importlib._bootstrap_external>", line 850, in exec_module
  File "<frozen importlib._bootstrap>", line 228, in _call_with_frames_removed
  File "passenger_wsgi.py", line 8, in <module>
    wsgi = imp.load_source('wsgi', 'passenger_wsgi.py')
  File "/opt/alt/python39/lib64/python3.9/imp.py", line 169, in load_source
    module = _exec(spec, sys.modules[name])
  File "<frozen importlib._bootstrap>", line 613, in _exec
  File "<frozen importlib._bootstrap_external>", line 850, in exec_module
  File "<frozen importlib._bootstrap>", line 228, in _call_with_frames_removed
  File "passenger_wsgi.py", line 8, in <module>
    wsgi = imp.load_source('wsgi', 'passenger_wsgi.py')
  File "/opt/alt/python39/lib64/python3.9/imp.py", line 169, in load_source
    module = _exec(spec, sys.modules[name])
  File "<frozen importlib._bootstrap>", line 613, in _exec
  File "<frozen importlib._bootstrap_external>", line 850, in exec_module
  File "<frozen importlib._bootstrap>", line 228, in _call_with_frames_removed
  File "passenger_wsgi.py", line 8, in <module>
    wsgi = imp.load_source('wsgi', 'passenger_wsgi.py')
  File "/opt/alt/python39/lib64/python3.9/imp.py", line 169, in load_source
    module = _exec(spec, sys.modules[name])
  File "<frozen importlib._bootstrap>", line 613, in _exec
  File "<frozen importlib._bootstrap_external>", line 850, in exec_module
  File "<frozen importlib._bootstrap>", line 228, in _call_with_frames_removed
  File "passenger_wsgi.py", line 8, in <module>
    wsgi = imp.load_source('wsgi', 'passenger_wsgi.py')
  File "/opt/alt/python39/lib64/python3.9/imp.py", line 169, in load_source
    module = _exec(spec, sys.modules[name])
  File "<frozen importlib._bootstrap>", line 613, in _exec
  File "<frozen importlib._bootstrap_external>", line 850, in exec_module
  File "<frozen importlib._bootstrap>", line 228, in _call_with_frames_removed
  File "passenger_wsgi.py", line 8, in <module>
    wsgi = imp.load_source('wsgi', 'passenger_wsgi.py')
  File "/opt/alt/python39/lib64/python3.9/imp.py", line 169, in load_source
    module = _exec(spec, sys.modules[name])
  File "<frozen importlib._bootstrap>", line 613, in _exec
  File "<frozen importlib._bootstrap_external>", line 850, in exec_module
  File "<frozen importlib._bootstrap>", line 228, in _call_with_frames_removed
  File "passenger_wsgi.py", line 8, in <module>
    wsgi = imp.load_source('wsgi', 'passenger_wsgi.py')
  File "/opt/alt/python39/lib64/python3.9/imp.py", line 169, in load_source
    module = _exec(spec, sys.modules[name])
  File "<frozen importlib._bootstrap>", line 613, in _exec
  File "<frozen importlib._bootstrap_external>", line 850, in exec_module
  File "<frozen importlib._bootstrap>", line 228, in _call_with_frames_removed
  File "passenger_wsgi.py", line 8, in <module>
    wsgi = imp.load_source('wsgi', 'passenger_wsgi.py')
  File "/opt/alt/python39/lib64/python3.9/imp.py", line 169, in load_source
    module = _exec(spec, sys.modules[name])
  File "<frozen importlib._bootstrap>", line 613, in _exec
  File "<frozen importlib._bootstrap_external>", line 850, in exec_module
  File "<frozen importlib._bootstrap>", line 228, in _call_with_frames_removed
  File "passenger_wsgi.py", line 8, in <module>
    wsgi = imp.load_source('wsgi', 'passenger_wsgi.py')
  File "/opt/alt/python39/lib64/python3.9/imp.py", line 169, in load_source
    module = _exec(spec, sys.modules[name])
  File "<frozen importlib._bootstrap>", line 613, in _exec
  File "<frozen importlib._bootstrap_external>", line 850, in exec_module
  File "<frozen importlib._bootstrap>", line 228, in _call_with_frames_removed
  File "passenger_wsgi.py", line 8, in <module>
    wsgi = imp.load_source('wsgi', 'passenger_wsgi.py')
  File "/opt/alt/python39/lib64/python3.9/imp.py", line 169, in load_source
    module = _exec(spec, sys.modules[name])
  File "<frozen importlib._bootstrap>", line 613, in _exec
  File "<frozen importlib._bootstrap_external>", line 850, in exec_module
  File "<frozen importlib._bootstrap>", line 228, in _call_with_frames_removed
  File "passenger_wsgi.py", line 8, in <module>
    wsgi = imp.load_source('wsgi', 'passenger_wsgi.py')
  File "/opt/alt/python39/lib64/python3.9/imp.py", line 169, in load_source
    module = _exec(spec, sys.modules[name])
  File "<frozen importlib._bootstrap>", line 613, in _exec
  File "<frozen importlib._bootstrap_external>", line 850, in exec_module
  File "<frozen importlib._bootstrap>", line 228, in _call_with_frames_removed
  File "passenger_wsgi.py", line 8, in <module>
    wsgi = imp.load_source('wsgi', 'passenger_wsgi.py')
  File "/opt/alt/python39/lib64/python3.9/imp.py", line 169, in load_source
    module = _exec(spec, sys.modules[name])
  File "<frozen importlib._bootstrap>", line 613, in _exec
  File "<frozen importlib._bootstrap_external>", line 850, in exec_module
  File "<frozen importlib._bootstrap>", line 228, in _call_with_frames_removed
  File "passenger_wsgi.py", line 8, in <module>
    wsgi = imp.load_source('wsgi', 'passenger_wsgi.py')
  File "/opt/alt/python39/lib64/python3.9/imp.py", line 169, in load_source
    module = _exec(spec, sys.modules[name])
  File "<frozen importlib._bootstrap>", line 613, in _exec
  File "<frozen importlib._bootstrap_external>", line 850, in exec_module
  File "<frozen importlib._bootstrap>", line 228, in _call_with_frames_removed
  File "passenger_wsgi.py", line 8, in <module>
    wsgi = imp.load_source('wsgi', 'passenger_wsgi.py')
  File "/opt/alt/python39/lib64/python3.9/imp.py", line 169, in load_source
    module = _exec(spec, sys.modules[name])
  File "<frozen importlib._bootstrap>", line 613, in _exec
  File "<frozen importlib._bootstrap_external>", line 850, in exec_module
  File "<frozen importlib._bootstrap>", line 228, in _call_with_frames_removed
  File "passenger_wsgi.py", line 8, in <module>
    wsgi = imp.load_source('wsgi', 'passenger_wsgi.py')
  File "/opt/alt/python39/lib64/python3.9/imp.py", line 169, in load_source
    module = _exec(spec, sys.modules[name])
  File "<frozen importlib._bootstrap>", line 613, in _exec
  File "<frozen importlib._bootstrap_external>", line 850, in exec_module
  File "<frozen importlib._bootstrap>", line 228, in _call_with_frames_removed
  File "passenger_wsgi.py", line 8, in <module>
    wsgi = imp.load_source('wsgi', 'passenger_wsgi.py')
  File "/opt/alt/python39/lib64/python3.9/imp.py", line 169, in load_source
    module = _exec(spec, sys.modules[name])
  File "<frozen importlib._bootstrap>", line 613, in _exec
  File "<frozen importlib._bootstrap_external>", line 850, in exec_module
  File "<frozen importlib._bootstrap>", line 228, in _call_with_frames_removed
  File "passenger_wsgi.py", line 8, in <module>
    wsgi = imp.load_source('wsgi', 'passenger_wsgi.py')
  File "/opt/alt/python39/lib64/python3.9/imp.py", line 169, in load_source
    module = _exec(spec, sys.modules[name])
  File "<frozen importlib._bootstrap>", line 613, in _exec
  File "<frozen importlib._bootstrap_external>", line 850, in exec_module
  File "<frozen importlib._bootstrap>", line 228, in _call_with_frames_removed
  File "passenger_wsgi.py", line 8, in <module>
    wsgi = imp.load_source('wsgi', 'passenger_wsgi.py')
  File "/opt/alt/python39/lib64/python3.9/imp.py", line 169, in load_source
    module = _exec(spec, sys.modules[name])
  File "<frozen importlib._bootstrap>", line 613, in _exec
  File "<frozen importlib._bootstrap_external>", line 850, in exec_module
  File "<frozen importlib._bootstrap>", line 228, in _call_with_frames_removed
  File "passenger_wsgi.py", line 8, in <module>
    wsgi = imp.load_source('wsgi', 'passenger_wsgi.py')
  File "/opt/alt/python39/lib64/python3.9/imp.py", line 169, in load_source
    module = _exec(spec, sys.modules[name])
  File "<frozen importlib._bootstrap>", line 613, in _exec
  File "<frozen importlib._bootstrap_external>", line 850, in exec_module
  File "<frozen importlib._bootstrap>", line 228, in _call_with_frames_removed
  File "passenger_wsgi.py", line 8, in <module>
    wsgi = imp.load_source('wsgi', 'passenger_wsgi.py')
  File "/opt/alt/python39/lib64/python3.9/imp.py", line 169, in load_source
    module = _exec(spec, sys.modules[name])
  File "<frozen importlib._bootstrap>", line 613, in _exec
  File "<frozen importlib._bootstrap_external>", line 850, in exec_module
  File "<frozen importlib._bootstrap>", line 228, in _call_with_frames_removed
  File "passenger_wsgi.py", line 8, in <module>
    wsgi = imp.load_source('wsgi', 'passenger_wsgi.py')
  File "/opt/alt/python39/lib64/python3.9/imp.py", line 169, in load_source
    module = _exec(spec, sys.modules[name])
  File "<frozen importlib._bootstrap>", line 613, in _exec
  File "<frozen importlib._bootstrap_external>", line 850, in exec_module
  File "<frozen importlib._bootstrap>", line 228, in _call_with_frames_removed
  File "passenger_wsgi.py", line 8, in <module>
    wsgi = imp.load_source('wsgi', 'passenger_wsgi.py')
  File "/opt/alt/python39/lib64/python3.9/imp.py", line 169, in load_source
    module = _exec(spec, sys.modules[name])
  File "<frozen importlib._bootstrap>", line 613, in _exec
  File "<frozen importlib._bootstrap_external>", line 850, in exec_module
  File "<frozen importlib._bootstrap>", line 228, in _call_with_frames_removed
  File "passenger_wsgi.py", line 8, in <module>
    wsgi = imp.load_source('wsgi', 'passenger_wsgi.py')
  File "/opt/alt/python39/lib64/python3.9/imp.py", line 169, in load_source
    module = _exec(spec, sys.modules[name])
  File "<frozen importlib._bootstrap>", line 613, in _exec
  File "<frozen importlib._bootstrap_external>", line 850, in exec_module
  File "<frozen importlib._bootstrap>", line 228, in _call_with_frames_removed
  File "passenger_wsgi.py", line 8, in <module>
    wsgi = imp.load_source('wsgi', 'passenger_wsgi.py')
  File "/opt/alt/python39/lib64/python3.9/imp.py", line 169, in load_source
    module = _exec(spec, sys.modules[name])
  File "<frozen importlib._bootstrap>", line 613, in _exec
  File "<frozen importlib._bootstrap_external>", line 850, in exec_module
  File "<frozen importlib._bootstrap>", line 228, in _call_with_frames_removed
  File "passenger_wsgi.py", line 8, in <module>
    wsgi = imp.load_source('wsgi', 'passenger_wsgi.py')
  File "/opt/alt/python39/lib64/python3.9/imp.py", line 169, in load_source
    module = _exec(spec, sys.modules[name])
  File "<frozen importlib._bootstrap>", line 613, in _exec
  File "<frozen importlib._bootstrap_external>", line 850, in exec_module
  File "<frozen importlib._bootstrap>", line 228, in _call_with_frames_removed
  File "passenger_wsgi.py", line 8, in <module>
    wsgi = imp.load_source('wsgi', 'passenger_wsgi.py')
  File "/opt/alt/python39/lib64/python3.9/imp.py", line 169, in load_source
    module = _exec(spec, sys.modules[name])
  File "<frozen importlib._bootstrap>", line 613, in _exec
  File "<frozen importlib._bootstrap_external>", line 850, in exec_module
  File "<frozen importlib._bootstrap>", line 228, in _call_with_frames_removed
  File "passenger_wsgi.py", line 8, in <module>
    wsgi = imp.load_source('wsgi', 'passenger_wsgi.py')
  File "/opt/alt/python39/lib64/python3.9/imp.py", line 169, in load_source
    module = _exec(spec, sys.modules[name])
  File "<frozen importlib._bootstrap>", line 613, in _exec
  File "<frozen importlib._bootstrap_external>", line 850, in exec_module
  File "<frozen importlib._bootstrap>", line 228, in _call_with_frames_removed
  File "passenger_wsgi.py", line 8, in <module>
    wsgi = imp.load_source('wsgi', 'passenger_wsgi.py')
  File "/opt/alt/python39/lib64/python3.9/imp.py", line 169, in load_source
    module = _exec(spec, sys.modules[name])
  File "<frozen importlib._bootstrap>", line 613, in _exec
  File "<frozen importlib._bootstrap_external>", line 850, in exec_module
  File "<frozen importlib._bootstrap>", line 228, in _call_with_frames_removed
  File "passenger_wsgi.py", line 8, in <module>
    wsgi = imp.load_source('wsgi', 'passenger_wsgi.py')
  File "/opt/alt/python39/lib64/python3.9/imp.py", line 169, in load_source
    module = _exec(spec, sys.modules[name])
  File "<frozen importlib._bootstrap>", line 613, in _exec
  File "<frozen importlib._bootstrap_external>", line 850, in exec_module
  File "<frozen importlib._bootstrap>", line 228, in _call_with_frames_removed
  File "passenger_wsgi.py", line 8, in <module>
    wsgi = imp.load_source('wsgi', 'passenger_wsgi.py')
  File "/opt/alt/python39/lib64/python3.9/imp.py", line 169, in load_source
    module = _exec(spec, sys.modules[name])
  File "<frozen importlib._bootstrap>", line 613, in _exec
  File "<frozen importlib._bootstrap_external>", line 850, in exec_module
  File "<frozen importlib._bootstrap>", line 228, in _call_with_frames_removed
  File "passenger_wsgi.py", line 8, in <module>
    wsgi = imp.load_source('wsgi', 'passenger_wsgi.py')
  File "/opt/alt/python39/lib64/python3.9/imp.py", line 169, in load_source
    module = _exec(spec, sys.modules[name])
  File "<frozen importlib._bootstrap>", line 613, in _exec
  File "<frozen importlib._bootstrap_external>", line 850, in exec_module
  File "<frozen importlib._bootstrap>", line 228, in _call_with_frames_removed
  File "passenger_wsgi.py", line 8, in <module>
    wsgi = imp.load_source('wsgi', 'passenger_wsgi.py')
  File "/opt/alt/python39/lib64/python3.9/imp.py", line 169, in load_source
    module = _exec(spec, sys.modules[name])
  File "<frozen importlib._bootstrap>", line 613, in _exec
  File "<frozen importlib._bootstrap_external>", line 850, in exec_module
  File "<frozen importlib._bootstrap>", line 228, in _call_with_frames_removed
  File "passenger_wsgi.py", line 8, in <module>
    wsgi = imp.load_source('wsgi', 'passenger_wsgi.py')
  File "/opt/alt/python39/lib64/python3.9/imp.py", line 169, in load_source
    module = _exec(spec, sys.modules[name])
  File "<frozen importlib._bootstrap>", line 613, in _exec
  File "<frozen importlib._bootstrap_external>", line 850, in exec_module
  File "<frozen importlib._bootstrap>", line 228, in _call_with_frames_removed
  File "passenger_wsgi.py", line 8, in <module>
    wsgi = imp.load_source('wsgi', 'passenger_wsgi.py')
  File "/opt/alt/python39/lib64/python3.9/imp.py", line 169, in load_source
    module = _exec(spec, sys.modules[name])
  File "<frozen importlib._bootstrap>", line 613, in _exec
  File "<frozen importlib._bootstrap_external>", line 850, in exec_module
  File "<frozen importlib._bootstrap>", line 228, in _call_with_frames_removed
  File "passenger_wsgi.py", line 8, in <module>
    wsgi = imp.load_source('wsgi', 'passenger_wsgi.py')
  File "/opt/alt/python39/lib64/python3.9/imp.py", line 169, in load_source
    module = _exec(spec, sys.modules[name])
  File "<frozen importlib._bootstrap>", line 613, in _exec
  File "<frozen importlib._bootstrap_external>", line 850, in exec_module
  File "<frozen importlib._bootstrap>", line 228, in _call_with_frames_removed
  File "passenger_wsgi.py", line 8, in <module>
    wsgi = imp.load_source('wsgi', 'passenger_wsgi.py')
  File "/opt/alt/python39/lib64/python3.9/imp.py", line 169, in load_source
    module = _exec(spec, sys.modules[name])
  File "<frozen importlib._bootstrap>", line 613, in _exec
  File "<frozen importlib._bootstrap_external>", line 850, in exec_module
  File "<frozen importlib._bootstrap>", line 228, in _call_with_frames_removed
  File "passenger_wsgi.py", line 8, in <module>
    wsgi = imp.load_source('wsgi', 'passenger_wsgi.py')
  File "/opt/alt/python39/lib64/python3.9/imp.py", line 169, in load_source
    module = _exec(spec, sys.modules[name])
  File "<frozen importlib._bootstrap>", line 613, in _exec
  File "<frozen importlib._bootstrap_external>", line 850, in exec_module
  File "<frozen importlib._bootstrap>", line 228, in _call_with_frames_removed
  File "passenger_wsgi.py", line 8, in <module>
    wsgi = imp.load_source('wsgi', 'passenger_wsgi.py')
  File "/opt/alt/python39/lib64/python3.9/imp.py", line 169, in load_source
    module = _exec(spec, sys.modules[name])
  File "<frozen importlib._bootstrap>", line 613, in _exec
  File "<frozen importlib._bootstrap_external>", line 850, in exec_module
  File "<frozen importlib._bootstrap>", line 228, in _call_with_frames_removed
  File "passenger_wsgi.py", line 8, in <module>
    wsgi = imp.load_source('wsgi', 'passenger_wsgi.py')
  File "/opt/alt/python39/lib64/python3.9/imp.py", line 169, in load_source
    module = _exec(spec, sys.modules[name])
  File "<frozen importlib._bootstrap>", line 613, in _exec
  File "<frozen importlib._bootstrap_external>", line 850, in exec_module
  File "<frozen importlib._bootstrap>", line 228, in _call_with_frames_removed
  File "passenger_wsgi.py", line 8, in <module>
    wsgi = imp.load_source('wsgi', 'passenger_wsgi.py')
  File "/opt/alt/python39/lib64/python3.9/imp.py", line 169, in load_source
    module = _exec(spec, sys.modules[name])
  File "<frozen importlib._bootstrap>", line 613, in _exec
  File "<frozen importlib._bootstrap_external>", line 850, in exec_module
  File "<frozen importlib._bootstrap>", line 228, in _call_with_frames_removed
  File "passenger_wsgi.py", line 8, in <module>
    wsgi = imp.load_source('wsgi', 'passenger_wsgi.py')
  File "/opt/alt/python39/lib64/python3.9/imp.py", line 169, in load_source
    module = _exec(spec, sys.modules[name])
  File "<frozen importlib._bootstrap>", line 613, in _exec
  File "<frozen importlib._bootstrap_external>", line 850, in exec_module
  File "<frozen importlib._bootstrap>", line 228, in _call_with_frames_removed
  File "passenger_wsgi.py", line 8, in <module>
    wsgi = imp.load_source('wsgi', 'passenger_wsgi.py')
  File "/opt/alt/python39/lib64/python3.9/imp.py", line 169, in load_source
    module = _exec(spec, sys.modules[name])
  File "<frozen importlib._bootstrap>", line 613, in _exec
  File "<frozen importlib._bootstrap_external>", line 850, in exec_module
  File "<frozen importlib._bootstrap>", line 228, in _call_with_frames_removed
  File "passenger_wsgi.py", line 8, in <module>
    wsgi = imp.load_source('wsgi', 'passenger_wsgi.py')
  File "/opt/alt/python39/lib64/python3.9/imp.py", line 169, in load_source
    module = _exec(spec, sys.modules[name])
  File "<frozen importlib._bootstrap>", line 613, in _exec
  File "<frozen importlib._bootstrap_external>", line 850, in exec_module
  File "<frozen importlib._bootstrap>", line 228, in _call_with_frames_removed
  File "passenger_wsgi.py", line 8, in <module>
    wsgi = imp.load_source('wsgi', 'passenger_wsgi.py')
  File "/opt/alt/python39/lib64/python3.9/imp.py", line 169, in load_source
    module = _exec(spec, sys.modules[name])
  File "<frozen importlib._bootstrap>", line 613, in _exec
  File "<frozen importlib._bootstrap_external>", line 850, in exec_module
  File "<frozen importlib._bootstrap>", line 228, in _call_with_frames_removed
  File "passenger_wsgi.py", line 8, in <module>
    wsgi = imp.load_source('wsgi', 'passenger_wsgi.py')
  File "/opt/alt/python39/lib64/python3.9/imp.py", line 169, in load_source
    module = _exec(spec, sys.modules[name])
  File "<frozen importlib._bootstrap>", line 613, in _exec
  File "<frozen importlib._bootstrap_external>", line 850, in exec_module
  File "<frozen importlib._bootstrap>", line 228, in _call_with_frames_removed
  File "passenger_wsgi.py", line 8, in <module>
    wsgi = imp.load_source('wsgi', 'passenger_wsgi.py')
  File "/opt/alt/python39/lib64/python3.9/imp.py", line 169, in load_source
    module = _exec(spec, sys.modules[name])
  File "<frozen importlib._bootstrap>", line 613, in _exec
  File "<frozen importlib._bootstrap_external>", line 850, in exec_module
  File "<frozen importlib._bootstrap>", line 228, in _call_with_frames_removed
  File "passenger_wsgi.py", line 8, in <module>
    wsgi = imp.load_source('wsgi', 'passenger_wsgi.py')
  File "/opt/alt/python39/lib64/python3.9/imp.py", line 169, in load_source
    module = _exec(spec, sys.modules[name])
  File "<frozen importlib._bootstrap>", line 613, in _exec
  File "<frozen importlib._bootstrap_external>", line 850, in exec_module
  File "<frozen importlib._bootstrap>", line 228, in _call_with_frames_removed
  File "passenger_wsgi.py", line 8, in <module>
    wsgi = imp.load_source('wsgi', 'passenger_wsgi.py')
  File "/opt/alt/python39/lib64/python3.9/imp.py", line 169, in load_source
    module = _exec(spec, sys.modules[name])
  File "<frozen importlib._bootstrap>", line 613, in _exec
  File "<frozen importlib._bootstrap_external>", line 850, in exec_module
  File "<frozen importlib._bootstrap>", line 228, in _call_with_frames_removed
  File "passenger_wsgi.py", line 8, in <module>
    wsgi = imp.load_source('wsgi', 'passenger_wsgi.py')
  File "/opt/alt/python39/lib64/python3.9/imp.py", line 169, in load_source
    module = _exec(spec, sys.modules[name])
  File "<frozen importlib._bootstrap>", line 613, in _exec
  File "<frozen importlib._bootstrap_external>", line 850, in exec_module
  File "<frozen importlib._bootstrap>", line 228, in _call_with_frames_removed
  File "passenger_wsgi.py", line 8, in <module>
    wsgi = imp.load_source('wsgi', 'passenger_wsgi.py')
  File "/opt/alt/python39/lib64/python3.9/imp.py", line 169, in load_source
    module = _exec(spec, sys.modules[name])
  File "<frozen importlib._bootstrap>", line 613, in _exec
  File "<frozen importlib._bootstrap_external>", line 850, in exec_module
  File "<frozen importlib._bootstrap>", line 228, in _call_with_frames_removed
  File "passenger_wsgi.py", line 8, in <module>
    wsgi = imp.load_source('wsgi', 'passenger_wsgi.py')
  File "/opt/alt/python39/lib64/python3.9/imp.py", line 169, in load_source
    module = _exec(spec, sys.modules[name])
  File "<frozen importlib._bootstrap>", line 613, in _exec
  File "<frozen importlib._bootstrap_external>", line 850, in exec_module
  File "<frozen importlib._bootstrap>", line 228, in _call_with_frames_removed
  File "passenger_wsgi.py", line 8, in <module>
    wsgi = imp.load_source('wsgi', 'passenger_wsgi.py')
  File "/opt/alt/python39/lib64/python3.9/imp.py", line 169, in load_source
    module = _exec(spec, sys.modules[name])
  File "<frozen importlib._bootstrap>", line 613, in _exec
  File "<frozen importlib._bootstrap_external>", line 850, in exec_module
  File "<frozen importlib._bootstrap>", line 228, in _call_with_frames_removed
  File "passenger_wsgi.py", line 8, in <module>
    wsgi = imp.load_source('wsgi', 'passenger_wsgi.py')
  File "/opt/alt/python39/lib64/python3.9/imp.py", line 169, in load_source
    module = _exec(spec, sys.modules[name])
  File "<frozen importlib._bootstrap>", line 613, in _exec
  File "<frozen importlib._bootstrap_external>", line 850, in exec_module
  File "<frozen importlib._bootstrap>", line 228, in _call_with_frames_removed
  File "passenger_wsgi.py", line 8, in <module>
    wsgi = imp.load_source('wsgi', 'passenger_wsgi.py')
  File "/opt/alt/python39/lib64/python3.9/imp.py", line 169, in load_source
    module = _exec(spec, sys.modules[name])
  File "<frozen importlib._bootstrap>", line 613, in _exec
  File "<frozen importlib._bootstrap_external>", line 850, in exec_module
  File "<frozen importlib._bootstrap>", line 228, in _call_with_frames_removed
  File "passenger_wsgi.py", line 8, in <module>
    wsgi = imp.load_source('wsgi', 'passenger_wsgi.py')
  File "/opt/alt/python39/lib64/python3.9/imp.py", line 169, in load_source
    module = _exec(spec, sys.modules[name])
  File "<frozen importlib._bootstrap>", line 613, in _exec
  File "<frozen importlib._bootstrap_external>", line 850, in exec_module
  File "<frozen importlib._bootstrap>", line 228, in _call_with_frames_removed
  File "passenger_wsgi.py", line 8, in <module>
    wsgi = imp.load_source('wsgi', 'passenger_wsgi.py')
  File "/opt/alt/python39/lib64/python3.9/imp.py", line 169, in load_source
    module = _exec(spec, sys.modules[name])
  File "<frozen importlib._bootstrap>", line 613, in _exec
  File "<frozen importlib._bootstrap_external>", line 850, in exec_module
  File "<frozen importlib._bootstrap>", line 228, in _call_with_frames_removed
  File "passenger_wsgi.py", line 8, in <module>
    wsgi = imp.load_source('wsgi', 'passenger_wsgi.py')
  File "/opt/alt/python39/lib64/python3.9/imp.py", line 169, in load_source
    module = _exec(spec, sys.modules[name])
  File "<frozen importlib._bootstrap>", line 613, in _exec
  File "<frozen importlib._bootstrap_external>", line 850, in exec_module
  File "<frozen importlib._bootstrap>", line 228, in _call_with_frames_removed
  File "passenger_wsgi.py", line 8, in <module>
    wsgi = imp.load_source('wsgi', 'passenger_wsgi.py')
  File "/opt/alt/python39/lib64/python3.9/imp.py", line 169, in load_source
    module = _exec(spec, sys.modules[name])
  File "<frozen importlib._bootstrap>", line 613, in _exec
  File "<frozen importlib._bootstrap_external>", line 850, in exec_module
  File "<frozen importlib._bootstrap>", line 228, in _call_with_frames_removed
  File "passenger_wsgi.py", line 8, in <module>
    wsgi = imp.load_source('wsgi', 'passenger_wsgi.py')
  File "/opt/alt/python39/lib64/python3.9/imp.py", line 169, in load_source
    module = _exec(spec, sys.modules[name])
  File "<frozen importlib._bootstrap>", line 613, in _exec
  File "<frozen importlib._bootstrap_external>", line 850, in exec_module
  File "<frozen importlib._bootstrap>", line 228, in _call_with_frames_removed
  File "passenger_wsgi.py", line 8, in <module>
    wsgi = imp.load_source('wsgi', 'passenger_wsgi.py')
  File "/opt/alt/python39/lib64/python3.9/imp.py", line 169, in load_source
    module = _exec(spec, sys.modules[name])
  File "<frozen importlib._bootstrap>", line 613, in _exec
  File "<frozen importlib._bootstrap_external>", line 850, in exec_module
  File "<frozen importlib._bootstrap>", line 228, in _call_with_frames_removed
  File "passenger_wsgi.py", line 8, in <module>
    wsgi = imp.load_source('wsgi', 'passenger_wsgi.py')
  File "/opt/alt/python39/lib64/python3.9/imp.py", line 169, in load_source
    module = _exec(spec, sys.modules[name])
  File "<frozen importlib._bootstrap>", line 613, in _exec
  File "<frozen importlib._bootstrap_external>", line 850, in exec_module
  File "<frozen importlib._bootstrap>", line 228, in _call_with_frames_removed
  File "passenger_wsgi.py", line 8, in <module>
    wsgi = imp.load_source('wsgi', 'passenger_wsgi.py')
  File "/opt/alt/python39/lib64/python3.9/imp.py", line 169, in load_source
    module = _exec(spec, sys.modules[name])
  File "<frozen importlib._bootstrap>", line 613, in _exec
  File "<frozen importlib._bootstrap_external>", line 850, in exec_module
  File "<frozen importlib._bootstrap>", line 228, in _call_with_frames_removed
  File "passenger_wsgi.py", line 8, in <module>
    wsgi = imp.load_source('wsgi', 'passenger_wsgi.py')
  File "/opt/alt/python39/lib64/python3.9/imp.py", line 169, in load_source
    module = _exec(spec, sys.modules[name])
  File "<frozen importlib._bootstrap>", line 613, in _exec
  File "<frozen importlib._bootstrap_external>", line 850, in exec_module
  File "<frozen importlib._bootstrap>", line 228, in _call_with_frames_removed
  File "passenger_wsgi.py", line 8, in <module>
    wsgi = imp.load_source('wsgi', 'passenger_wsgi.py')
  File "/opt/alt/python39/lib64/python3.9/imp.py", line 169, in load_source
    module = _exec(spec, sys.modules[name])
  File "<frozen importlib._bootstrap>", line 613, in _exec
  File "<frozen importlib._bootstrap_external>", line 850, in exec_module
  File "<frozen importlib._bootstrap>", line 228, in _call_with_frames_removed
  File "passenger_wsgi.py", line 8, in <module>
    wsgi = imp.load_source('wsgi', 'passenger_wsgi.py')
  File "/opt/alt/python39/lib64/python3.9/imp.py", line 169, in load_source
    module = _exec(spec, sys.modules[name])
  File "<frozen importlib._bootstrap>", line 613, in _exec
  File "<frozen importlib._bootstrap_external>", line 850, in exec_module
  File "<frozen importlib._bootstrap>", line 228, in _call_with_frames_removed
  File "passenger_wsgi.py", line 8, in <module>
    wsgi = imp.load_source('wsgi', 'passenger_wsgi.py')
  File "/opt/alt/python39/lib64/python3.9/imp.py", line 169, in load_source
    module = _exec(spec, sys.modules[name])
  File "<frozen importlib._bootstrap>", line 613, in _exec
  File "<frozen importlib._bootstrap_external>", line 850, in exec_module
  File "<frozen importlib._bootstrap>", line 228, in _call_with_frames_removed
  File "passenger_wsgi.py", line 8, in <module>
    wsgi = imp.load_source('wsgi', 'passenger_wsgi.py')
  File "/opt/alt/python39/lib64/python3.9/imp.py", line 169, in load_source
    module = _exec(spec, sys.modules[name])
  File "<frozen importlib._bootstrap>", line 606, in _exec
  File "<frozen importlib._bootstrap>", line 550, in _init_module_attrs
  File "<frozen importlib._bootstrap>", line 391, in cached
  File "<frozen importlib._bootstrap_external>", line 494, in _get_cached
  File "<frozen importlib._bootstrap_external>", line 387, in cache_from_source
  File "<frozen importlib._bootstrap_external>", line 129, in _path_split
RecursionError: maximum recursion depth exceeded
[2026-04-11 20:08:56,412] ERROR in app: Exception on /dashboard/onsite-alert [GET]
Traceback (most recent call last):
  File "/home/eaglcqjv/virtualenv/public_html/syscare/3.9/lib64/python3.9/site-packages/sqlalchemy/engine/base.py", line 1815, in _execute_context
    context = constructor(
  File "/home/eaglcqjv/virtualenv/public_html/syscare/3.9/lib64/python3.9/site-packages/sqlalchemy/engine/default.py", line 1438, in _init_compiled
    self.cursor = self.create_cursor()
  File "/home/eaglcqjv/virtualenv/public_html/syscare/3.9/lib64/python3.9/site-packages/sqlalchemy/engine/default.py", line 1777, in create_cursor
    return self.create_default_cursor()
  File "/home/eaglcqjv/virtualenv/public_html/syscare/3.9/lib64/python3.9/site-packages/sqlalchemy/dialects/mysql/mysqlconnector.py", line 88, in create_default_cursor
    return self._dbapi_connection.cursor(buffered=True)
  File "/home/eaglcqjv/virtualenv/public_html/syscare/3.9/lib64/python3.9/site-packages/sqlalchemy/pool/base.py", line 1494, in cursor
    return self.dbapi_connection.cursor(*args, **kwargs)
  File "/home/eaglcqjv/virtualenv/public_html/syscare/3.9/lib64/python3.9/site-packages/mysql/connector/connection_cext.py", line 841, in cursor
    raise OperationalError("MySQL Connection not available.")
mysql.connector.errors.OperationalError: MySQL Connection not available.

The above exception was the direct cause of the following exception:

Traceback (most recent call last):
  File "/home/eaglcqjv/virtualenv/public_html/syscare/3.9/lib/python3.9/site-packages/flask/app.py", line 1511, in wsgi_app
    response = self.full_dispatch_request()
  File "/home/eaglcqjv/virtualenv/public_html/syscare/3.9/lib/python3.9/site-packages/flask/app.py", line 919, in full_dispatch_request
    rv = self.handle_user_exception(e)
  File "/home/eaglcqjv/virtualenv/public_html/syscare/3.9/lib/python3.9/site-packages/flask/app.py", line 915, in full_dispatch_request
    rv = self.preprocess_request()
  File "/home/eaglcqjv/virtualenv/public_html/syscare/3.9/lib/python3.9/site-packages/flask/app.py", line 1291, in preprocess_request
    rv = self.ensure_sync(before_func)()
  File "/home/eaglcqjv/public_html/syscare/onsite_calls_blueprint.py", line 2122, in onsite_call_media_cleanup
    service.purge_expired_attachments()
  File "/home/eaglcqjv/public_html/syscare/onsite_calls_blueprint.py", line 1338, in purge_expired_attachments
    rows = db_session.execute(
  File "/home/eaglcqjv/virtualenv/public_html/syscare/3.9/lib64/python3.9/site-packages/sqlalchemy/orm/session.py", line 2351, in execute
    return self._execute_internal(
  File "/home/eaglcqjv/virtualenv/public_html/syscare/3.9/lib64/python3.9/site-packages/sqlalchemy/orm/session.py", line 2249, in _execute_internal
    result: Result[Any] = compile_state_cls.orm_execute_statement(
  File "/home/eaglcqjv/virtualenv/public_html/syscare/3.9/lib64/python3.9/site-packages/sqlalchemy/orm/context.py", line 306, in orm_execute_statement
    result = conn.execute(
  File "/home/eaglcqjv/virtualenv/public_html/syscare/3.9/lib64/python3.9/site-packages/sqlalchemy/engine/base.py", line 1419, in execute
    return meth(
  File "/home/eaglcqjv/virtualenv/public_html/syscare/3.9/lib64/python3.9/site-packages/sqlalchemy/sql/elements.py", line 527, in _execute_on_connection
    return connection._execute_clauseelement(
  File "/home/eaglcqjv/virtualenv/public_html/syscare/3.9/lib64/python3.9/site-packages/sqlalchemy/engine/base.py", line 1641, in _execute_clauseelement
    ret = self._execute_context(
  File "/home/eaglcqjv/virtualenv/public_html/syscare/3.9/lib64/python3.9/site-packages/sqlalchemy/engine/base.py", line 1821, in _execute_context
    self._handle_dbapi_exception(
  File "/home/eaglcqjv/virtualenv/public_html/syscare/3.9/lib64/python3.9/site-packages/sqlalchemy/engine/base.py", line 2363, in _handle_dbapi_exception
    raise sqlalchemy_exception.with_traceback(exc_info[2]) from e
  File "/home/eaglcqjv/virtualenv/public_html/syscare/3.9/lib64/python3.9/site-packages/sqlalchemy/engine/base.py", line 1815, in _execute_context
    context = constructor(
  File "/home/eaglcqjv/virtualenv/public_html/syscare/3.9/lib64/python3.9/site-packages/sqlalchemy/engine/default.py", line 1438, in _init_compiled
    self.cursor = self.create_cursor()
  File "/home/eaglcqjv/virtualenv/public_html/syscare/3.9/lib64/python3.9/site-packages/sqlalchemy/engine/default.py", line 1777, in create_cursor
    return self.create_default_cursor()
  File "/home/eaglcqjv/virtualenv/public_html/syscare/3.9/lib64/python3.9/site-packages/sqlalchemy/dialects/mysql/mysqlconnector.py", line 88, in create_default_cursor
    return self._dbapi_connection.cursor(buffered=True)
  File "/home/eaglcqjv/virtualenv/public_html/syscare/3.9/lib64/python3.9/site-packages/sqlalchemy/pool/base.py", line 1494, in cursor
    return self.dbapi_connection.cursor(*args, **kwargs)
  File "/home/eaglcqjv/virtualenv/public_html/syscare/3.9/lib64/python3.9/site-packages/mysql/connector/connection_cext.py", line 841, in cursor
    raise OperationalError("MySQL Connection not available.")
sqlalchemy.exc.OperationalError: (mysql.connector.errors.OperationalError) MySQL Connection not available.
[SQL: SELECT onsite_call_attachments.id, onsite_call_attachments.filename 
FROM onsite_call_attachments INNER JOIN onsite_calls ON onsite_calls.id = onsite_call_attachments.call_id 
WHERE onsite_calls.status IN (__[POSTCOMPILE_status_1]) AND onsite_calls.updated_at <= %(updated_at_1)s]
[parameters: [{}]]
(Background on this error at: https://sqlalche.me/e/20/e3q8)
[2026-04-12 02:31:28,955] WARNING in app: Blocked login for user Aswathi Binu because the stored password is not hashed
[2026-04-12 02:32:16,554] WARNING in app: Blocked login for user Aswathi Binu because the stored password is not hashed
[2026-04-12 02:33:41,265] WARNING in app: Blocked login for user SHIFAS P M because the stored password is not hashed
[2026-04-12 02:33:56,739] WARNING in app: Blocked login for user VISHNUPRASAD because the stored password is not hashed
[2026-04-12 02:33:58,926] WARNING in app: Blocked login for user SHIFAS P M because the stored password is not hashed
[2026-04-12 02:34:19,388] WARNING in app: Blocked login for user SHIFAS P M because the stored password is not hashed
[2026-04-12 02:34:33,766] WARNING in app: Blocked login for user SHIFAS P M because the stored password is not hashed
[2026-04-12 02:35:17,529] WARNING in app: Blocked login for user SHIFAS P M because the stored password is not hashed
[2026-04-12 02:35:22,858] WARNING in app: Blocked login for user MUHAMMED SAFWAN K because the stored password is not hashed
[2026-04-12 02:35:32,104] WARNING in app: Blocked login for user SHIFAS P M because the stored password is not hashed
[2026-04-12 02:35:36,526] WARNING in app: Blocked login for user MUHAMMED SAFWAN K because the stored password is not hashed
[2026-04-12 02:36:08,203] WARNING in app: Blocked login for user MUHAMMED SAFWAN K because the stored password is not hashed
[2026-04-12 02:36:31,943] WARNING in app: Blocked login for user SHIFAS P M because the stored password is not hashed
[2026-04-12 02:36:42,630] WARNING in app: Blocked login for user SHIFAS P M because the stored password is not hashed
[2026-04-12 02:37:51,197] WARNING in app: Blocked login for user AMIL JAYAN B because the stored password is not hashed
[2026-04-12 02:39:05,932] WARNING in app: Blocked login for user AMIL JAYAN B because the stored password is not hashed
[2026-04-12 02:46:44,772] WARNING in app: Blocked login for user MUHAMMED RISHAD because the stored password is not hashed
[2026-04-12 02:47:27,309] WARNING in app: Blocked login for user MUHAMMED RISHAD because the stored password is not hashed
[2026-04-12 02:47:44,152] WARNING in app: Blocked login for user AJESH MOHANAN because the stored password is not hashed
[2026-04-12 02:48:00,551] WARNING in app: Blocked login for user MUHAMMED RISHAD because the stored password is not hashed
[2026-04-12 02:48:28,690] WARNING in app: Blocked login for user MUHAMMED RISHAD because the stored password is not hashed
[2026-04-12 02:50:12,932] WARNING in app: Blocked login for user AJESH MOHANAN because the stored password is not hashed
[2026-04-12 02:51:02,033] WARNING in app: Blocked login for user VISHNUPRASAD because the stored password is not hashed
[2026-04-12 02:51:11,653] WARNING in app: Blocked login for user AJESH MOHANAN because the stored password is not hashed
[2026-04-12 02:51:11,879] WARNING in app: Blocked login for user AJESH MOHANAN because the stored password is not hashed
[2026-04-12 02:51:22,947] WARNING in app: Blocked login for user VISHNUPRASAD because the stored password is not hashed
[2026-04-12 02:51:56,444] WARNING in app: Blocked login for user AJESH MOHANAN because the stored password is not hashed
[2026-04-12 02:52:18,519] WARNING in app: Blocked login for user VIJAY P because the stored password is not hashed
[2026-04-12 02:52:19,800] WARNING in app: Blocked login for user AJESH MOHANAN because the stored password is not hashed
[2026-04-12 02:56:37,854] WARNING in app: Blocked login for user AMAL DAS P T because the stored password is not hashed
[2026-04-12 02:56:50,767] WARNING in app: Blocked login for user AMAL DAS P T because the stored password is not hashed
[2026-04-12 02:57:50,802] WARNING in app: Blocked login for user AMAL DAS P T because the stored password is not hashed
[2026-04-12 02:59:01,349] WARNING in app: Blocked login for user AJESH MOHANAN because the stored password is not hashed
[2026-04-12 03:06:41,982] WARNING in app: Blocked login for user VISHNUPRASAD because the stored password is not hashed
[2026-04-12 03:07:06,231] WARNING in app: Blocked login for user VIJAY P because the stored password is not hashed
[2026-04-12 03:07:26,459] WARNING in app: Blocked login for user VISHNUPRASAD because the stored password is not hashed
[2026-04-12 03:07:44,064] WARNING in app: Blocked login for user SHANIF N because the stored password is not hashed
[2026-04-12 03:08:11,120] WARNING in app: Blocked login for user SHANIF N because the stored password is not hashed
[2026-04-12 03:09:05,265] WARNING in app: Blocked login for user VISHNUPRASAD because the stored password is not hashed
[2026-04-12 03:09:21,469] WARNING in app: Blocked login for user SHANIF N because the stored password is not hashed
[2026-04-12 03:09:47,760] WARNING in app: Blocked login for user SHANIF N because the stored password is not hashed
[2026-04-12 03:12:51,075] WARNING in app: Blocked login for user SHANIF N because the stored password is not hashed
[2026-04-12 03:13:16,281] WARNING in app: Blocked login for user SHANIF N because the stored password is not hashed
[2026-04-12 03:14:48,909] WARNING in app: Blocked login for user SHANIF N because the stored password is not hashed
[2026-04-12 03:15:02,323] WARNING in app: Blocked login for user SHANIF N because the stored password is not hashed
[2026-04-12 03:17:24,535] WARNING in app: Blocked login for user SHANIF N because the stored password is not hashed
[2026-04-12 03:17:45,613] WARNING in app: Blocked login for user SHANIF N because the stored password is not hashed
[2026-04-12 03:21:40,515] WARNING in app: Blocked login for user UDITH C SAJI because the stored password is not hashed
[2026-04-12 03:42:06,197] WARNING in app: Blocked login for user VIJAY P because the stored password is not hashed
[2026-04-12 03:42:30,481] WARNING in app: Blocked login for user VIJAY P because the stored password is not hashed
[2026-04-12 03:53:00,626] WARNING in app: Blocked login for user SHAHID AFRIDI P K because the stored password is not hashed
[2026-04-12 03:54:04,226] WARNING in app: Blocked login for user SHAHID AFRIDI P K because the stored password is not hashed
[2026-04-12 03:54:13,423] WARNING in app: Blocked login for user SHAHID AFRIDI P K because the stored password is not hashed
[2026-04-12 03:59:14,127] WARNING in app: Blocked login for user SHAHID AFRIDI P K because the stored password is not hashed
[2026-04-12 04:00:04,036] WARNING in app: Blocked login for user SHAHID AFRIDI P K because the stored password is not hashed
[2026-04-12 04:00:04,068] ERROR in app: Profile update failed
Traceback (most recent call last):
  File "/home/eaglcqjv/virtualenv/public_html/syscare/3.9/lib64/python3.9/site-packages/mysql/connector/connection_cext.py", line 772, in cmd_query
    self._cmysql.query(
_mysql_connector.MySQLInterfaceError: Lost connection to MySQL server during query

The above exception was the direct cause of the following exception:

Traceback (most recent call last):
  File "/home/eaglcqjv/public_html/syscare/app.py", line 8787, in profile
    cursor.execute("UPDATE users SET password=%s WHERE username=%s", (new_password_hash, username))
  File "/home/eaglcqjv/virtualenv/public_html/syscare/3.9/lib64/python3.9/site-packages/mysql/connector/cursor_cext.py", line 353, in execute
    self._connection.cmd_query(
  File "/home/eaglcqjv/virtualenv/public_html/syscare/3.9/lib64/python3.9/site-packages/mysql/connector/opentelemetry/context_propagation.py", line 97, in wrapper
    return method(cnx, *args, **kwargs)
  File "/home/eaglcqjv/virtualenv/public_html/syscare/3.9/lib64/python3.9/site-packages/mysql/connector/connection_cext.py", line 781, in cmd_query
    raise get_mysql_exception(
mysql.connector.errors.OperationalError: 2013 (HY000): Lost connection to MySQL server during query
[2026-04-12 04:00:04,074] ERROR in app: Exception on /profile [POST]
Traceback (most recent call last):
  File "/home/eaglcqjv/virtualenv/public_html/syscare/3.9/lib/python3.9/site-packages/flask/app.py", line 1511, in wsgi_app
    response = self.full_dispatch_request()
  File "/home/eaglcqjv/virtualenv/public_html/syscare/3.9/lib/python3.9/site-packages/flask/app.py", line 919, in full_dispatch_request
    rv = self.handle_user_exception(e)
  File "/home/eaglcqjv/virtualenv/public_html/syscare/3.9/lib/python3.9/site-packages/flask/app.py", line 917, in full_dispatch_request
    rv = self.dispatch_request()
  File "/home/eaglcqjv/virtualenv/public_html/syscare/3.9/lib/python3.9/site-packages/flask/app.py", line 902, in dispatch_request
    return self.ensure_sync(self.view_functions[rule.endpoint])(**view_args)  # type: ignore[no-any-return]
  File "/home/eaglcqjv/public_html/syscare/app.py", line 8816, in profile
    db.close()
  File "/home/eaglcqjv/public_html/syscare/app.py", line 1399, in close
    self._connection.close()
  File "/home/eaglcqjv/virtualenv/public_html/syscare/3.9/lib64/python3.9/site-packages/mysql/connector/pooling.py", line 410, in close
    cnx.reset_session()
  File "/home/eaglcqjv/virtualenv/public_html/syscare/3.9/lib64/python3.9/site-packages/mysql/connector/connection_cext.py", line 1144, in reset_session
    raise OperationalError("MySQL Connection not available.")
mysql.connector.errors.OperationalError: MySQL Connection not available.
[2026-04-12 04:04:59,853] WARNING in app: Blocked login for user SHAHID AFRIDI P K because the stored password is not hashed
[2026-04-12 04:07:44,580] WARNING in app: Blocked login for user SHAHID AFRIDI P K because the stored password is not hashed
[2026-04-12 04:28:02,864] WARNING in app: Blocked login for user ANTO JOSEPH because the stored password is not hashed
[2026-04-12 04:32:24,837] ERROR in app: Exception on /dashboard/onsite-alert [GET]
Traceback (most recent call last):
  File "/home/eaglcqjv/virtualenv/public_html/syscare/3.9/lib64/python3.9/site-packages/sqlalchemy/engine/base.py", line 1815, in _execute_context
    context = constructor(
  File "/home/eaglcqjv/virtualenv/public_html/syscare/3.9/lib64/python3.9/site-packages/sqlalchemy/engine/default.py", line 1438, in _init_compiled
    self.cursor = self.create_cursor()
  File "/home/eaglcqjv/virtualenv/public_html/syscare/3.9/lib64/python3.9/site-packages/sqlalchemy/engine/default.py", line 1777, in create_cursor
    return self.create_default_cursor()
  File "/home/eaglcqjv/virtualenv/public_html/syscare/3.9/lib64/python3.9/site-packages/sqlalchemy/dialects/mysql/mysqlconnector.py", line 88, in create_default_cursor
    return self._dbapi_connection.cursor(buffered=True)
  File "/home/eaglcqjv/virtualenv/public_html/syscare/3.9/lib64/python3.9/site-packages/sqlalchemy/pool/base.py", line 1494, in cursor
    return self.dbapi_connection.cursor(*args, **kwargs)
  File "/home/eaglcqjv/virtualenv/public_html/syscare/3.9/lib64/python3.9/site-packages/mysql/connector/connection_cext.py", line 841, in cursor
    raise OperationalError("MySQL Connection not available.")
mysql.connector.errors.OperationalError: MySQL Connection not available.

The above exception was the direct cause of the following exception:

Traceback (most recent call last):
  File "/home/eaglcqjv/virtualenv/public_html/syscare/3.9/lib/python3.9/site-packages/flask/app.py", line 1511, in wsgi_app
    response = self.full_dispatch_request()
  File "/home/eaglcqjv/virtualenv/public_html/syscare/3.9/lib/python3.9/site-packages/flask/app.py", line 919, in full_dispatch_request
    rv = self.handle_user_exception(e)
  File "/home/eaglcqjv/virtualenv/public_html/syscare/3.9/lib/python3.9/site-packages/flask/app.py", line 915, in full_dispatch_request
    rv = self.preprocess_request()
  File "/home/eaglcqjv/virtualenv/public_html/syscare/3.9/lib/python3.9/site-packages/flask/app.py", line 1291, in preprocess_request
    rv = self.ensure_sync(before_func)()
  File "/home/eaglcqjv/public_html/syscare/onsite_calls_blueprint.py", line 2122, in onsite_call_media_cleanup
    service.purge_expired_attachments()
  File "/home/eaglcqjv/public_html/syscare/onsite_calls_blueprint.py", line 1338, in purge_expired_attachments
    rows = db_session.execute(
  File "/home/eaglcqjv/virtualenv/public_html/syscare/3.9/lib64/python3.9/site-packages/sqlalchemy/orm/session.py", line 2351, in execute
    return self._execute_internal(
  File "/home/eaglcqjv/virtualenv/public_html/syscare/3.9/lib64/python3.9/site-packages/sqlalchemy/orm/session.py", line 2249, in _execute_internal
    result: Result[Any] = compile_state_cls.orm_execute_statement(
  File "/home/eaglcqjv/virtualenv/public_html/syscare/3.9/lib64/python3.9/site-packages/sqlalchemy/orm/context.py", line 306, in orm_execute_statement
    result = conn.execute(
  File "/home/eaglcqjv/virtualenv/public_html/syscare/3.9/lib64/python3.9/site-packages/sqlalchemy/engine/base.py", line 1419, in execute
    return meth(
  File "/home/eaglcqjv/virtualenv/public_html/syscare/3.9/lib64/python3.9/site-packages/sqlalchemy/sql/elements.py", line 527, in _execute_on_connection
    return connection._execute_clauseelement(
  File "/home/eaglcqjv/virtualenv/public_html/syscare/3.9/lib64/python3.9/site-packages/sqlalchemy/engine/base.py", line 1641, in _execute_clauseelement
    ret = self._execute_context(
  File "/home/eaglcqjv/virtualenv/public_html/syscare/3.9/lib64/python3.9/site-packages/sqlalchemy/engine/base.py", line 1821, in _execute_context
    self._handle_dbapi_exception(
  File "/home/eaglcqjv/virtualenv/public_html/syscare/3.9/lib64/python3.9/site-packages/sqlalchemy/engine/base.py", line 2363, in _handle_dbapi_exception
    raise sqlalchemy_exception.with_traceback(exc_info[2]) from e
  File "/home/eaglcqjv/virtualenv/public_html/syscare/3.9/lib64/python3.9/site-packages/sqlalchemy/engine/base.py", line 1815, in _execute_context
    context = constructor(
  File "/home/eaglcqjv/virtualenv/public_html/syscare/3.9/lib64/python3.9/site-packages/sqlalchemy/engine/default.py", line 1438, in _init_compiled
    self.cursor = self.create_cursor()
  File "/home/eaglcqjv/virtualenv/public_html/syscare/3.9/lib64/python3.9/site-packages/sqlalchemy/engine/default.py", line 1777, in create_cursor
    return self.create_default_cursor()
  File "/home/eaglcqjv/virtualenv/public_html/syscare/3.9/lib64/python3.9/site-packages/sqlalchemy/dialects/mysql/mysqlconnector.py", line 88, in create_default_cursor
    return self._dbapi_connection.cursor(buffered=True)
  File "/home/eaglcqjv/virtualenv/public_html/syscare/3.9/lib64/python3.9/site-packages/sqlalchemy/pool/base.py", line 1494, in cursor
    return self.dbapi_connection.cursor(*args, **kwargs)
  File "/home/eaglcqjv/virtualenv/public_html/syscare/3.9/lib64/python3.9/site-packages/mysql/connector/connection_cext.py", line 841, in cursor
    raise OperationalError("MySQL Connection not available.")
sqlalchemy.exc.OperationalError: (mysql.connector.errors.OperationalError) MySQL Connection not available.
[SQL: SELECT onsite_call_attachments.id, onsite_call_attachments.filename 
FROM onsite_call_attachments INNER JOIN onsite_calls ON onsite_calls.id = onsite_call_attachments.call_id 
WHERE onsite_calls.status IN (__[POSTCOMPILE_status_1]) AND onsite_calls.updated_at <= %(updated_at_1)s]
[parameters: [{}]]
(Background on this error at: https://sqlalche.me/e/20/e3q8)
[2026-04-12 04:36:52,176] WARNING in app: Blocked login for user ANTO JOSEPH because the stored password is not hashed
[2026-04-12 04:47:13,907] WARNING in app: Blocked login for user HARIKRISHNA S because the stored password is not hashed
[2026-04-12 05:06:47,597] WARNING in app: Blocked login for user ABHINAV SREEJITH because the stored password is not hashed
[2026-04-12 05:09:12,039] WARNING in app: Blocked login for user ABHINAV SREEJITH because the stored password is not hashed
[2026-04-12 05:09:26,714] WARNING in app: Blocked login for user ABHINAV SREEJITH because the stored password is not hashed
[2026-04-12 05:28:44,528] WARNING in app: Blocked request with invalid CSRF token to /login
[2026-04-12 06:40:03,722] WARNING in app: Blocked request with invalid CSRF token to /api/onsite-call/create-public
[2026-04-12 07:22:52,266] WARNING in app: Blocked login for user CHAROOP because the stored password is not hashed
[2026-04-12 09:38:10,042] WARNING in app: Blocked login for user MUHAMMED HASSAN V because the stored password is not hashed
[2026-04-12 09:38:34,682] WARNING in app: Blocked login for user MUHAMMED HASSAN V because the stored password is not hashed
[2026-04-12 09:39:40,609] WARNING in app: Blocked login for user MUHAMMED HASSAN V because the stored password is not hashed
[2026-04-12 09:39:58,676] WARNING in app: Blocked login for user MUHAMMED HASSAN V because the stored password is not hashed
[2026-04-12 16:17:27,010] WARNING in onsite_calls_blueprint: Onsite call deleted | call_id=2212 | customer=SAFWAN | deleted_by=Rashid
[2026-04-12 16:17:30,036] WARNING in onsite_calls_blueprint: Onsite call deleted | call_id=2211 | customer=TEST | deleted_by=Rashid
[2026-04-12 16:17:33,268] WARNING in onsite_calls_blueprint: Onsite call deleted | call_id=31 | customer=Rashid | deleted_by=Rashid
[2026-04-12 16:17:36,318] WARNING in onsite_calls_blueprint: Onsite call deleted | call_id=35 | customer=vishnu | deleted_by=Rashid
[2026-04-13 00:04:45,731] WARNING in app: Blocked request with invalid CSRF token to /login
[2026-04-13 01:24:07,772] WARNING in app: Blocked login for user MUHAMMED HASSAN V because the stored password is not hashed
[2026-04-13 01:26:59,860] WARNING in app: Blocked login for user ASWIN ANIL because the stored password is not hashed
[2026-04-13 01:27:13,984] WARNING in app: Blocked login for user ASWIN ANIL because the stored password is not hashed
[2026-04-13 01:28:02,588] WARNING in app: Blocked login for user ASWIN ANIL because the stored password is not hashed
[2026-04-13 01:28:22,763] WARNING in app: Blocked login for user ASWIN ANIL because the stored password is not hashed
[2026-04-13 01:29:43,182] WARNING in app: Blocked login for user ASWIN ANIL because the stored password is not hashed
[2026-04-13 01:58:30,334] WARNING in app: Blocked login for user ASWIN ANIL because the stored password is not hashed
[2026-04-13 01:59:18,539] WARNING in app: Blocked login for user ASWIN ANIL because the stored password is not hashed
[2026-04-13 02:01:32,333] WARNING in app: Blocked login for user ASWIN ANIL because the stored password is not hashed
[2026-04-13 02:21:32,288] WARNING in app: Blocked login for user ANAND ASHOK because the stored password is not hashed
[2026-04-13 02:22:08,051] WARNING in app: Blocked login for user ANAND ASHOK because the stored password is not hashed
[2026-04-13 02:22:59,540] WARNING in app: Blocked login for user ANAND ASHOK because the stored password is not hashed
[2026-04-13 03:02:02,099] WARNING in app: Blocked login for user VIJITH V V because the stored password is not hashed
[2026-04-13 03:02:02,874] WARNING in app: Blocked login for user VIJITH V V because the stored password is not hashed
[2026-04-13 03:02:15,015] WARNING in app: Blocked login for user VIJITH V V because the stored password is not hashed
[2026-04-13 03:02:35,356] WARNING in app: Blocked login for user VIJITH V V because the stored password is not hashed
[2026-04-13 03:05:21,577] WARNING in app: Blocked login for user VIJITH V V because the stored password is not hashed
[2026-04-13 03:06:35,811] WARNING in app: Blocked login for user VIJITH V V because the stored password is not hashed
[2026-04-13 03:07:56,252] WARNING in app: Blocked login for user VIJITH V V because the stored password is not hashed
[2026-04-13 03:08:18,023] WARNING in app: Blocked login for user VIJITH V V because the stored password is not hashed
[2026-04-13 03:09:21,319] WARNING in app: Blocked login for user VIJITH V V because the stored password is not hashed
[2026-04-13 03:11:44,536] WARNING in app: Blocked login for user SRUTHEESH because the stored password is not hashed
[2026-04-13 03:12:14,572] WARNING in app: Blocked login for user SRUTHEESH because the stored password is not hashed
[2026-04-13 03:14:22,670] WARNING in app: Blocked request with invalid CSRF token to /login
[2026-04-13 04:00:09,863] ERROR in app: Exception on /dashboard/onsite-alert [GET]
Traceback (most recent call last):
  File "/home/eaglcqjv/virtualenv/public_html/syscare/3.9/lib64/python3.9/site-packages/sqlalchemy/engine/base.py", line 1815, in _execute_context
    context = constructor(
  File "/home/eaglcqjv/virtualenv/public_html/syscare/3.9/lib64/python3.9/site-packages/sqlalchemy/engine/default.py", line 1438, in _init_compiled
    self.cursor = self.create_cursor()
  File "/home/eaglcqjv/virtualenv/public_html/syscare/3.9/lib64/python3.9/site-packages/sqlalchemy/engine/default.py", line 1777, in create_cursor
    return self.create_default_cursor()
  File "/home/eaglcqjv/virtualenv/public_html/syscare/3.9/lib64/python3.9/site-packages/sqlalchemy/dialects/mysql/mysqlconnector.py", line 88, in create_default_cursor
    return self._dbapi_connection.cursor(buffered=True)
  File "/home/eaglcqjv/virtualenv/public_html/syscare/3.9/lib64/python3.9/site-packages/sqlalchemy/pool/base.py", line 1494, in cursor
    return self.dbapi_connection.cursor(*args, **kwargs)
  File "/home/eaglcqjv/virtualenv/public_html/syscare/3.9/lib64/python3.9/site-packages/mysql/connector/connection_cext.py", line 841, in cursor
    raise OperationalError("MySQL Connection not available.")
mysql.connector.errors.OperationalError: MySQL Connection not available.

The above exception was the direct cause of the following exception:

Traceback (most recent call last):
  File "/home/eaglcqjv/virtualenv/public_html/syscare/3.9/lib/python3.9/site-packages/flask/app.py", line 1511, in wsgi_app
    response = self.full_dispatch_request()
  File "/home/eaglcqjv/virtualenv/public_html/syscare/3.9/lib/python3.9/site-packages/flask/app.py", line 919, in full_dispatch_request
    rv = self.handle_user_exception(e)
  File "/home/eaglcqjv/virtualenv/public_html/syscare/3.9/lib/python3.9/site-packages/flask/app.py", line 915, in full_dispatch_request
    rv = self.preprocess_request()
  File "/home/eaglcqjv/virtualenv/public_html/syscare/3.9/lib/python3.9/site-packages/flask/app.py", line 1291, in preprocess_request
    rv = self.ensure_sync(before_func)()
  File "/home/eaglcqjv/public_html/syscare/onsite_calls_blueprint.py", line 2138, in onsite_call_media_cleanup
    service.purge_expired_attachments()
  File "/home/eaglcqjv/public_html/syscare/onsite_calls_blueprint.py", line 1354, in purge_expired_attachments
    rows = db_session.execute(
  File "/home/eaglcqjv/virtualenv/public_html/syscare/3.9/lib64/python3.9/site-packages/sqlalchemy/orm/session.py", line 2351, in execute
    return self._execute_internal(
  File "/home/eaglcqjv/virtualenv/public_html/syscare/3.9/lib64/python3.9/site-packages/sqlalchemy/orm/session.py", line 2249, in _execute_internal
    result: Result[Any] = compile_state_cls.orm_execute_statement(
  File "/home/eaglcqjv/virtualenv/public_html/syscare/3.9/lib64/python3.9/site-packages/sqlalchemy/orm/context.py", line 306, in orm_execute_statement
    result = conn.execute(
  File "/home/eaglcqjv/virtualenv/public_html/syscare/3.9/lib64/python3.9/site-packages/sqlalchemy/engine/base.py", line 1419, in execute
    return meth(
  File "/home/eaglcqjv/virtualenv/public_html/syscare/3.9/lib64/python3.9/site-packages/sqlalchemy/sql/elements.py", line 527, in _execute_on_connection
    return connection._execute_clauseelement(
  File "/home/eaglcqjv/virtualenv/public_html/syscare/3.9/lib64/python3.9/site-packages/sqlalchemy/engine/base.py", line 1641, in _execute_clauseelement
    ret = self._execute_context(
  File "/home/eaglcqjv/virtualenv/public_html/syscare/3.9/lib64/python3.9/site-packages/sqlalchemy/engine/base.py", line 1821, in _execute_context
    self._handle_dbapi_exception(
  File "/home/eaglcqjv/virtualenv/public_html/syscare/3.9/lib64/python3.9/site-packages/sqlalchemy/engine/base.py", line 2363, in _handle_dbapi_exception
    raise sqlalchemy_exception.with_traceback(exc_info[2]) from e
  File "/home/eaglcqjv/virtualenv/public_html/syscare/3.9/lib64/python3.9/site-packages/sqlalchemy/engine/base.py", line 1815, in _execute_context
    context = constructor(
  File "/home/eaglcqjv/virtualenv/public_html/syscare/3.9/lib64/python3.9/site-packages/sqlalchemy/engine/default.py", line 1438, in _init_compiled
    self.cursor = self.create_cursor()
  File "/home/eaglcqjv/virtualenv/public_html/syscare/3.9/lib64/python3.9/site-packages/sqlalchemy/engine/default.py", line 1777, in create_cursor
    return self.create_default_cursor()
  File "/home/eaglcqjv/virtualenv/public_html/syscare/3.9/lib64/python3.9/site-packages/sqlalchemy/dialects/mysql/mysqlconnector.py", line 88, in create_default_cursor
    return self._dbapi_connection.cursor(buffered=True)
  File "/home/eaglcqjv/virtualenv/public_html/syscare/3.9/lib64/python3.9/site-packages/sqlalchemy/pool/base.py", line 1494, in cursor
    return self.dbapi_connection.cursor(*args, **kwargs)
  File "/home/eaglcqjv/virtualenv/public_html/syscare/3.9/lib64/python3.9/site-packages/mysql/connector/connection_cext.py", line 841, in cursor
    raise OperationalError("MySQL Connection not available.")
sqlalchemy.exc.OperationalError: (mysql.connector.errors.OperationalError) MySQL Connection not available.
[SQL: SELECT onsite_call_attachments.id, onsite_call_attachments.filename 
FROM onsite_call_attachments INNER JOIN onsite_calls ON onsite_calls.id = onsite_call_attachments.call_id 
WHERE onsite_calls.status IN (__[POSTCOMPILE_status_1]) AND onsite_calls.updated_at <= %(updated_at_1)s]
[parameters: [{}]]
(Background on this error at: https://sqlalche.me/e/20/e3q8)
[2026-04-13 05:02:07,605] WARNING in onsite_calls_blueprint: Onsite call deleted | call_id=2213 | customer=VIJITH V V | deleted_by=Rashid
[2026-04-13 05:59:37,863] WARNING in onsite_calls_blueprint: Onsite call deleted | call_id=2217 | customer=Thrive space solution | deleted_by=Rashid
[2026-04-13 07:41:46,691] WARNING in app: Blocked request with invalid CSRF token to /login
[2026-04-13 08:14:43,236] WARNING in app: Blocked request with invalid CSRF token to /login
[2026-04-13 09:48:43,123] WARNING in app: Blocked request with invalid CSRF token to /login
[2026-04-13 10:15:52,202] WARNING in app: Blocked request with invalid CSRF token to /login
[2026-04-13 12:00:46,160] WARNING in app: Blocked request with invalid CSRF token to /login
[2026-04-14 01:38:03,484] WARNING in app: Blocked request with invalid CSRF token to /login
[2026-04-14 02:15:09,614] ERROR in app: Exception on /dashboard [GET]
Traceback (most recent call last):
  File "/home/eaglcqjv/virtualenv/public_html/syscare/3.9/lib64/python3.9/site-packages/sqlalchemy/engine/base.py", line 1815, in _execute_context
    context = constructor(
  File "/home/eaglcqjv/virtualenv/public_html/syscare/3.9/lib64/python3.9/site-packages/sqlalchemy/engine/default.py", line 1438, in _init_compiled
    self.cursor = self.create_cursor()
  File "/home/eaglcqjv/virtualenv/public_html/syscare/3.9/lib64/python3.9/site-packages/sqlalchemy/engine/default.py", line 1777, in create_cursor
    return self.create_default_cursor()
  File "/home/eaglcqjv/virtualenv/public_html/syscare/3.9/lib64/python3.9/site-packages/sqlalchemy/dialects/mysql/mysqlconnector.py", line 88, in create_default_cursor
    return self._dbapi_connection.cursor(buffered=True)
  File "/home/eaglcqjv/virtualenv/public_html/syscare/3.9/lib64/python3.9/site-packages/sqlalchemy/pool/base.py", line 1494, in cursor
    return self.dbapi_connection.cursor(*args, **kwargs)
  File "/home/eaglcqjv/virtualenv/public_html/syscare/3.9/lib64/python3.9/site-packages/mysql/connector/connection_cext.py", line 841, in cursor
    raise OperationalError("MySQL Connection not available.")
mysql.connector.errors.OperationalError: MySQL Connection not available.

The above exception was the direct cause of the following exception:

Traceback (most recent call last):
  File "/home/eaglcqjv/virtualenv/public_html/syscare/3.9/lib/python3.9/site-packages/flask/app.py", line 1511, in wsgi_app
    response = self.full_dispatch_request()
  File "/home/eaglcqjv/virtualenv/public_html/syscare/3.9/lib/python3.9/site-packages/flask/app.py", line 919, in full_dispatch_request
    rv = self.handle_user_exception(e)
  File "/home/eaglcqjv/virtualenv/public_html/syscare/3.9/lib/python3.9/site-packages/flask/app.py", line 915, in full_dispatch_request
    rv = self.preprocess_request()
  File "/home/eaglcqjv/virtualenv/public_html/syscare/3.9/lib/python3.9/site-packages/flask/app.py", line 1291, in preprocess_request
    rv = self.ensure_sync(before_func)()
  File "/home/eaglcqjv/public_html/syscare/onsite_calls_blueprint.py", line 2138, in onsite_call_media_cleanup
    service.purge_expired_attachments()
  File "/home/eaglcqjv/public_html/syscare/onsite_calls_blueprint.py", line 1354, in purge_expired_attachments
    rows = db_session.execute(
  File "/home/eaglcqjv/virtualenv/public_html/syscare/3.9/lib64/python3.9/site-packages/sqlalchemy/orm/session.py", line 2351, in execute
    return self._execute_internal(
  File "/home/eaglcqjv/virtualenv/public_html/syscare/3.9/lib64/python3.9/site-packages/sqlalchemy/orm/session.py", line 2249, in _execute_internal
    result: Result[Any] = compile_state_cls.orm_execute_statement(
  File "/home/eaglcqjv/virtualenv/public_html/syscare/3.9/lib64/python3.9/site-packages/sqlalchemy/orm/context.py", line 306, in orm_execute_statement
    result = conn.execute(
  File "/home/eaglcqjv/virtualenv/public_html/syscare/3.9/lib64/python3.9/site-packages/sqlalchemy/engine/base.py", line 1419, in execute
    return meth(
  File "/home/eaglcqjv/virtualenv/public_html/syscare/3.9/lib64/python3.9/site-packages/sqlalchemy/sql/elements.py", line 527, in _execute_on_connection
    return connection._execute_clauseelement(
  File "/home/eaglcqjv/virtualenv/public_html/syscare/3.9/lib64/python3.9/site-packages/sqlalchemy/engine/base.py", line 1641, in _execute_clauseelement
    ret = self._execute_context(
  File "/home/eaglcqjv/virtualenv/public_html/syscare/3.9/lib64/python3.9/site-packages/sqlalchemy/engine/base.py", line 1821, in _execute_context
    self._handle_dbapi_exception(
  File "/home/eaglcqjv/virtualenv/public_html/syscare/3.9/lib64/python3.9/site-packages/sqlalchemy/engine/base.py", line 2363, in _handle_dbapi_exception
    raise sqlalchemy_exception.with_traceback(exc_info[2]) from e
  File "/home/eaglcqjv/virtualenv/public_html/syscare/3.9/lib64/python3.9/site-packages/sqlalchemy/engine/base.py", line 1815, in _execute_context
    context = constructor(
  File "/home/eaglcqjv/virtualenv/public_html/syscare/3.9/lib64/python3.9/site-packages/sqlalchemy/engine/default.py", line 1438, in _init_compiled
    self.cursor = self.create_cursor()
  File "/home/eaglcqjv/virtualenv/public_html/syscare/3.9/lib64/python3.9/site-packages/sqlalchemy/engine/default.py", line 1777, in create_cursor
    return self.create_default_cursor()
  File "/home/eaglcqjv/virtualenv/public_html/syscare/3.9/lib64/python3.9/site-packages/sqlalchemy/dialects/mysql/mysqlconnector.py", line 88, in create_default_cursor
    return self._dbapi_connection.cursor(buffered=True)
  File "/home/eaglcqjv/virtualenv/public_html/syscare/3.9/lib64/python3.9/site-packages/sqlalchemy/pool/base.py", line 1494, in cursor
    return self.dbapi_connection.cursor(*args, **kwargs)
  File "/home/eaglcqjv/virtualenv/public_html/syscare/3.9/lib64/python3.9/site-packages/mysql/connector/connection_cext.py", line 841, in cursor
    raise OperationalError("MySQL Connection not available.")
sqlalchemy.exc.OperationalError: (mysql.connector.errors.OperationalError) MySQL Connection not available.
[SQL: SELECT onsite_call_attachments.id, onsite_call_attachments.filename 
FROM onsite_call_attachments INNER JOIN onsite_calls ON onsite_calls.id = onsite_call_attachments.call_id 
WHERE onsite_calls.status IN (__[POSTCOMPILE_status_1]) AND onsite_calls.updated_at <= %(updated_at_1)s]
[parameters: [{}]]
(Background on this error at: https://sqlalche.me/e/20/e3q8)
[2026-04-14 02:36:13,465] WARNING in app: Blocked login for user MUHAMAD SHAFEEK S because the stored password is not hashed
[2026-04-14 02:38:54,001] WARNING in app: Blocked login for user MAJID K P because the stored password is not hashed
[2026-04-14 02:39:30,305] WARNING in app: Blocked login for user MAJID K P because the stored password is not hashed
[2026-04-14 02:52:44,795] WARNING in app: Blocked login for user MOHAMMED SHAHEEN P because the stored password is not hashed
[2026-04-14 02:53:30,126] WARNING in app: Blocked login for user MOHAMMED SHAHEEN P because the stored password is not hashed
[2026-04-14 02:53:55,961] WARNING in app: Blocked login for user MOHAMMED SHAHEEN P because the stored password is not hashed
[2026-04-14 02:54:53,407] WARNING in app: Blocked login for user MOHAMMED SHAHEEN P because the stored password is not hashed
[2026-04-14 02:55:07,876] WARNING in app: Blocked login for user MOHAMMED SHAHEEN P because the stored password is not hashed
[2026-04-14 02:57:13,526] WARNING in app: Blocked login for user MOHAMMED SHAHEEN P because the stored password is not hashed
[2026-04-14 03:00:53,038] WARNING in app: Blocked request with invalid CSRF token to /login
[2026-04-14 04:00:16,713] ERROR in app: Exception on /dashboard/onsite-alert [GET]
Traceback (most recent call last):
  File "/home/eaglcqjv/virtualenv/public_html/syscare/3.9/lib64/python3.9/site-packages/sqlalchemy/engine/base.py", line 1815, in _execute_context
    context = constructor(
  File "/home/eaglcqjv/virtualenv/public_html/syscare/3.9/lib64/python3.9/site-packages/sqlalchemy/engine/default.py", line 1438, in _init_compiled
    self.cursor = self.create_cursor()
  File "/home/eaglcqjv/virtualenv/public_html/syscare/3.9/lib64/python3.9/site-packages/sqlalchemy/engine/default.py", line 1777, in create_cursor
    return self.create_default_cursor()
  File "/home/eaglcqjv/virtualenv/public_html/syscare/3.9/lib64/python3.9/site-packages/sqlalchemy/dialects/mysql/mysqlconnector.py", line 88, in create_default_cursor
    return self._dbapi_connection.cursor(buffered=True)
  File "/home/eaglcqjv/virtualenv/public_html/syscare/3.9/lib64/python3.9/site-packages/sqlalchemy/pool/base.py", line 1494, in cursor
    return self.dbapi_connection.cursor(*args, **kwargs)
  File "/home/eaglcqjv/virtualenv/public_html/syscare/3.9/lib64/python3.9/site-packages/mysql/connector/connection_cext.py", line 841, in cursor
    raise OperationalError("MySQL Connection not available.")
mysql.connector.errors.OperationalError: MySQL Connection not available.

The above exception was the direct cause of the following exception:

Traceback (most recent call last):
  File "/home/eaglcqjv/virtualenv/public_html/syscare/3.9/lib/python3.9/site-packages/flask/app.py", line 1511, in wsgi_app
    response = self.full_dispatch_request()
  File "/home/eaglcqjv/virtualenv/public_html/syscare/3.9/lib/python3.9/site-packages/flask/app.py", line 919, in full_dispatch_request
    rv = self.handle_user_exception(e)
  File "/home/eaglcqjv/virtualenv/public_html/syscare/3.9/lib/python3.9/site-packages/flask/app.py", line 915, in full_dispatch_request
    rv = self.preprocess_request()
  File "/home/eaglcqjv/virtualenv/public_html/syscare/3.9/lib/python3.9/site-packages/flask/app.py", line 1291, in preprocess_request
    rv = self.ensure_sync(before_func)()
  File "/home/eaglcqjv/public_html/syscare/onsite_calls_blueprint.py", line 2138, in onsite_call_media_cleanup
    service.purge_expired_attachments()
  File "/home/eaglcqjv/public_html/syscare/onsite_calls_blueprint.py", line 1354, in purge_expired_attachments
    rows = db_session.execute(
  File "/home/eaglcqjv/virtualenv/public_html/syscare/3.9/lib64/python3.9/site-packages/sqlalchemy/orm/session.py", line 2351, in execute
    return self._execute_internal(
  File "/home/eaglcqjv/virtualenv/public_html/syscare/3.9/lib64/python3.9/site-packages/sqlalchemy/orm/session.py", line 2249, in _execute_internal
    result: Result[Any] = compile_state_cls.orm_execute_statement(
  File "/home/eaglcqjv/virtualenv/public_html/syscare/3.9/lib64/python3.9/site-packages/sqlalchemy/orm/context.py", line 306, in orm_execute_statement
    result = conn.execute(
  File "/home/eaglcqjv/virtualenv/public_html/syscare/3.9/lib64/python3.9/site-packages/sqlalchemy/engine/base.py", line 1419, in execute
    return meth(
  File "/home/eaglcqjv/virtualenv/public_html/syscare/3.9/lib64/python3.9/site-packages/sqlalchemy/sql/elements.py", line 527, in _execute_on_connection
    return connection._execute_clauseelement(
  File "/home/eaglcqjv/virtualenv/public_html/syscare/3.9/lib64/python3.9/site-packages/sqlalchemy/engine/base.py", line 1641, in _execute_clauseelement
    ret = self._execute_context(
  File "/home/eaglcqjv/virtualenv/public_html/syscare/3.9/lib64/python3.9/site-packages/sqlalchemy/engine/base.py", line 1821, in _execute_context
    self._handle_dbapi_exception(
  File "/home/eaglcqjv/virtualenv/public_html/syscare/3.9/lib64/python3.9/site-packages/sqlalchemy/engine/base.py", line 2363, in _handle_dbapi_exception
    raise sqlalchemy_exception.with_traceback(exc_info[2]) from e
  File "/home/eaglcqjv/virtualenv/public_html/syscare/3.9/lib64/python3.9/site-packages/sqlalchemy/engine/base.py", line 1815, in _execute_context
    context = constructor(
  File "/home/eaglcqjv/virtualenv/public_html/syscare/3.9/lib64/python3.9/site-packages/sqlalchemy/engine/default.py", line 1438, in _init_compiled
    self.cursor = self.create_cursor()
  File "/home/eaglcqjv/virtualenv/public_html/syscare/3.9/lib64/python3.9/site-packages/sqlalchemy/engine/default.py", line 1777, in create_cursor
    return self.create_default_cursor()
  File "/home/eaglcqjv/virtualenv/public_html/syscare/3.9/lib64/python3.9/site-packages/sqlalchemy/dialects/mysql/mysqlconnector.py", line 88, in create_default_cursor
    return self._dbapi_connection.cursor(buffered=True)
  File "/home/eaglcqjv/virtualenv/public_html/syscare/3.9/lib64/python3.9/site-packages/sqlalchemy/pool/base.py", line 1494, in cursor
    return self.dbapi_connection.cursor(*args, **kwargs)
  File "/home/eaglcqjv/virtualenv/public_html/syscare/3.9/lib64/python3.9/site-packages/mysql/connector/connection_cext.py", line 841, in cursor
    raise OperationalError("MySQL Connection not available.")
sqlalchemy.exc.OperationalError: (mysql.connector.errors.OperationalError) MySQL Connection not available.
[SQL: SELECT onsite_call_attachments.id, onsite_call_attachments.filename 
FROM onsite_call_attachments INNER JOIN onsite_calls ON onsite_calls.id = onsite_call_attachments.call_id 
WHERE onsite_calls.status IN (__[POSTCOMPILE_status_1]) AND onsite_calls.updated_at <= %(updated_at_1)s]
[parameters: [{}]]
(Background on this error at: https://sqlalche.me/e/20/e3q8)
[2026-04-14 04:43:37,069] ERROR in app: Exception on /dashboard/onsite-alert [GET]
Traceback (most recent call last):
  File "/home/eaglcqjv/virtualenv/public_html/syscare/3.9/lib64/python3.9/site-packages/sqlalchemy/engine/base.py", line 1815, in _execute_context
    context = constructor(
  File "/home/eaglcqjv/virtualenv/public_html/syscare/3.9/lib64/python3.9/site-packages/sqlalchemy/engine/default.py", line 1438, in _init_compiled
    self.cursor = self.create_cursor()
  File "/home/eaglcqjv/virtualenv/public_html/syscare/3.9/lib64/python3.9/site-packages/sqlalchemy/engine/default.py", line 1777, in create_cursor
    return self.create_default_cursor()
  File "/home/eaglcqjv/virtualenv/public_html/syscare/3.9/lib64/python3.9/site-packages/sqlalchemy/dialects/mysql/mysqlconnector.py", line 88, in create_default_cursor
    return self._dbapi_connection.cursor(buffered=True)
  File "/home/eaglcqjv/virtualenv/public_html/syscare/3.9/lib64/python3.9/site-packages/sqlalchemy/pool/base.py", line 1494, in cursor
    return self.dbapi_connection.cursor(*args, **kwargs)
  File "/home/eaglcqjv/virtualenv/public_html/syscare/3.9/lib64/python3.9/site-packages/mysql/connector/connection_cext.py", line 841, in cursor
    raise OperationalError("MySQL Connection not available.")
mysql.connector.errors.OperationalError: MySQL Connection not available.

The above exception was the direct cause of the following exception:

Traceback (most recent call last):
  File "/home/eaglcqjv/virtualenv/public_html/syscare/3.9/lib/python3.9/site-packages/flask/app.py", line 1511, in wsgi_app
    response = self.full_dispatch_request()
  File "/home/eaglcqjv/virtualenv/public_html/syscare/3.9/lib/python3.9/site-packages/flask/app.py", line 919, in full_dispatch_request
    rv = self.handle_user_exception(e)
  File "/home/eaglcqjv/virtualenv/public_html/syscare/3.9/lib/python3.9/site-packages/flask/app.py", line 915, in full_dispatch_request
    rv = self.preprocess_request()
  File "/home/eaglcqjv/virtualenv/public_html/syscare/3.9/lib/python3.9/site-packages/flask/app.py", line 1291, in preprocess_request
    rv = self.ensure_sync(before_func)()
  File "/home/eaglcqjv/public_html/syscare/onsite_calls_blueprint.py", line 2138, in onsite_call_media_cleanup
    service.purge_expired_attachments()
  File "/home/eaglcqjv/public_html/syscare/onsite_calls_blueprint.py", line 1354, in purge_expired_attachments
    rows = db_session.execute(
  File "/home/eaglcqjv/virtualenv/public_html/syscare/3.9/lib64/python3.9/site-packages/sqlalchemy/orm/session.py", line 2351, in execute
    return self._execute_internal(
  File "/home/eaglcqjv/virtualenv/public_html/syscare/3.9/lib64/python3.9/site-packages/sqlalchemy/orm/session.py", line 2249, in _execute_internal
    result: Result[Any] = compile_state_cls.orm_execute_statement(
  File "/home/eaglcqjv/virtualenv/public_html/syscare/3.9/lib64/python3.9/site-packages/sqlalchemy/orm/context.py", line 306, in orm_execute_statement
    result = conn.execute(
  File "/home/eaglcqjv/virtualenv/public_html/syscare/3.9/lib64/python3.9/site-packages/sqlalchemy/engine/base.py", line 1419, in execute
    return meth(
  File "/home/eaglcqjv/virtualenv/public_html/syscare/3.9/lib64/python3.9/site-packages/sqlalchemy/sql/elements.py", line 527, in _execute_on_connection
    return connection._execute_clauseelement(
  File "/home/eaglcqjv/virtualenv/public_html/syscare/3.9/lib64/python3.9/site-packages/sqlalchemy/engine/base.py", line 1641, in _execute_clauseelement
    ret = self._execute_context(
  File "/home/eaglcqjv/virtualenv/public_html/syscare/3.9/lib64/python3.9/site-packages/sqlalchemy/engine/base.py", line 1821, in _execute_context
    self._handle_dbapi_exception(
  File "/home/eaglcqjv/virtualenv/public_html/syscare/3.9/lib64/python3.9/site-packages/sqlalchemy/engine/base.py", line 2363, in _handle_dbapi_exception
    raise sqlalchemy_exception.with_traceback(exc_info[2]) from e
  File "/home/eaglcqjv/virtualenv/public_html/syscare/3.9/lib64/python3.9/site-packages/sqlalchemy/engine/base.py", line 1815, in _execute_context
    context = constructor(
  File "/home/eaglcqjv/virtualenv/public_html/syscare/3.9/lib64/python3.9/site-packages/sqlalchemy/engine/default.py", line 1438, in _init_compiled
    self.cursor = self.create_cursor()
  File "/home/eaglcqjv/virtualenv/public_html/syscare/3.9/lib64/python3.9/site-packages/sqlalchemy/engine/default.py", line 1777, in create_cursor
    return self.create_default_cursor()
  File "/home/eaglcqjv/virtualenv/public_html/syscare/3.9/lib64/python3.9/site-packages/sqlalchemy/dialects/mysql/mysqlconnector.py", line 88, in create_default_cursor
    return self._dbapi_connection.cursor(buffered=True)
  File "/home/eaglcqjv/virtualenv/public_html/syscare/3.9/lib64/python3.9/site-packages/sqlalchemy/pool/base.py", line 1494, in cursor
    return self.dbapi_connection.cursor(*args, **kwargs)
  File "/home/eaglcqjv/virtualenv/public_html/syscare/3.9/lib64/python3.9/site-packages/mysql/connector/connection_cext.py", line 841, in cursor
    raise OperationalError("MySQL Connection not available.")
sqlalchemy.exc.OperationalError: (mysql.connector.errors.OperationalError) MySQL Connection not available.
[SQL: SELECT onsite_call_attachments.id, onsite_call_attachments.filename 
FROM onsite_call_attachments INNER JOIN onsite_calls ON onsite_calls.id = onsite_call_attachments.call_id 
WHERE onsite_calls.status IN (__[POSTCOMPILE_status_1]) AND onsite_calls.updated_at <= %(updated_at_1)s]
[parameters: [{}]]
(Background on this error at: https://sqlalche.me/e/20/e3q8)
[2026-04-14 09:15:08,477] ERROR in app: Exception on /dashboard/onsite-alert [GET]
Traceback (most recent call last):
  File "/home/eaglcqjv/virtualenv/public_html/syscare/3.9/lib64/python3.9/site-packages/sqlalchemy/engine/base.py", line 1815, in _execute_context
    context = constructor(
  File "/home/eaglcqjv/virtualenv/public_html/syscare/3.9/lib64/python3.9/site-packages/sqlalchemy/engine/default.py", line 1438, in _init_compiled
    self.cursor = self.create_cursor()
  File "/home/eaglcqjv/virtualenv/public_html/syscare/3.9/lib64/python3.9/site-packages/sqlalchemy/engine/default.py", line 1777, in create_cursor
    return self.create_default_cursor()
  File "/home/eaglcqjv/virtualenv/public_html/syscare/3.9/lib64/python3.9/site-packages/sqlalchemy/dialects/mysql/mysqlconnector.py", line 88, in create_default_cursor
    return self._dbapi_connection.cursor(buffered=True)
  File "/home/eaglcqjv/virtualenv/public_html/syscare/3.9/lib64/python3.9/site-packages/sqlalchemy/pool/base.py", line 1494, in cursor
    return self.dbapi_connection.cursor(*args, **kwargs)
  File "/home/eaglcqjv/virtualenv/public_html/syscare/3.9/lib64/python3.9/site-packages/mysql/connector/connection_cext.py", line 841, in cursor
    raise OperationalError("MySQL Connection not available.")
mysql.connector.errors.OperationalError: MySQL Connection not available.

The above exception was the direct cause of the following exception:

Traceback (most recent call last):
  File "/home/eaglcqjv/virtualenv/public_html/syscare/3.9/lib/python3.9/site-packages/flask/app.py", line 1511, in wsgi_app
    response = self.full_dispatch_request()
  File "/home/eaglcqjv/virtualenv/public_html/syscare/3.9/lib/python3.9/site-packages/flask/app.py", line 919, in full_dispatch_request
    rv = self.handle_user_exception(e)
  File "/home/eaglcqjv/virtualenv/public_html/syscare/3.9/lib/python3.9/site-packages/flask/app.py", line 915, in full_dispatch_request
    rv = self.preprocess_request()
  File "/home/eaglcqjv/virtualenv/public_html/syscare/3.9/lib/python3.9/site-packages/flask/app.py", line 1291, in preprocess_request
    rv = self.ensure_sync(before_func)()
  File "/home/eaglcqjv/public_html/syscare/onsite_calls_blueprint.py", line 2138, in onsite_call_media_cleanup
    service.purge_expired_attachments()
  File "/home/eaglcqjv/public_html/syscare/onsite_calls_blueprint.py", line 1354, in purge_expired_attachments
    rows = db_session.execute(
  File "/home/eaglcqjv/virtualenv/public_html/syscare/3.9/lib64/python3.9/site-packages/sqlalchemy/orm/session.py", line 2351, in execute
    return self._execute_internal(
  File "/home/eaglcqjv/virtualenv/public_html/syscare/3.9/lib64/python3.9/site-packages/sqlalchemy/orm/session.py", line 2249, in _execute_internal
    result: Result[Any] = compile_state_cls.orm_execute_statement(
  File "/home/eaglcqjv/virtualenv/public_html/syscare/3.9/lib64/python3.9/site-packages/sqlalchemy/orm/context.py", line 306, in orm_execute_statement
    result = conn.execute(
  File "/home/eaglcqjv/virtualenv/public_html/syscare/3.9/lib64/python3.9/site-packages/sqlalchemy/engine/base.py", line 1419, in execute
    return meth(
  File "/home/eaglcqjv/virtualenv/public_html/syscare/3.9/lib64/python3.9/site-packages/sqlalchemy/sql/elements.py", line 527, in _execute_on_connection
    return connection._execute_clauseelement(
  File "/home/eaglcqjv/virtualenv/public_html/syscare/3.9/lib64/python3.9/site-packages/sqlalchemy/engine/base.py", line 1641, in _execute_clauseelement
    ret = self._execute_context(
  File "/home/eaglcqjv/virtualenv/public_html/syscare/3.9/lib64/python3.9/site-packages/sqlalchemy/engine/base.py", line 1821, in _execute_context
    self._handle_dbapi_exception(
  File "/home/eaglcqjv/virtualenv/public_html/syscare/3.9/lib64/python3.9/site-packages/sqlalchemy/engine/base.py", line 2363, in _handle_dbapi_exception
    raise sqlalchemy_exception.with_traceback(exc_info[2]) from e
  File "/home/eaglcqjv/virtualenv/public_html/syscare/3.9/lib64/python3.9/site-packages/sqlalchemy/engine/base.py", line 1815, in _execute_context
    context = constructor(
  File "/home/eaglcqjv/virtualenv/public_html/syscare/3.9/lib64/python3.9/site-packages/sqlalchemy/engine/default.py", line 1438, in _init_compiled
    self.cursor = self.create_cursor()
  File "/home/eaglcqjv/virtualenv/public_html/syscare/3.9/lib64/python3.9/site-packages/sqlalchemy/engine/default.py", line 1777, in create_cursor
    return self.create_default_cursor()
  File "/home/eaglcqjv/virtualenv/public_html/syscare/3.9/lib64/python3.9/site-packages/sqlalchemy/dialects/mysql/mysqlconnector.py", line 88, in create_default_cursor
    return self._dbapi_connection.cursor(buffered=True)
  File "/home/eaglcqjv/virtualenv/public_html/syscare/3.9/lib64/python3.9/site-packages/sqlalchemy/pool/base.py", line 1494, in cursor
    return self.dbapi_connection.cursor(*args, **kwargs)
  File "/home/eaglcqjv/virtualenv/public_html/syscare/3.9/lib64/python3.9/site-packages/mysql/connector/connection_cext.py", line 841, in cursor
    raise OperationalError("MySQL Connection not available.")
sqlalchemy.exc.OperationalError: (mysql.connector.errors.OperationalError) MySQL Connection not available.
[SQL: SELECT onsite_call_attachments.id, onsite_call_attachments.filename 
FROM onsite_call_attachments INNER JOIN onsite_calls ON onsite_calls.id = onsite_call_attachments.call_id 
WHERE onsite_calls.status IN (__[POSTCOMPILE_status_1]) AND onsite_calls.updated_at <= %(updated_at_1)s]
[parameters: [{}]]
(Background on this error at: https://sqlalche.me/e/20/e3q8)
[2026-04-15 03:01:57,679] WARNING in app: Blocked request with invalid CSRF token to /login
[2026-04-15 04:08:29,304] WARNING in app: Blocked request with invalid CSRF token to /login
[2026-04-15 04:37:34,201] ERROR in app: Exception on /dashboard/onsite-alert [GET]
Traceback (most recent call last):
  File "/home/eaglcqjv/virtualenv/public_html/syscare/3.9/lib64/python3.9/site-packages/sqlalchemy/engine/base.py", line 1815, in _execute_context
    context = constructor(
  File "/home/eaglcqjv/virtualenv/public_html/syscare/3.9/lib64/python3.9/site-packages/sqlalchemy/engine/default.py", line 1438, in _init_compiled
    self.cursor = self.create_cursor()
  File "/home/eaglcqjv/virtualenv/public_html/syscare/3.9/lib64/python3.9/site-packages/sqlalchemy/engine/default.py", line 1777, in create_cursor
    return self.create_default_cursor()
  File "/home/eaglcqjv/virtualenv/public_html/syscare/3.9/lib64/python3.9/site-packages/sqlalchemy/dialects/mysql/mysqlconnector.py", line 88, in create_default_cursor
    return self._dbapi_connection.cursor(buffered=True)
  File "/home/eaglcqjv/virtualenv/public_html/syscare/3.9/lib64/python3.9/site-packages/sqlalchemy/pool/base.py", line 1494, in cursor
    return self.dbapi_connection.cursor(*args, **kwargs)
  File "/home/eaglcqjv/virtualenv/public_html/syscare/3.9/lib64/python3.9/site-packages/mysql/connector/connection_cext.py", line 841, in cursor
    raise OperationalError("MySQL Connection not available.")
mysql.connector.errors.OperationalError: MySQL Connection not available.

The above exception was the direct cause of the following exception:

Traceback (most recent call last):
  File "/home/eaglcqjv/virtualenv/public_html/syscare/3.9/lib/python3.9/site-packages/flask/app.py", line 1511, in wsgi_app
    response = self.full_dispatch_request()
  File "/home/eaglcqjv/virtualenv/public_html/syscare/3.9/lib/python3.9/site-packages/flask/app.py", line 919, in full_dispatch_request
    rv = self.handle_user_exception(e)
  File "/home/eaglcqjv/virtualenv/public_html/syscare/3.9/lib/python3.9/site-packages/flask/app.py", line 915, in full_dispatch_request
    rv = self.preprocess_request()
  File "/home/eaglcqjv/virtualenv/public_html/syscare/3.9/lib/python3.9/site-packages/flask/app.py", line 1291, in preprocess_request
    rv = self.ensure_sync(before_func)()
  File "/home/eaglcqjv/public_html/syscare/onsite_calls_blueprint.py", line 2138, in onsite_call_media_cleanup
    service.purge_expired_attachments()
  File "/home/eaglcqjv/public_html/syscare/onsite_calls_blueprint.py", line 1354, in purge_expired_attachments
    rows = db_session.execute(
  File "/home/eaglcqjv/virtualenv/public_html/syscare/3.9/lib64/python3.9/site-packages/sqlalchemy/orm/session.py", line 2351, in execute
    return self._execute_internal(
  File "/home/eaglcqjv/virtualenv/public_html/syscare/3.9/lib64/python3.9/site-packages/sqlalchemy/orm/session.py", line 2249, in _execute_internal
    result: Result[Any] = compile_state_cls.orm_execute_statement(
  File "/home/eaglcqjv/virtualenv/public_html/syscare/3.9/lib64/python3.9/site-packages/sqlalchemy/orm/context.py", line 306, in orm_execute_statement
    result = conn.execute(
  File "/home/eaglcqjv/virtualenv/public_html/syscare/3.9/lib64/python3.9/site-packages/sqlalchemy/engine/base.py", line 1419, in execute
    return meth(
  File "/home/eaglcqjv/virtualenv/public_html/syscare/3.9/lib64/python3.9/site-packages/sqlalchemy/sql/elements.py", line 527, in _execute_on_connection
    return connection._execute_clauseelement(
  File "/home/eaglcqjv/virtualenv/public_html/syscare/3.9/lib64/python3.9/site-packages/sqlalchemy/engine/base.py", line 1641, in _execute_clauseelement
    ret = self._execute_context(
  File "/home/eaglcqjv/virtualenv/public_html/syscare/3.9/lib64/python3.9/site-packages/sqlalchemy/engine/base.py", line 1821, in _execute_context
    self._handle_dbapi_exception(
  File "/home/eaglcqjv/virtualenv/public_html/syscare/3.9/lib64/python3.9/site-packages/sqlalchemy/engine/base.py", line 2363, in _handle_dbapi_exception
    raise sqlalchemy_exception.with_traceback(exc_info[2]) from e
  File "/home/eaglcqjv/virtualenv/public_html/syscare/3.9/lib64/python3.9/site-packages/sqlalchemy/engine/base.py", line 1815, in _execute_context
    context = constructor(
  File "/home/eaglcqjv/virtualenv/public_html/syscare/3.9/lib64/python3.9/site-packages/sqlalchemy/engine/default.py", line 1438, in _init_compiled
    self.cursor = self.create_cursor()
  File "/home/eaglcqjv/virtualenv/public_html/syscare/3.9/lib64/python3.9/site-packages/sqlalchemy/engine/default.py", line 1777, in create_cursor
    return self.create_default_cursor()
  File "/home/eaglcqjv/virtualenv/public_html/syscare/3.9/lib64/python3.9/site-packages/sqlalchemy/dialects/mysql/mysqlconnector.py", line 88, in create_default_cursor
    return self._dbapi_connection.cursor(buffered=True)
  File "/home/eaglcqjv/virtualenv/public_html/syscare/3.9/lib64/python3.9/site-packages/sqlalchemy/pool/base.py", line 1494, in cursor
    return self.dbapi_connection.cursor(*args, **kwargs)
  File "/home/eaglcqjv/virtualenv/public_html/syscare/3.9/lib64/python3.9/site-packages/mysql/connector/connection_cext.py", line 841, in cursor
    raise OperationalError("MySQL Connection not available.")
sqlalchemy.exc.OperationalError: (mysql.connector.errors.OperationalError) MySQL Connection not available.
[SQL: SELECT onsite_call_attachments.id, onsite_call_attachments.filename 
FROM onsite_call_attachments INNER JOIN onsite_calls ON onsite_calls.id = onsite_call_attachments.call_id 
WHERE onsite_calls.status IN (__[POSTCOMPILE_status_1]) AND onsite_calls.updated_at <= %(updated_at_1)s]
[parameters: [{}]]
(Background on this error at: https://sqlalche.me/e/20/e3q8)
[2026-04-15 07:45:14,399] ERROR in app: Exception on /dashboard/onsite-alert [GET]
Traceback (most recent call last):
  File "/home/eaglcqjv/virtualenv/public_html/syscare/3.9/lib64/python3.9/site-packages/sqlalchemy/engine/base.py", line 1815, in _execute_context
    context = constructor(
  File "/home/eaglcqjv/virtualenv/public_html/syscare/3.9/lib64/python3.9/site-packages/sqlalchemy/engine/default.py", line 1438, in _init_compiled
    self.cursor = self.create_cursor()
  File "/home/eaglcqjv/virtualenv/public_html/syscare/3.9/lib64/python3.9/site-packages/sqlalchemy/engine/default.py", line 1777, in create_cursor
    return self.create_default_cursor()
  File "/home/eaglcqjv/virtualenv/public_html/syscare/3.9/lib64/python3.9/site-packages/sqlalchemy/dialects/mysql/mysqlconnector.py", line 88, in create_default_cursor
    return self._dbapi_connection.cursor(buffered=True)
  File "/home/eaglcqjv/virtualenv/public_html/syscare/3.9/lib64/python3.9/site-packages/sqlalchemy/pool/base.py", line 1494, in cursor
    return self.dbapi_connection.cursor(*args, **kwargs)
  File "/home/eaglcqjv/virtualenv/public_html/syscare/3.9/lib64/python3.9/site-packages/mysql/connector/connection_cext.py", line 841, in cursor
    raise OperationalError("MySQL Connection not available.")
mysql.connector.errors.OperationalError: MySQL Connection not available.

The above exception was the direct cause of the following exception:

Traceback (most recent call last):
  File "/home/eaglcqjv/virtualenv/public_html/syscare/3.9/lib/python3.9/site-packages/flask/app.py", line 1511, in wsgi_app
    response = self.full_dispatch_request()
  File "/home/eaglcqjv/virtualenv/public_html/syscare/3.9/lib/python3.9/site-packages/flask/app.py", line 919, in full_dispatch_request
    rv = self.handle_user_exception(e)
  File "/home/eaglcqjv/virtualenv/public_html/syscare/3.9/lib/python3.9/site-packages/flask/app.py", line 915, in full_dispatch_request
    rv = self.preprocess_request()
  File "/home/eaglcqjv/virtualenv/public_html/syscare/3.9/lib/python3.9/site-packages/flask/app.py", line 1291, in preprocess_request
    rv = self.ensure_sync(before_func)()
  File "/home/eaglcqjv/public_html/syscare/onsite_calls_blueprint.py", line 2138, in onsite_call_media_cleanup
    service.purge_expired_attachments()
  File "/home/eaglcqjv/public_html/syscare/onsite_calls_blueprint.py", line 1354, in purge_expired_attachments
    rows = db_session.execute(
  File "/home/eaglcqjv/virtualenv/public_html/syscare/3.9/lib64/python3.9/site-packages/sqlalchemy/orm/session.py", line 2351, in execute
    return self._execute_internal(
  File "/home/eaglcqjv/virtualenv/public_html/syscare/3.9/lib64/python3.9/site-packages/sqlalchemy/orm/session.py", line 2249, in _execute_internal
    result: Result[Any] = compile_state_cls.orm_execute_statement(
  File "/home/eaglcqjv/virtualenv/public_html/syscare/3.9/lib64/python3.9/site-packages/sqlalchemy/orm/context.py", line 306, in orm_execute_statement
    result = conn.execute(
  File "/home/eaglcqjv/virtualenv/public_html/syscare/3.9/lib64/python3.9/site-packages/sqlalchemy/engine/base.py", line 1419, in execute
    return meth(
  File "/home/eaglcqjv/virtualenv/public_html/syscare/3.9/lib64/python3.9/site-packages/sqlalchemy/sql/elements.py", line 527, in _execute_on_connection
    return connection._execute_clauseelement(
  File "/home/eaglcqjv/virtualenv/public_html/syscare/3.9/lib64/python3.9/site-packages/sqlalchemy/engine/base.py", line 1641, in _execute_clauseelement
    ret = self._execute_context(
  File "/home/eaglcqjv/virtualenv/public_html/syscare/3.9/lib64/python3.9/site-packages/sqlalchemy/engine/base.py", line 1821, in _execute_context
    self._handle_dbapi_exception(
  File "/home/eaglcqjv/virtualenv/public_html/syscare/3.9/lib64/python3.9/site-packages/sqlalchemy/engine/base.py", line 2363, in _handle_dbapi_exception
    raise sqlalchemy_exception.with_traceback(exc_info[2]) from e
  File "/home/eaglcqjv/virtualenv/public_html/syscare/3.9/lib64/python3.9/site-packages/sqlalchemy/engine/base.py", line 1815, in _execute_context
    context = constructor(
  File "/home/eaglcqjv/virtualenv/public_html/syscare/3.9/lib64/python3.9/site-packages/sqlalchemy/engine/default.py", line 1438, in _init_compiled
    self.cursor = self.create_cursor()
  File "/home/eaglcqjv/virtualenv/public_html/syscare/3.9/lib64/python3.9/site-packages/sqlalchemy/engine/default.py", line 1777, in create_cursor
    return self.create_default_cursor()
  File "/home/eaglcqjv/virtualenv/public_html/syscare/3.9/lib64/python3.9/site-packages/sqlalchemy/dialects/mysql/mysqlconnector.py", line 88, in create_default_cursor
    return self._dbapi_connection.cursor(buffered=True)
  File "/home/eaglcqjv/virtualenv/public_html/syscare/3.9/lib64/python3.9/site-packages/sqlalchemy/pool/base.py", line 1494, in cursor
    return self.dbapi_connection.cursor(*args, **kwargs)
  File "/home/eaglcqjv/virtualenv/public_html/syscare/3.9/lib64/python3.9/site-packages/mysql/connector/connection_cext.py", line 841, in cursor
    raise OperationalError("MySQL Connection not available.")
sqlalchemy.exc.OperationalError: (mysql.connector.errors.OperationalError) MySQL Connection not available.
[SQL: SELECT onsite_call_attachments.id, onsite_call_attachments.filename 
FROM onsite_call_attachments INNER JOIN onsite_calls ON onsite_calls.id = onsite_call_attachments.call_id 
WHERE onsite_calls.status IN (__[POSTCOMPILE_status_1]) AND onsite_calls.updated_at <= %(updated_at_1)s]
[parameters: [{}]]
(Background on this error at: https://sqlalche.me/e/20/e3q8)
[2026-04-15 07:48:56,481] WARNING in app: Blocked request with invalid CSRF token to /login
[2026-04-16 03:15:15,481] ERROR in app: Exception on /dashboard/onsite-alert [GET]
Traceback (most recent call last):
  File "/home/eaglcqjv/virtualenv/public_html/syscare/3.9/lib64/python3.9/site-packages/sqlalchemy/engine/base.py", line 1815, in _execute_context
    context = constructor(
  File "/home/eaglcqjv/virtualenv/public_html/syscare/3.9/lib64/python3.9/site-packages/sqlalchemy/engine/default.py", line 1438, in _init_compiled
    self.cursor = self.create_cursor()
  File "/home/eaglcqjv/virtualenv/public_html/syscare/3.9/lib64/python3.9/site-packages/sqlalchemy/engine/default.py", line 1777, in create_cursor
    return self.create_default_cursor()
  File "/home/eaglcqjv/virtualenv/public_html/syscare/3.9/lib64/python3.9/site-packages/sqlalchemy/dialects/mysql/mysqlconnector.py", line 88, in create_default_cursor
    return self._dbapi_connection.cursor(buffered=True)
  File "/home/eaglcqjv/virtualenv/public_html/syscare/3.9/lib64/python3.9/site-packages/sqlalchemy/pool/base.py", line 1494, in cursor
    return self.dbapi_connection.cursor(*args, **kwargs)
  File "/home/eaglcqjv/virtualenv/public_html/syscare/3.9/lib64/python3.9/site-packages/mysql/connector/connection_cext.py", line 841, in cursor
    raise OperationalError("MySQL Connection not available.")
mysql.connector.errors.OperationalError: MySQL Connection not available.

The above exception was the direct cause of the following exception:

Traceback (most recent call last):
  File "/home/eaglcqjv/virtualenv/public_html/syscare/3.9/lib/python3.9/site-packages/flask/app.py", line 1511, in wsgi_app
    response = self.full_dispatch_request()
  File "/home/eaglcqjv/virtualenv/public_html/syscare/3.9/lib/python3.9/site-packages/flask/app.py", line 919, in full_dispatch_request
    rv = self.handle_user_exception(e)
  File "/home/eaglcqjv/virtualenv/public_html/syscare/3.9/lib/python3.9/site-packages/flask/app.py", line 915, in full_dispatch_request
    rv = self.preprocess_request()
  File "/home/eaglcqjv/virtualenv/public_html/syscare/3.9/lib/python3.9/site-packages/flask/app.py", line 1291, in preprocess_request
    rv = self.ensure_sync(before_func)()
  File "/home/eaglcqjv/public_html/syscare/onsite_calls_blueprint.py", line 2138, in onsite_call_media_cleanup
    service.purge_expired_attachments()
  File "/home/eaglcqjv/public_html/syscare/onsite_calls_blueprint.py", line 1354, in purge_expired_attachments
    rows = db_session.execute(
  File "/home/eaglcqjv/virtualenv/public_html/syscare/3.9/lib64/python3.9/site-packages/sqlalchemy/orm/session.py", line 2351, in execute
    return self._execute_internal(
  File "/home/eaglcqjv/virtualenv/public_html/syscare/3.9/lib64/python3.9/site-packages/sqlalchemy/orm/session.py", line 2249, in _execute_internal
    result: Result[Any] = compile_state_cls.orm_execute_statement(
  File "/home/eaglcqjv/virtualenv/public_html/syscare/3.9/lib64/python3.9/site-packages/sqlalchemy/orm/context.py", line 306, in orm_execute_statement
    result = conn.execute(
  File "/home/eaglcqjv/virtualenv/public_html/syscare/3.9/lib64/python3.9/site-packages/sqlalchemy/engine/base.py", line 1419, in execute
    return meth(
  File "/home/eaglcqjv/virtualenv/public_html/syscare/3.9/lib64/python3.9/site-packages/sqlalchemy/sql/elements.py", line 527, in _execute_on_connection
    return connection._execute_clauseelement(
  File "/home/eaglcqjv/virtualenv/public_html/syscare/3.9/lib64/python3.9/site-packages/sqlalchemy/engine/base.py", line 1641, in _execute_clauseelement
    ret = self._execute_context(
  File "/home/eaglcqjv/virtualenv/public_html/syscare/3.9/lib64/python3.9/site-packages/sqlalchemy/engine/base.py", line 1821, in _execute_context
    self._handle_dbapi_exception(
  File "/home/eaglcqjv/virtualenv/public_html/syscare/3.9/lib64/python3.9/site-packages/sqlalchemy/engine/base.py", line 2363, in _handle_dbapi_exception
    raise sqlalchemy_exception.with_traceback(exc_info[2]) from e
  File "/home/eaglcqjv/virtualenv/public_html/syscare/3.9/lib64/python3.9/site-packages/sqlalchemy/engine/base.py", line 1815, in _execute_context
    context = constructor(
  File "/home/eaglcqjv/virtualenv/public_html/syscare/3.9/lib64/python3.9/site-packages/sqlalchemy/engine/default.py", line 1438, in _init_compiled
    self.cursor = self.create_cursor()
  File "/home/eaglcqjv/virtualenv/public_html/syscare/3.9/lib64/python3.9/site-packages/sqlalchemy/engine/default.py", line 1777, in create_cursor
    return self.create_default_cursor()
  File "/home/eaglcqjv/virtualenv/public_html/syscare/3.9/lib64/python3.9/site-packages/sqlalchemy/dialects/mysql/mysqlconnector.py", line 88, in create_default_cursor
    return self._dbapi_connection.cursor(buffered=True)
  File "/home/eaglcqjv/virtualenv/public_html/syscare/3.9/lib64/python3.9/site-packages/sqlalchemy/pool/base.py", line 1494, in cursor
    return self.dbapi_connection.cursor(*args, **kwargs)
  File "/home/eaglcqjv/virtualenv/public_html/syscare/3.9/lib64/python3.9/site-packages/mysql/connector/connection_cext.py", line 841, in cursor
    raise OperationalError("MySQL Connection not available.")
sqlalchemy.exc.OperationalError: (mysql.connector.errors.OperationalError) MySQL Connection not available.
[SQL: SELECT onsite_call_attachments.id, onsite_call_attachments.filename 
FROM onsite_call_attachments INNER JOIN onsite_calls ON onsite_calls.id = onsite_call_attachments.call_id 
WHERE onsite_calls.status IN (__[POSTCOMPILE_status_1]) AND onsite_calls.updated_at <= %(updated_at_1)s]
[parameters: [{}]]
(Background on this error at: https://sqlalche.me/e/20/e3q8)
[2026-04-16 03:16:16,446] ERROR in app: Could not load customer history
Traceback (most recent call last):
  File "/home/eaglcqjv/virtualenv/public_html/syscare/3.9/lib64/python3.9/site-packages/mysql/connector/connection_cext.py", line 772, in cmd_query
    self._cmysql.query(
_mysql_connector.MySQLInterfaceError: Lost connection to MySQL server during query

The above exception was the direct cause of the following exception:

Traceback (most recent call last):
  File "/home/eaglcqjv/public_html/syscare/app.py", line 1446, in get_db
    _configure_db_connection_session(connection)
  File "/home/eaglcqjv/public_html/syscare/app.py", line 1421, in _configure_db_connection_session
    cursor.execute("SET time_zone = %s", (mysql_session_timezone_value(),))
  File "/home/eaglcqjv/virtualenv/public_html/syscare/3.9/lib64/python3.9/site-packages/mysql/connector/cursor_cext.py", line 353, in execute
    self._connection.cmd_query(
  File "/home/eaglcqjv/virtualenv/public_html/syscare/3.9/lib64/python3.9/site-packages/mysql/connector/opentelemetry/context_propagation.py", line 97, in wrapper
    return method(cnx, *args, **kwargs)
  File "/home/eaglcqjv/virtualenv/public_html/syscare/3.9/lib64/python3.9/site-packages/mysql/connector/connection_cext.py", line 781, in cmd_query
    raise get_mysql_exception(
mysql.connector.errors.OperationalError: 2013 (HY000): Lost connection to MySQL server during query

During handling of the above exception, another exception occurred:

Traceback (most recent call last):
  File "/home/eaglcqjv/public_html/syscare/app.py", line 7779, in customer_history
    db = get_db()
  File "/home/eaglcqjv/public_html/syscare/app.py", line 1449, in get_db
    connection.close()
  File "/home/eaglcqjv/virtualenv/public_html/syscare/3.9/lib64/python3.9/site-packages/mysql/connector/pooling.py", line 410, in close
    cnx.reset_session()
  File "/home/eaglcqjv/virtualenv/public_html/syscare/3.9/lib64/python3.9/site-packages/mysql/connector/connection_cext.py", line 1144, in reset_session
    raise OperationalError("MySQL Connection not available.")
mysql.connector.errors.OperationalError: MySQL Connection not available.
[2026-04-16 03:16:16,451] ERROR in app: Exception on /customer-history/9809166 [GET]
Traceback (most recent call last):
  File "/home/eaglcqjv/virtualenv/public_html/syscare/3.9/lib/python3.9/site-packages/flask/app.py", line 1511, in wsgi_app
    response = self.full_dispatch_request()
  File "/home/eaglcqjv/virtualenv/public_html/syscare/3.9/lib/python3.9/site-packages/flask/app.py", line 919, in full_dispatch_request
    rv = self.handle_user_exception(e)
  File "/home/eaglcqjv/virtualenv/public_html/syscare/3.9/lib/python3.9/site-packages/flask/app.py", line 917, in full_dispatch_request
    rv = self.dispatch_request()
  File "/home/eaglcqjv/virtualenv/public_html/syscare/3.9/lib/python3.9/site-packages/flask/app.py", line 902, in dispatch_request
    return self.ensure_sync(self.view_functions[rule.endpoint])(**view_args)  # type: ignore[no-any-return]
  File "/home/eaglcqjv/public_html/syscare/app.py", line 7823, in customer_history
    _safe_close(cursor, db)
UnboundLocalError: local variable 'cursor' referenced before assignment
[2026-04-16 03:31:06,905] WARNING in app: Blocked request with invalid CSRF token to /login
[2026-04-16 03:39:15,570] ERROR in app: Exception on /dashboard/onsite-alert [GET]
Traceback (most recent call last):
  File "/home/eaglcqjv/virtualenv/public_html/syscare/3.9/lib64/python3.9/site-packages/sqlalchemy/engine/base.py", line 1815, in _execute_context
    context = constructor(
  File "/home/eaglcqjv/virtualenv/public_html/syscare/3.9/lib64/python3.9/site-packages/sqlalchemy/engine/default.py", line 1438, in _init_compiled
    self.cursor = self.create_cursor()
  File "/home/eaglcqjv/virtualenv/public_html/syscare/3.9/lib64/python3.9/site-packages/sqlalchemy/engine/default.py", line 1777, in create_cursor
    return self.create_default_cursor()
  File "/home/eaglcqjv/virtualenv/public_html/syscare/3.9/lib64/python3.9/site-packages/sqlalchemy/dialects/mysql/mysqlconnector.py", line 88, in create_default_cursor
    return self._dbapi_connection.cursor(buffered=True)
  File "/home/eaglcqjv/virtualenv/public_html/syscare/3.9/lib64/python3.9/site-packages/sqlalchemy/pool/base.py", line 1494, in cursor
    return self.dbapi_connection.cursor(*args, **kwargs)
  File "/home/eaglcqjv/virtualenv/public_html/syscare/3.9/lib64/python3.9/site-packages/mysql/connector/connection_cext.py", line 841, in cursor
    raise OperationalError("MySQL Connection not available.")
mysql.connector.errors.OperationalError: MySQL Connection not available.

The above exception was the direct cause of the following exception:

Traceback (most recent call last):
  File "/home/eaglcqjv/virtualenv/public_html/syscare/3.9/lib/python3.9/site-packages/flask/app.py", line 1511, in wsgi_app
    response = self.full_dispatch_request()
  File "/home/eaglcqjv/virtualenv/public_html/syscare/3.9/lib/python3.9/site-packages/flask/app.py", line 919, in full_dispatch_request
    rv = self.handle_user_exception(e)
  File "/home/eaglcqjv/virtualenv/public_html/syscare/3.9/lib/python3.9/site-packages/flask/app.py", line 915, in full_dispatch_request
    rv = self.preprocess_request()
  File "/home/eaglcqjv/virtualenv/public_html/syscare/3.9/lib/python3.9/site-packages/flask/app.py", line 1291, in preprocess_request
    rv = self.ensure_sync(before_func)()
  File "/home/eaglcqjv/public_html/syscare/onsite_calls_blueprint.py", line 2138, in onsite_call_media_cleanup
    service.purge_expired_attachments()
  File "/home/eaglcqjv/public_html/syscare/onsite_calls_blueprint.py", line 1354, in purge_expired_attachments
    rows = db_session.execute(
  File "/home/eaglcqjv/virtualenv/public_html/syscare/3.9/lib64/python3.9/site-packages/sqlalchemy/orm/session.py", line 2351, in execute
    return self._execute_internal(
  File "/home/eaglcqjv/virtualenv/public_html/syscare/3.9/lib64/python3.9/site-packages/sqlalchemy/orm/session.py", line 2249, in _execute_internal
    result: Result[Any] = compile_state_cls.orm_execute_statement(
  File "/home/eaglcqjv/virtualenv/public_html/syscare/3.9/lib64/python3.9/site-packages/sqlalchemy/orm/context.py", line 306, in orm_execute_statement
    result = conn.execute(
  File "/home/eaglcqjv/virtualenv/public_html/syscare/3.9/lib64/python3.9/site-packages/sqlalchemy/engine/base.py", line 1419, in execute
    return meth(
  File "/home/eaglcqjv/virtualenv/public_html/syscare/3.9/lib64/python3.9/site-packages/sqlalchemy/sql/elements.py", line 527, in _execute_on_connection
    return connection._execute_clauseelement(
  File "/home/eaglcqjv/virtualenv/public_html/syscare/3.9/lib64/python3.9/site-packages/sqlalchemy/engine/base.py", line 1641, in _execute_clauseelement
    ret = self._execute_context(
  File "/home/eaglcqjv/virtualenv/public_html/syscare/3.9/lib64/python3.9/site-packages/sqlalchemy/engine/base.py", line 1821, in _execute_context
    self._handle_dbapi_exception(
  File "/home/eaglcqjv/virtualenv/public_html/syscare/3.9/lib64/python3.9/site-packages/sqlalchemy/engine/base.py", line 2363, in _handle_dbapi_exception
    raise sqlalchemy_exception.with_traceback(exc_info[2]) from e
  File "/home/eaglcqjv/virtualenv/public_html/syscare/3.9/lib64/python3.9/site-packages/sqlalchemy/engine/base.py", line 1815, in _execute_context
    context = constructor(
  File "/home/eaglcqjv/virtualenv/public_html/syscare/3.9/lib64/python3.9/site-packages/sqlalchemy/engine/default.py", line 1438, in _init_compiled
    self.cursor = self.create_cursor()
  File "/home/eaglcqjv/virtualenv/public_html/syscare/3.9/lib64/python3.9/site-packages/sqlalchemy/engine/default.py", line 1777, in create_cursor
    return self.create_default_cursor()
  File "/home/eaglcqjv/virtualenv/public_html/syscare/3.9/lib64/python3.9/site-packages/sqlalchemy/dialects/mysql/mysqlconnector.py", line 88, in create_default_cursor
    return self._dbapi_connection.cursor(buffered=True)
  File "/home/eaglcqjv/virtualenv/public_html/syscare/3.9/lib64/python3.9/site-packages/sqlalchemy/pool/base.py", line 1494, in cursor
    return self.dbapi_connection.cursor(*args, **kwargs)
  File "/home/eaglcqjv/virtualenv/public_html/syscare/3.9/lib64/python3.9/site-packages/mysql/connector/connection_cext.py", line 841, in cursor
    raise OperationalError("MySQL Connection not available.")
sqlalchemy.exc.OperationalError: (mysql.connector.errors.OperationalError) MySQL Connection not available.
[SQL: SELECT onsite_call_attachments.id, onsite_call_attachments.filename 
FROM onsite_call_attachments INNER JOIN onsite_calls ON onsite_calls.id = onsite_call_attachments.call_id 
WHERE onsite_calls.status IN (__[POSTCOMPILE_status_1]) AND onsite_calls.updated_at <= %(updated_at_1)s]
[parameters: [{}]]
(Background on this error at: https://sqlalche.me/e/20/e3q8)
[2026-04-16 03:52:48,630] WARNING in app: Blocked request with invalid CSRF token to /dashboard/branch-scope
[2026-04-16 03:53:06,457] WARNING in app: Blocked request with invalid CSRF token to /dashboard/branch-scope
[2026-04-16 04:35:21,789] WARNING in app: Blocked request with invalid CSRF token to /login
[2026-04-16 04:35:30,301] WARNING in app: Blocked request with invalid CSRF token to /login
[2026-04-16 04:56:15,718] ERROR in app: Exception on /dashboard/onsite-alert [GET]
Traceback (most recent call last):
  File "/home/eaglcqjv/virtualenv/public_html/syscare/3.9/lib64/python3.9/site-packages/sqlalchemy/engine/base.py", line 1815, in _execute_context
    context = constructor(
  File "/home/eaglcqjv/virtualenv/public_html/syscare/3.9/lib64/python3.9/site-packages/sqlalchemy/engine/default.py", line 1438, in _init_compiled
    self.cursor = self.create_cursor()
  File "/home/eaglcqjv/virtualenv/public_html/syscare/3.9/lib64/python3.9/site-packages/sqlalchemy/engine/default.py", line 1777, in create_cursor
    return self.create_default_cursor()
  File "/home/eaglcqjv/virtualenv/public_html/syscare/3.9/lib64/python3.9/site-packages/sqlalchemy/dialects/mysql/mysqlconnector.py", line 88, in create_default_cursor
    return self._dbapi_connection.cursor(buffered=True)
  File "/home/eaglcqjv/virtualenv/public_html/syscare/3.9/lib64/python3.9/site-packages/sqlalchemy/pool/base.py", line 1494, in cursor
    return self.dbapi_connection.cursor(*args, **kwargs)
  File "/home/eaglcqjv/virtualenv/public_html/syscare/3.9/lib64/python3.9/site-packages/mysql/connector/connection_cext.py", line 841, in cursor
    raise OperationalError("MySQL Connection not available.")
mysql.connector.errors.OperationalError: MySQL Connection not available.

The above exception was the direct cause of the following exception:

Traceback (most recent call last):
  File "/home/eaglcqjv/virtualenv/public_html/syscare/3.9/lib/python3.9/site-packages/flask/app.py", line 1511, in wsgi_app
    response = self.full_dispatch_request()
  File "/home/eaglcqjv/virtualenv/public_html/syscare/3.9/lib/python3.9/site-packages/flask/app.py", line 919, in full_dispatch_request
    rv = self.handle_user_exception(e)
  File "/home/eaglcqjv/virtualenv/public_html/syscare/3.9/lib/python3.9/site-packages/flask/app.py", line 915, in full_dispatch_request
    rv = self.preprocess_request()
  File "/home/eaglcqjv/virtualenv/public_html/syscare/3.9/lib/python3.9/site-packages/flask/app.py", line 1291, in preprocess_request
    rv = self.ensure_sync(before_func)()
  File "/home/eaglcqjv/public_html/syscare/onsite_calls_blueprint.py", line 2138, in onsite_call_media_cleanup
    service.purge_expired_attachments()
  File "/home/eaglcqjv/public_html/syscare/onsite_calls_blueprint.py", line 1354, in purge_expired_attachments
    rows = db_session.execute(
  File "/home/eaglcqjv/virtualenv/public_html/syscare/3.9/lib64/python3.9/site-packages/sqlalchemy/orm/session.py", line 2351, in execute
    return self._execute_internal(
  File "/home/eaglcqjv/virtualenv/public_html/syscare/3.9/lib64/python3.9/site-packages/sqlalchemy/orm/session.py", line 2249, in _execute_internal
    result: Result[Any] = compile_state_cls.orm_execute_statement(
  File "/home/eaglcqjv/virtualenv/public_html/syscare/3.9/lib64/python3.9/site-packages/sqlalchemy/orm/context.py", line 306, in orm_execute_statement
    result = conn.execute(
  File "/home/eaglcqjv/virtualenv/public_html/syscare/3.9/lib64/python3.9/site-packages/sqlalchemy/engine/base.py", line 1419, in execute
    return meth(
  File "/home/eaglcqjv/virtualenv/public_html/syscare/3.9/lib64/python3.9/site-packages/sqlalchemy/sql/elements.py", line 527, in _execute_on_connection
    return connection._execute_clauseelement(
  File "/home/eaglcqjv/virtualenv/public_html/syscare/3.9/lib64/python3.9/site-packages/sqlalchemy/engine/base.py", line 1641, in _execute_clauseelement
    ret = self._execute_context(
  File "/home/eaglcqjv/virtualenv/public_html/syscare/3.9/lib64/python3.9/site-packages/sqlalchemy/engine/base.py", line 1821, in _execute_context
    self._handle_dbapi_exception(
  File "/home/eaglcqjv/virtualenv/public_html/syscare/3.9/lib64/python3.9/site-packages/sqlalchemy/engine/base.py", line 2363, in _handle_dbapi_exception
    raise sqlalchemy_exception.with_traceback(exc_info[2]) from e
  File "/home/eaglcqjv/virtualenv/public_html/syscare/3.9/lib64/python3.9/site-packages/sqlalchemy/engine/base.py", line 1815, in _execute_context
    context = constructor(
  File "/home/eaglcqjv/virtualenv/public_html/syscare/3.9/lib64/python3.9/site-packages/sqlalchemy/engine/default.py", line 1438, in _init_compiled
    self.cursor = self.create_cursor()
  File "/home/eaglcqjv/virtualenv/public_html/syscare/3.9/lib64/python3.9/site-packages/sqlalchemy/engine/default.py", line 1777, in create_cursor
    return self.create_default_cursor()
  File "/home/eaglcqjv/virtualenv/public_html/syscare/3.9/lib64/python3.9/site-packages/sqlalchemy/dialects/mysql/mysqlconnector.py", line 88, in create_default_cursor
    return self._dbapi_connection.cursor(buffered=True)
  File "/home/eaglcqjv/virtualenv/public_html/syscare/3.9/lib64/python3.9/site-packages/sqlalchemy/pool/base.py", line 1494, in cursor
    return self.dbapi_connection.cursor(*args, **kwargs)
  File "/home/eaglcqjv/virtualenv/public_html/syscare/3.9/lib64/python3.9/site-packages/mysql/connector/connection_cext.py", line 841, in cursor
    raise OperationalError("MySQL Connection not available.")
sqlalchemy.exc.OperationalError: (mysql.connector.errors.OperationalError) MySQL Connection not available.
[SQL: SELECT onsite_call_attachments.id, onsite_call_attachments.filename 
FROM onsite_call_attachments INNER JOIN onsite_calls ON onsite_calls.id = onsite_call_attachments.call_id 
WHERE onsite_calls.status IN (__[POSTCOMPILE_status_1]) AND onsite_calls.updated_at <= %(updated_at_1)s]
[parameters: [{}]]
(Background on this error at: https://sqlalche.me/e/20/e3q8)
[2026-04-16 06:16:21,732] WARNING in app: Blocked request with invalid CSRF token to /login
[2026-04-16 06:56:23,626] WARNING in app: Blocked login for user CHAROOP because the stored password is not hashed
[2026-04-16 07:05:52,245] WARNING in app: Blocked login for user CHAROOP because the stored password is not hashed
[2026-04-16 08:00:11,016] ERROR in app: Exception on /jobs [GET]
Traceback (most recent call last):
  File "/home/eaglcqjv/virtualenv/public_html/syscare/3.9/lib64/python3.9/site-packages/sqlalchemy/engine/base.py", line 1815, in _execute_context
    context = constructor(
  File "/home/eaglcqjv/virtualenv/public_html/syscare/3.9/lib64/python3.9/site-packages/sqlalchemy/engine/default.py", line 1438, in _init_compiled
    self.cursor = self.create_cursor()
  File "/home/eaglcqjv/virtualenv/public_html/syscare/3.9/lib64/python3.9/site-packages/sqlalchemy/engine/default.py", line 1777, in create_cursor
    return self.create_default_cursor()
  File "/home/eaglcqjv/virtualenv/public_html/syscare/3.9/lib64/python3.9/site-packages/sqlalchemy/dialects/mysql/mysqlconnector.py", line 88, in create_default_cursor
    return self._dbapi_connection.cursor(buffered=True)
  File "/home/eaglcqjv/virtualenv/public_html/syscare/3.9/lib64/python3.9/site-packages/sqlalchemy/pool/base.py", line 1494, in cursor
    return self.dbapi_connection.cursor(*args, **kwargs)
  File "/home/eaglcqjv/virtualenv/public_html/syscare/3.9/lib64/python3.9/site-packages/mysql/connector/connection_cext.py", line 841, in cursor
    raise OperationalError("MySQL Connection not available.")
mysql.connector.errors.OperationalError: MySQL Connection not available.

The above exception was the direct cause of the following exception:

Traceback (most recent call last):
  File "/home/eaglcqjv/virtualenv/public_html/syscare/3.9/lib/python3.9/site-packages/flask/app.py", line 1511, in wsgi_app
    response = self.full_dispatch_request()
  File "/home/eaglcqjv/virtualenv/public_html/syscare/3.9/lib/python3.9/site-packages/flask/app.py", line 919, in full_dispatch_request
    rv = self.handle_user_exception(e)
  File "/home/eaglcqjv/virtualenv/public_html/syscare/3.9/lib/python3.9/site-packages/flask/app.py", line 915, in full_dispatch_request
    rv = self.preprocess_request()
  File "/home/eaglcqjv/virtualenv/public_html/syscare/3.9/lib/python3.9/site-packages/flask/app.py", line 1291, in preprocess_request
    rv = self.ensure_sync(before_func)()
  File "/home/eaglcqjv/public_html/syscare/onsite_calls_blueprint.py", line 2138, in onsite_call_media_cleanup
    service.purge_expired_attachments()
  File "/home/eaglcqjv/public_html/syscare/onsite_calls_blueprint.py", line 1354, in purge_expired_attachments
    rows = db_session.execute(
  File "/home/eaglcqjv/virtualenv/public_html/syscare/3.9/lib64/python3.9/site-packages/sqlalchemy/orm/session.py", line 2351, in execute
    return self._execute_internal(
  File "/home/eaglcqjv/virtualenv/public_html/syscare/3.9/lib64/python3.9/site-packages/sqlalchemy/orm/session.py", line 2249, in _execute_internal
    result: Result[Any] = compile_state_cls.orm_execute_statement(
  File "/home/eaglcqjv/virtualenv/public_html/syscare/3.9/lib64/python3.9/site-packages/sqlalchemy/orm/context.py", line 306, in orm_execute_statement
    result = conn.execute(
  File "/home/eaglcqjv/virtualenv/public_html/syscare/3.9/lib64/python3.9/site-packages/sqlalchemy/engine/base.py", line 1419, in execute
    return meth(
  File "/home/eaglcqjv/virtualenv/public_html/syscare/3.9/lib64/python3.9/site-packages/sqlalchemy/sql/elements.py", line 527, in _execute_on_connection
    return connection._execute_clauseelement(
  File "/home/eaglcqjv/virtualenv/public_html/syscare/3.9/lib64/python3.9/site-packages/sqlalchemy/engine/base.py", line 1641, in _execute_clauseelement
    ret = self._execute_context(
  File "/home/eaglcqjv/virtualenv/public_html/syscare/3.9/lib64/python3.9/site-packages/sqlalchemy/engine/base.py", line 1821, in _execute_context
    self._handle_dbapi_exception(
  File "/home/eaglcqjv/virtualenv/public_html/syscare/3.9/lib64/python3.9/site-packages/sqlalchemy/engine/base.py", line 2363, in _handle_dbapi_exception
    raise sqlalchemy_exception.with_traceback(exc_info[2]) from e
  File "/home/eaglcqjv/virtualenv/public_html/syscare/3.9/lib64/python3.9/site-packages/sqlalchemy/engine/base.py", line 1815, in _execute_context
    context = constructor(
  File "/home/eaglcqjv/virtualenv/public_html/syscare/3.9/lib64/python3.9/site-packages/sqlalchemy/engine/default.py", line 1438, in _init_compiled
    self.cursor = self.create_cursor()
  File "/home/eaglcqjv/virtualenv/public_html/syscare/3.9/lib64/python3.9/site-packages/sqlalchemy/engine/default.py", line 1777, in create_cursor
    return self.create_default_cursor()
  File "/home/eaglcqjv/virtualenv/public_html/syscare/3.9/lib64/python3.9/site-packages/sqlalchemy/dialects/mysql/mysqlconnector.py", line 88, in create_default_cursor
    return self._dbapi_connection.cursor(buffered=True)
  File "/home/eaglcqjv/virtualenv/public_html/syscare/3.9/lib64/python3.9/site-packages/sqlalchemy/pool/base.py", line 1494, in cursor
    return self.dbapi_connection.cursor(*args, **kwargs)
  File "/home/eaglcqjv/virtualenv/public_html/syscare/3.9/lib64/python3.9/site-packages/mysql/connector/connection_cext.py", line 841, in cursor
    raise OperationalError("MySQL Connection not available.")
sqlalchemy.exc.OperationalError: (mysql.connector.errors.OperationalError) MySQL Connection not available.
[SQL: SELECT onsite_call_attachments.id, onsite_call_attachments.filename 
FROM onsite_call_attachments INNER JOIN onsite_calls ON onsite_calls.id = onsite_call_attachments.call_id 
WHERE onsite_calls.status IN (__[POSTCOMPILE_status_1]) AND onsite_calls.updated_at <= %(updated_at_1)s]
[parameters: [{}]]
(Background on this error at: https://sqlalche.me/e/20/e3q8)
[2026-04-16 10:15:07,010] ERROR in app: Exception on /dashboard/onsite-alert [GET]
Traceback (most recent call last):
  File "/home/eaglcqjv/virtualenv/public_html/syscare/3.9/lib64/python3.9/site-packages/sqlalchemy/engine/base.py", line 1815, in _execute_context
    context = constructor(
  File "/home/eaglcqjv/virtualenv/public_html/syscare/3.9/lib64/python3.9/site-packages/sqlalchemy/engine/default.py", line 1438, in _init_compiled
    self.cursor = self.create_cursor()
  File "/home/eaglcqjv/virtualenv/public_html/syscare/3.9/lib64/python3.9/site-packages/sqlalchemy/engine/default.py", line 1777, in create_cursor
    return self.create_default_cursor()
  File "/home/eaglcqjv/virtualenv/public_html/syscare/3.9/lib64/python3.9/site-packages/sqlalchemy/dialects/mysql/mysqlconnector.py", line 88, in create_default_cursor
    return self._dbapi_connection.cursor(buffered=True)
  File "/home/eaglcqjv/virtualenv/public_html/syscare/3.9/lib64/python3.9/site-packages/sqlalchemy/pool/base.py", line 1494, in cursor
    return self.dbapi_connection.cursor(*args, **kwargs)
  File "/home/eaglcqjv/virtualenv/public_html/syscare/3.9/lib64/python3.9/site-packages/mysql/connector/connection_cext.py", line 841, in cursor
    raise OperationalError("MySQL Connection not available.")
mysql.connector.errors.OperationalError: MySQL Connection not available.

The above exception was the direct cause of the following exception:

Traceback (most recent call last):
  File "/home/eaglcqjv/virtualenv/public_html/syscare/3.9/lib/python3.9/site-packages/flask/app.py", line 1511, in wsgi_app
    response = self.full_dispatch_request()
  File "/home/eaglcqjv/virtualenv/public_html/syscare/3.9/lib/python3.9/site-packages/flask/app.py", line 919, in full_dispatch_request
    rv = self.handle_user_exception(e)
  File "/home/eaglcqjv/virtualenv/public_html/syscare/3.9/lib/python3.9/site-packages/flask/app.py", line 915, in full_dispatch_request
    rv = self.preprocess_request()
  File "/home/eaglcqjv/virtualenv/public_html/syscare/3.9/lib/python3.9/site-packages/flask/app.py", line 1291, in preprocess_request
    rv = self.ensure_sync(before_func)()
  File "/home/eaglcqjv/public_html/syscare/onsite_calls_blueprint.py", line 2138, in onsite_call_media_cleanup
    service.purge_expired_attachments()
  File "/home/eaglcqjv/public_html/syscare/onsite_calls_blueprint.py", line 1354, in purge_expired_attachments
    rows = db_session.execute(
  File "/home/eaglcqjv/virtualenv/public_html/syscare/3.9/lib64/python3.9/site-packages/sqlalchemy/orm/session.py", line 2351, in execute
    return self._execute_internal(
  File "/home/eaglcqjv/virtualenv/public_html/syscare/3.9/lib64/python3.9/site-packages/sqlalchemy/orm/session.py", line 2249, in _execute_internal
    result: Result[Any] = compile_state_cls.orm_execute_statement(
  File "/home/eaglcqjv/virtualenv/public_html/syscare/3.9/lib64/python3.9/site-packages/sqlalchemy/orm/context.py", line 306, in orm_execute_statement
    result = conn.execute(
  File "/home/eaglcqjv/virtualenv/public_html/syscare/3.9/lib64/python3.9/site-packages/sqlalchemy/engine/base.py", line 1419, in execute
    return meth(
  File "/home/eaglcqjv/virtualenv/public_html/syscare/3.9/lib64/python3.9/site-packages/sqlalchemy/sql/elements.py", line 527, in _execute_on_connection
    return connection._execute_clauseelement(
  File "/home/eaglcqjv/virtualenv/public_html/syscare/3.9/lib64/python3.9/site-packages/sqlalchemy/engine/base.py", line 1641, in _execute_clauseelement
    ret = self._execute_context(
  File "/home/eaglcqjv/virtualenv/public_html/syscare/3.9/lib64/python3.9/site-packages/sqlalchemy/engine/base.py", line 1821, in _execute_context
    self._handle_dbapi_exception(
  File "/home/eaglcqjv/virtualenv/public_html/syscare/3.9/lib64/python3.9/site-packages/sqlalchemy/engine/base.py", line 2363, in _handle_dbapi_exception
    raise sqlalchemy_exception.with_traceback(exc_info[2]) from e
  File "/home/eaglcqjv/virtualenv/public_html/syscare/3.9/lib64/python3.9/site-packages/sqlalchemy/engine/base.py", line 1815, in _execute_context
    context = constructor(
  File "/home/eaglcqjv/virtualenv/public_html/syscare/3.9/lib64/python3.9/site-packages/sqlalchemy/engine/default.py", line 1438, in _init_compiled
    self.cursor = self.create_cursor()
  File "/home/eaglcqjv/virtualenv/public_html/syscare/3.9/lib64/python3.9/site-packages/sqlalchemy/engine/default.py", line 1777, in create_cursor
    return self.create_default_cursor()
  File "/home/eaglcqjv/virtualenv/public_html/syscare/3.9/lib64/python3.9/site-packages/sqlalchemy/dialects/mysql/mysqlconnector.py", line 88, in create_default_cursor
    return self._dbapi_connection.cursor(buffered=True)
  File "/home/eaglcqjv/virtualenv/public_html/syscare/3.9/lib64/python3.9/site-packages/sqlalchemy/pool/base.py", line 1494, in cursor
    return self.dbapi_connection.cursor(*args, **kwargs)
  File "/home/eaglcqjv/virtualenv/public_html/syscare/3.9/lib64/python3.9/site-packages/mysql/connector/connection_cext.py", line 841, in cursor
    raise OperationalError("MySQL Connection not available.")
sqlalchemy.exc.OperationalError: (mysql.connector.errors.OperationalError) MySQL Connection not available.
[SQL: SELECT onsite_call_attachments.id, onsite_call_attachments.filename 
FROM onsite_call_attachments INNER JOIN onsite_calls ON onsite_calls.id = onsite_call_attachments.call_id 
WHERE onsite_calls.status IN (__[POSTCOMPILE_status_1]) AND onsite_calls.updated_at <= %(updated_at_1)s]
[parameters: [{}]]
(Background on this error at: https://sqlalche.me/e/20/e3q8)
[2026-04-16 13:46:05,008] WARNING in app: Blocked request with invalid CSRF token to /login
[2026-04-17 01:38:48,182] WARNING in app: Blocked request with invalid CSRF token to /login
[2026-04-17 07:15:07,821] ERROR in app: Exception on /dashboard/onsite-alert [GET]
Traceback (most recent call last):
  File "/home/eaglcqjv/virtualenv/public_html/syscare/3.9/lib64/python3.9/site-packages/sqlalchemy/engine/base.py", line 1815, in _execute_context
    context = constructor(
  File "/home/eaglcqjv/virtualenv/public_html/syscare/3.9/lib64/python3.9/site-packages/sqlalchemy/engine/default.py", line 1438, in _init_compiled
    self.cursor = self.create_cursor()
  File "/home/eaglcqjv/virtualenv/public_html/syscare/3.9/lib64/python3.9/site-packages/sqlalchemy/engine/default.py", line 1777, in create_cursor
    return self.create_default_cursor()
  File "/home/eaglcqjv/virtualenv/public_html/syscare/3.9/lib64/python3.9/site-packages/sqlalchemy/dialects/mysql/mysqlconnector.py", line 88, in create_default_cursor
    return self._dbapi_connection.cursor(buffered=True)
  File "/home/eaglcqjv/virtualenv/public_html/syscare/3.9/lib64/python3.9/site-packages/sqlalchemy/pool/base.py", line 1494, in cursor
    return self.dbapi_connection.cursor(*args, **kwargs)
  File "/home/eaglcqjv/virtualenv/public_html/syscare/3.9/lib64/python3.9/site-packages/mysql/connector/connection_cext.py", line 841, in cursor
    raise OperationalError("MySQL Connection not available.")
mysql.connector.errors.OperationalError: MySQL Connection not available.

The above exception was the direct cause of the following exception:

Traceback (most recent call last):
  File "/home/eaglcqjv/virtualenv/public_html/syscare/3.9/lib/python3.9/site-packages/flask/app.py", line 1511, in wsgi_app
    response = self.full_dispatch_request()
  File "/home/eaglcqjv/virtualenv/public_html/syscare/3.9/lib/python3.9/site-packages/flask/app.py", line 919, in full_dispatch_request
    rv = self.handle_user_exception(e)
  File "/home/eaglcqjv/virtualenv/public_html/syscare/3.9/lib/python3.9/site-packages/flask/app.py", line 915, in full_dispatch_request
    rv = self.preprocess_request()
  File "/home/eaglcqjv/virtualenv/public_html/syscare/3.9/lib/python3.9/site-packages/flask/app.py", line 1291, in preprocess_request
    rv = self.ensure_sync(before_func)()
  File "/home/eaglcqjv/public_html/syscare/onsite_calls_blueprint.py", line 2138, in onsite_call_media_cleanup
    service.purge_expired_attachments()
  File "/home/eaglcqjv/public_html/syscare/onsite_calls_blueprint.py", line 1354, in purge_expired_attachments
    rows = db_session.execute(
  File "/home/eaglcqjv/virtualenv/public_html/syscare/3.9/lib64/python3.9/site-packages/sqlalchemy/orm/session.py", line 2351, in execute
    return self._execute_internal(
  File "/home/eaglcqjv/virtualenv/public_html/syscare/3.9/lib64/python3.9/site-packages/sqlalchemy/orm/session.py", line 2249, in _execute_internal
    result: Result[Any] = compile_state_cls.orm_execute_statement(
  File "/home/eaglcqjv/virtualenv/public_html/syscare/3.9/lib64/python3.9/site-packages/sqlalchemy/orm/context.py", line 306, in orm_execute_statement
    result = conn.execute(
  File "/home/eaglcqjv/virtualenv/public_html/syscare/3.9/lib64/python3.9/site-packages/sqlalchemy/engine/base.py", line 1419, in execute
    return meth(
  File "/home/eaglcqjv/virtualenv/public_html/syscare/3.9/lib64/python3.9/site-packages/sqlalchemy/sql/elements.py", line 527, in _execute_on_connection
    return connection._execute_clauseelement(
  File "/home/eaglcqjv/virtualenv/public_html/syscare/3.9/lib64/python3.9/site-packages/sqlalchemy/engine/base.py", line 1641, in _execute_clauseelement
    ret = self._execute_context(
  File "/home/eaglcqjv/virtualenv/public_html/syscare/3.9/lib64/python3.9/site-packages/sqlalchemy/engine/base.py", line 1821, in _execute_context
    self._handle_dbapi_exception(
  File "/home/eaglcqjv/virtualenv/public_html/syscare/3.9/lib64/python3.9/site-packages/sqlalchemy/engine/base.py", line 2363, in _handle_dbapi_exception
    raise sqlalchemy_exception.with_traceback(exc_info[2]) from e
  File "/home/eaglcqjv/virtualenv/public_html/syscare/3.9/lib64/python3.9/site-packages/sqlalchemy/engine/base.py", line 1815, in _execute_context
    context = constructor(
  File "/home/eaglcqjv/virtualenv/public_html/syscare/3.9/lib64/python3.9/site-packages/sqlalchemy/engine/default.py", line 1438, in _init_compiled
    self.cursor = self.create_cursor()
  File "/home/eaglcqjv/virtualenv/public_html/syscare/3.9/lib64/python3.9/site-packages/sqlalchemy/engine/default.py", line 1777, in create_cursor
    return self.create_default_cursor()
  File "/home/eaglcqjv/virtualenv/public_html/syscare/3.9/lib64/python3.9/site-packages/sqlalchemy/dialects/mysql/mysqlconnector.py", line 88, in create_default_cursor
    return self._dbapi_connection.cursor(buffered=True)
  File "/home/eaglcqjv/virtualenv/public_html/syscare/3.9/lib64/python3.9/site-packages/sqlalchemy/pool/base.py", line 1494, in cursor
    return self.dbapi_connection.cursor(*args, **kwargs)
  File "/home/eaglcqjv/virtualenv/public_html/syscare/3.9/lib64/python3.9/site-packages/mysql/connector/connection_cext.py", line 841, in cursor
    raise OperationalError("MySQL Connection not available.")
sqlalchemy.exc.OperationalError: (mysql.connector.errors.OperationalError) MySQL Connection not available.
[SQL: SELECT onsite_call_attachments.id, onsite_call_attachments.filename 
FROM onsite_call_attachments INNER JOIN onsite_calls ON onsite_calls.id = onsite_call_attachments.call_id 
WHERE onsite_calls.status IN (__[POSTCOMPILE_status_1]) AND onsite_calls.updated_at <= %(updated_at_1)s]
[parameters: [{}]]
(Background on this error at: https://sqlalche.me/e/20/e3q8)
[2026-04-17 09:04:27,907] WARNING in app: Blocked request with invalid CSRF token to /login
[2026-04-18 05:00:01,244] ERROR in app: Exception on /dashboard/onsite-alert [GET]
Traceback (most recent call last):
  File "/home/eaglcqjv/virtualenv/public_html/syscare/3.9/lib64/python3.9/site-packages/sqlalchemy/engine/base.py", line 1815, in _execute_context
    context = constructor(
  File "/home/eaglcqjv/virtualenv/public_html/syscare/3.9/lib64/python3.9/site-packages/sqlalchemy/engine/default.py", line 1438, in _init_compiled
    self.cursor = self.create_cursor()
  File "/home/eaglcqjv/virtualenv/public_html/syscare/3.9/lib64/python3.9/site-packages/sqlalchemy/engine/default.py", line 1777, in create_cursor
    return self.create_default_cursor()
  File "/home/eaglcqjv/virtualenv/public_html/syscare/3.9/lib64/python3.9/site-packages/sqlalchemy/dialects/mysql/mysqlconnector.py", line 88, in create_default_cursor
    return self._dbapi_connection.cursor(buffered=True)
  File "/home/eaglcqjv/virtualenv/public_html/syscare/3.9/lib64/python3.9/site-packages/sqlalchemy/pool/base.py", line 1494, in cursor
    return self.dbapi_connection.cursor(*args, **kwargs)
  File "/home/eaglcqjv/virtualenv/public_html/syscare/3.9/lib64/python3.9/site-packages/mysql/connector/connection_cext.py", line 841, in cursor
    raise OperationalError("MySQL Connection not available.")
mysql.connector.errors.OperationalError: MySQL Connection not available.

The above exception was the direct cause of the following exception:

Traceback (most recent call last):
  File "/home/eaglcqjv/virtualenv/public_html/syscare/3.9/lib/python3.9/site-packages/flask/app.py", line 1511, in wsgi_app
    response = self.full_dispatch_request()
  File "/home/eaglcqjv/virtualenv/public_html/syscare/3.9/lib/python3.9/site-packages/flask/app.py", line 919, in full_dispatch_request
    rv = self.handle_user_exception(e)
  File "/home/eaglcqjv/virtualenv/public_html/syscare/3.9/lib/python3.9/site-packages/flask/app.py", line 915, in full_dispatch_request
    rv = self.preprocess_request()
  File "/home/eaglcqjv/virtualenv/public_html/syscare/3.9/lib/python3.9/site-packages/flask/app.py", line 1291, in preprocess_request
    rv = self.ensure_sync(before_func)()
  File "/home/eaglcqjv/public_html/syscare/onsite_calls_blueprint.py", line 2138, in onsite_call_media_cleanup
    service.purge_expired_attachments()
  File "/home/eaglcqjv/public_html/syscare/onsite_calls_blueprint.py", line 1354, in purge_expired_attachments
    rows = db_session.execute(
  File "/home/eaglcqjv/virtualenv/public_html/syscare/3.9/lib64/python3.9/site-packages/sqlalchemy/orm/session.py", line 2351, in execute
    return self._execute_internal(
  File "/home/eaglcqjv/virtualenv/public_html/syscare/3.9/lib64/python3.9/site-packages/sqlalchemy/orm/session.py", line 2249, in _execute_internal
    result: Result[Any] = compile_state_cls.orm_execute_statement(
  File "/home/eaglcqjv/virtualenv/public_html/syscare/3.9/lib64/python3.9/site-packages/sqlalchemy/orm/context.py", line 306, in orm_execute_statement
    result = conn.execute(
  File "/home/eaglcqjv/virtualenv/public_html/syscare/3.9/lib64/python3.9/site-packages/sqlalchemy/engine/base.py", line 1419, in execute
    return meth(
  File "/home/eaglcqjv/virtualenv/public_html/syscare/3.9/lib64/python3.9/site-packages/sqlalchemy/sql/elements.py", line 527, in _execute_on_connection
    return connection._execute_clauseelement(
  File "/home/eaglcqjv/virtualenv/public_html/syscare/3.9/lib64/python3.9/site-packages/sqlalchemy/engine/base.py", line 1641, in _execute_clauseelement
    ret = self._execute_context(
  File "/home/eaglcqjv/virtualenv/public_html/syscare/3.9/lib64/python3.9/site-packages/sqlalchemy/engine/base.py", line 1821, in _execute_context
    self._handle_dbapi_exception(
  File "/home/eaglcqjv/virtualenv/public_html/syscare/3.9/lib64/python3.9/site-packages/sqlalchemy/engine/base.py", line 2363, in _handle_dbapi_exception
    raise sqlalchemy_exception.with_traceback(exc_info[2]) from e
  File "/home/eaglcqjv/virtualenv/public_html/syscare/3.9/lib64/python3.9/site-packages/sqlalchemy/engine/base.py", line 1815, in _execute_context
    context = constructor(
  File "/home/eaglcqjv/virtualenv/public_html/syscare/3.9/lib64/python3.9/site-packages/sqlalchemy/engine/default.py", line 1438, in _init_compiled
    self.cursor = self.create_cursor()
  File "/home/eaglcqjv/virtualenv/public_html/syscare/3.9/lib64/python3.9/site-packages/sqlalchemy/engine/default.py", line 1777, in create_cursor
    return self.create_default_cursor()
  File "/home/eaglcqjv/virtualenv/public_html/syscare/3.9/lib64/python3.9/site-packages/sqlalchemy/dialects/mysql/mysqlconnector.py", line 88, in create_default_cursor
    return self._dbapi_connection.cursor(buffered=True)
  File "/home/eaglcqjv/virtualenv/public_html/syscare/3.9/lib64/python3.9/site-packages/sqlalchemy/pool/base.py", line 1494, in cursor
    return self.dbapi_connection.cursor(*args, **kwargs)
  File "/home/eaglcqjv/virtualenv/public_html/syscare/3.9/lib64/python3.9/site-packages/mysql/connector/connection_cext.py", line 841, in cursor
    raise OperationalError("MySQL Connection not available.")
sqlalchemy.exc.OperationalError: (mysql.connector.errors.OperationalError) MySQL Connection not available.
[SQL: SELECT onsite_call_attachments.id, onsite_call_attachments.filename 
FROM onsite_call_attachments INNER JOIN onsite_calls ON onsite_calls.id = onsite_call_attachments.call_id 
WHERE onsite_calls.status IN (__[POSTCOMPILE_status_1]) AND onsite_calls.updated_at <= %(updated_at_1)s]
[parameters: [{}]]
(Background on this error at: https://sqlalche.me/e/20/e3q8)
[2026-04-18 06:00:36,565] WARNING in app: Blocked request with invalid CSRF token to /login
[2026-04-18 08:43:35,214] WARNING in app: Blocked request with invalid CSRF token to /login
[2026-04-18 08:44:06,932] WARNING in app: Blocked request with invalid CSRF token to /login
[2026-04-18 09:07:08,100] WARNING in app: Blocked request with invalid CSRF token to /login
[2026-04-18 09:20:29,974] WARNING in app: Blocked request with invalid CSRF token to /login
[2026-04-18 09:35:35,243] WARNING in app: Blocked request with invalid CSRF token to /login
[2026-04-18 09:35:45,961] WARNING in app: Blocked request with invalid CSRF token to /login
[2026-04-18 09:35:46,165] WARNING in app: Blocked request with invalid CSRF token to /login
[2026-04-18 09:35:47,188] WARNING in app: Blocked request with invalid CSRF token to /login
[2026-04-19 00:21:06,282] ERROR in app: Exception on /login [GET]
Traceback (most recent call last):
  File "/home/eaglcqjv/virtualenv/public_html/syscare/3.9/lib64/python3.9/site-packages/sqlalchemy/engine/base.py", line 1815, in _execute_context
    context = constructor(
  File "/home/eaglcqjv/virtualenv/public_html/syscare/3.9/lib64/python3.9/site-packages/sqlalchemy/engine/default.py", line 1438, in _init_compiled
    self.cursor = self.create_cursor()
  File "/home/eaglcqjv/virtualenv/public_html/syscare/3.9/lib64/python3.9/site-packages/sqlalchemy/engine/default.py", line 1777, in create_cursor
    return self.create_default_cursor()
  File "/home/eaglcqjv/virtualenv/public_html/syscare/3.9/lib64/python3.9/site-packages/sqlalchemy/dialects/mysql/mysqlconnector.py", line 88, in create_default_cursor
    return self._dbapi_connection.cursor(buffered=True)
  File "/home/eaglcqjv/virtualenv/public_html/syscare/3.9/lib64/python3.9/site-packages/sqlalchemy/pool/base.py", line 1494, in cursor
    return self.dbapi_connection.cursor(*args, **kwargs)
  File "/home/eaglcqjv/virtualenv/public_html/syscare/3.9/lib64/python3.9/site-packages/mysql/connector/connection_cext.py", line 841, in cursor
    raise OperationalError("MySQL Connection not available.")
mysql.connector.errors.OperationalError: MySQL Connection not available.

The above exception was the direct cause of the following exception:

Traceback (most recent call last):
  File "/home/eaglcqjv/virtualenv/public_html/syscare/3.9/lib/python3.9/site-packages/flask/app.py", line 1511, in wsgi_app
    response = self.full_dispatch_request()
  File "/home/eaglcqjv/virtualenv/public_html/syscare/3.9/lib/python3.9/site-packages/flask/app.py", line 919, in full_dispatch_request
    rv = self.handle_user_exception(e)
  File "/home/eaglcqjv/virtualenv/public_html/syscare/3.9/lib/python3.9/site-packages/flask/app.py", line 915, in full_dispatch_request
    rv = self.preprocess_request()
  File "/home/eaglcqjv/virtualenv/public_html/syscare/3.9/lib/python3.9/site-packages/flask/app.py", line 1291, in preprocess_request
    rv = self.ensure_sync(before_func)()
  File "/home/eaglcqjv/public_html/syscare/onsite_calls_blueprint.py", line 2138, in onsite_call_media_cleanup
    service.purge_expired_attachments()
  File "/home/eaglcqjv/public_html/syscare/onsite_calls_blueprint.py", line 1354, in purge_expired_attachments
    rows = db_session.execute(
  File "/home/eaglcqjv/virtualenv/public_html/syscare/3.9/lib64/python3.9/site-packages/sqlalchemy/orm/session.py", line 2351, in execute
    return self._execute_internal(
  File "/home/eaglcqjv/virtualenv/public_html/syscare/3.9/lib64/python3.9/site-packages/sqlalchemy/orm/session.py", line 2249, in _execute_internal
    result: Result[Any] = compile_state_cls.orm_execute_statement(
  File "/home/eaglcqjv/virtualenv/public_html/syscare/3.9/lib64/python3.9/site-packages/sqlalchemy/orm/context.py", line 306, in orm_execute_statement
    result = conn.execute(
  File "/home/eaglcqjv/virtualenv/public_html/syscare/3.9/lib64/python3.9/site-packages/sqlalchemy/engine/base.py", line 1419, in execute
    return meth(
  File "/home/eaglcqjv/virtualenv/public_html/syscare/3.9/lib64/python3.9/site-packages/sqlalchemy/sql/elements.py", line 527, in _execute_on_connection
    return connection._execute_clauseelement(
  File "/home/eaglcqjv/virtualenv/public_html/syscare/3.9/lib64/python3.9/site-packages/sqlalchemy/engine/base.py", line 1641, in _execute_clauseelement
    ret = self._execute_context(
  File "/home/eaglcqjv/virtualenv/public_html/syscare/3.9/lib64/python3.9/site-packages/sqlalchemy/engine/base.py", line 1821, in _execute_context
    self._handle_dbapi_exception(
  File "/home/eaglcqjv/virtualenv/public_html/syscare/3.9/lib64/python3.9/site-packages/sqlalchemy/engine/base.py", line 2363, in _handle_dbapi_exception
    raise sqlalchemy_exception.with_traceback(exc_info[2]) from e
  File "/home/eaglcqjv/virtualenv/public_html/syscare/3.9/lib64/python3.9/site-packages/sqlalchemy/engine/base.py", line 1815, in _execute_context
    context = constructor(
  File "/home/eaglcqjv/virtualenv/public_html/syscare/3.9/lib64/python3.9/site-packages/sqlalchemy/engine/default.py", line 1438, in _init_compiled
    self.cursor = self.create_cursor()
  File "/home/eaglcqjv/virtualenv/public_html/syscare/3.9/lib64/python3.9/site-packages/sqlalchemy/engine/default.py", line 1777, in create_cursor
    return self.create_default_cursor()
  File "/home/eaglcqjv/virtualenv/public_html/syscare/3.9/lib64/python3.9/site-packages/sqlalchemy/dialects/mysql/mysqlconnector.py", line 88, in create_default_cursor
    return self._dbapi_connection.cursor(buffered=True)
  File "/home/eaglcqjv/virtualenv/public_html/syscare/3.9/lib64/python3.9/site-packages/sqlalchemy/pool/base.py", line 1494, in cursor
    return self.dbapi_connection.cursor(*args, **kwargs)
  File "/home/eaglcqjv/virtualenv/public_html/syscare/3.9/lib64/python3.9/site-packages/mysql/connector/connection_cext.py", line 841, in cursor
    raise OperationalError("MySQL Connection not available.")
sqlalchemy.exc.OperationalError: (mysql.connector.errors.OperationalError) MySQL Connection not available.
[SQL: SELECT onsite_call_attachments.id, onsite_call_attachments.filename 
FROM onsite_call_attachments INNER JOIN onsite_calls ON onsite_calls.id = onsite_call_attachments.call_id 
WHERE onsite_calls.status IN (__[POSTCOMPILE_status_1]) AND onsite_calls.updated_at <= %(updated_at_1)s]
[parameters: [{}]]
(Background on this error at: https://sqlalche.me/e/20/e3q8)
[2026-04-19 01:52:21,664] WARNING in app: Blocked request with invalid CSRF token to /login
[2026-04-19 01:58:09,637] WARNING in app: Blocked request with invalid CSRF token to /login
[2026-04-19 02:06:45,495] WARNING in app: Blocked request with invalid CSRF token to /login
[2026-04-19 04:00:37,666] ERROR in dashboard_settings_routes: Error loading dashboard
Traceback (most recent call last):
  File "/home/eaglcqjv/virtualenv/public_html/syscare/3.9/lib64/python3.9/site-packages/mysql/connector/connection_cext.py", line 772, in cmd_query
    self._cmysql.query(
_mysql_connector.MySQLInterfaceError: Lost connection to MySQL server during query

The above exception was the direct cause of the following exception:

Traceback (most recent call last):
  File "/home/eaglcqjv/public_html/syscare/app.py", line 1446, in get_db
    _configure_db_connection_session(connection)
  File "/home/eaglcqjv/public_html/syscare/app.py", line 1421, in _configure_db_connection_session
    cursor.execute("SET time_zone = %s", (mysql_session_timezone_value(),))
  File "/home/eaglcqjv/virtualenv/public_html/syscare/3.9/lib64/python3.9/site-packages/mysql/connector/cursor_cext.py", line 353, in execute
    self._connection.cmd_query(
  File "/home/eaglcqjv/virtualenv/public_html/syscare/3.9/lib64/python3.9/site-packages/mysql/connector/opentelemetry/context_propagation.py", line 97, in wrapper
    return method(cnx, *args, **kwargs)
  File "/home/eaglcqjv/virtualenv/public_html/syscare/3.9/lib64/python3.9/site-packages/mysql/connector/connection_cext.py", line 781, in cmd_query
    raise get_mysql_exception(
mysql.connector.errors.OperationalError: 2013 (HY000): Lost connection to MySQL server during query

During handling of the above exception, another exception occurred:

Traceback (most recent call last):
  File "/home/eaglcqjv/public_html/syscare/dashboard_settings_routes.py", line 556, in dashboard
    db = get_db()
  File "/home/eaglcqjv/public_html/syscare/app.py", line 1449, in get_db
    connection.close()
  File "/home/eaglcqjv/virtualenv/public_html/syscare/3.9/lib64/python3.9/site-packages/mysql/connector/pooling.py", line 410, in close
    cnx.reset_session()
  File "/home/eaglcqjv/virtualenv/public_html/syscare/3.9/lib64/python3.9/site-packages/mysql/connector/connection_cext.py", line 1144, in reset_session
    raise OperationalError("MySQL Connection not available.")
mysql.connector.errors.OperationalError: MySQL Connection not available.
[2026-04-19 20:02:30,817] ERROR in app: Exception on / [GET]
Traceback (most recent call last):
  File "/home/eaglcqjv/virtualenv/public_html/syscare/3.9/lib64/python3.9/site-packages/sqlalchemy/engine/base.py", line 1815, in _execute_context
    context = constructor(
  File "/home/eaglcqjv/virtualenv/public_html/syscare/3.9/lib64/python3.9/site-packages/sqlalchemy/engine/default.py", line 1438, in _init_compiled
    self.cursor = self.create_cursor()
  File "/home/eaglcqjv/virtualenv/public_html/syscare/3.9/lib64/python3.9/site-packages/sqlalchemy/engine/default.py", line 1777, in create_cursor
    return self.create_default_cursor()
  File "/home/eaglcqjv/virtualenv/public_html/syscare/3.9/lib64/python3.9/site-packages/sqlalchemy/dialects/mysql/mysqlconnector.py", line 88, in create_default_cursor
    return self._dbapi_connection.cursor(buffered=True)
  File "/home/eaglcqjv/virtualenv/public_html/syscare/3.9/lib64/python3.9/site-packages/sqlalchemy/pool/base.py", line 1494, in cursor
    return self.dbapi_connection.cursor(*args, **kwargs)
  File "/home/eaglcqjv/virtualenv/public_html/syscare/3.9/lib64/python3.9/site-packages/mysql/connector/connection_cext.py", line 841, in cursor
    raise OperationalError("MySQL Connection not available.")
mysql.connector.errors.OperationalError: MySQL Connection not available.

The above exception was the direct cause of the following exception:

Traceback (most recent call last):
  File "/home/eaglcqjv/virtualenv/public_html/syscare/3.9/lib/python3.9/site-packages/flask/app.py", line 1511, in wsgi_app
    response = self.full_dispatch_request()
  File "/home/eaglcqjv/virtualenv/public_html/syscare/3.9/lib/python3.9/site-packages/flask/app.py", line 919, in full_dispatch_request
    rv = self.handle_user_exception(e)
  File "/home/eaglcqjv/virtualenv/public_html/syscare/3.9/lib/python3.9/site-packages/flask/app.py", line 915, in full_dispatch_request
    rv = self.preprocess_request()
  File "/home/eaglcqjv/virtualenv/public_html/syscare/3.9/lib/python3.9/site-packages/flask/app.py", line 1291, in preprocess_request
    rv = self.ensure_sync(before_func)()
  File "/home/eaglcqjv/public_html/syscare/onsite_calls_blueprint.py", line 2138, in onsite_call_media_cleanup
    service.purge_expired_attachments()
  File "/home/eaglcqjv/public_html/syscare/onsite_calls_blueprint.py", line 1354, in purge_expired_attachments
    rows = db_session.execute(
  File "/home/eaglcqjv/virtualenv/public_html/syscare/3.9/lib64/python3.9/site-packages/sqlalchemy/orm/session.py", line 2351, in execute
    return self._execute_internal(
  File "/home/eaglcqjv/virtualenv/public_html/syscare/3.9/lib64/python3.9/site-packages/sqlalchemy/orm/session.py", line 2249, in _execute_internal
    result: Result[Any] = compile_state_cls.orm_execute_statement(
  File "/home/eaglcqjv/virtualenv/public_html/syscare/3.9/lib64/python3.9/site-packages/sqlalchemy/orm/context.py", line 306, in orm_execute_statement
    result = conn.execute(
  File "/home/eaglcqjv/virtualenv/public_html/syscare/3.9/lib64/python3.9/site-packages/sqlalchemy/engine/base.py", line 1419, in execute
    return meth(
  File "/home/eaglcqjv/virtualenv/public_html/syscare/3.9/lib64/python3.9/site-packages/sqlalchemy/sql/elements.py", line 527, in _execute_on_connection
    return connection._execute_clauseelement(
  File "/home/eaglcqjv/virtualenv/public_html/syscare/3.9/lib64/python3.9/site-packages/sqlalchemy/engine/base.py", line 1641, in _execute_clauseelement
    ret = self._execute_context(
  File "/home/eaglcqjv/virtualenv/public_html/syscare/3.9/lib64/python3.9/site-packages/sqlalchemy/engine/base.py", line 1821, in _execute_context
    self._handle_dbapi_exception(
  File "/home/eaglcqjv/virtualenv/public_html/syscare/3.9/lib64/python3.9/site-packages/sqlalchemy/engine/base.py", line 2363, in _handle_dbapi_exception
    raise sqlalchemy_exception.with_traceback(exc_info[2]) from e
  File "/home/eaglcqjv/virtualenv/public_html/syscare/3.9/lib64/python3.9/site-packages/sqlalchemy/engine/base.py", line 1815, in _execute_context
    context = constructor(
  File "/home/eaglcqjv/virtualenv/public_html/syscare/3.9/lib64/python3.9/site-packages/sqlalchemy/engine/default.py", line 1438, in _init_compiled
    self.cursor = self.create_cursor()
  File "/home/eaglcqjv/virtualenv/public_html/syscare/3.9/lib64/python3.9/site-packages/sqlalchemy/engine/default.py", line 1777, in create_cursor
    return self.create_default_cursor()
  File "/home/eaglcqjv/virtualenv/public_html/syscare/3.9/lib64/python3.9/site-packages/sqlalchemy/dialects/mysql/mysqlconnector.py", line 88, in create_default_cursor
    return self._dbapi_connection.cursor(buffered=True)
  File "/home/eaglcqjv/virtualenv/public_html/syscare/3.9/lib64/python3.9/site-packages/sqlalchemy/pool/base.py", line 1494, in cursor
    return self.dbapi_connection.cursor(*args, **kwargs)
  File "/home/eaglcqjv/virtualenv/public_html/syscare/3.9/lib64/python3.9/site-packages/mysql/connector/connection_cext.py", line 841, in cursor
    raise OperationalError("MySQL Connection not available.")
sqlalchemy.exc.OperationalError: (mysql.connector.errors.OperationalError) MySQL Connection not available.
[SQL: SELECT onsite_call_attachments.id, onsite_call_attachments.filename 
FROM onsite_call_attachments INNER JOIN onsite_calls ON onsite_calls.id = onsite_call_attachments.call_id 
WHERE onsite_calls.status IN (__[POSTCOMPILE_status_1]) AND onsite_calls.updated_at <= %(updated_at_1)s]
[parameters: [{}]]
(Background on this error at: https://sqlalche.me/e/20/e3q8)
[2026-04-20 01:08:48,250] WARNING in app: Blocked request with invalid CSRF token to /login
[2026-04-20 02:15:10,990] ERROR in app: Exception on /dashboard/onsite-alert [GET]
Traceback (most recent call last):
  File "/home/eaglcqjv/virtualenv/public_html/syscare/3.9/lib64/python3.9/site-packages/sqlalchemy/engine/base.py", line 1815, in _execute_context
    context = constructor(
  File "/home/eaglcqjv/virtualenv/public_html/syscare/3.9/lib64/python3.9/site-packages/sqlalchemy/engine/default.py", line 1438, in _init_compiled
    self.cursor = self.create_cursor()
  File "/home/eaglcqjv/virtualenv/public_html/syscare/3.9/lib64/python3.9/site-packages/sqlalchemy/engine/default.py", line 1777, in create_cursor
    return self.create_default_cursor()
  File "/home/eaglcqjv/virtualenv/public_html/syscare/3.9/lib64/python3.9/site-packages/sqlalchemy/dialects/mysql/mysqlconnector.py", line 88, in create_default_cursor
    return self._dbapi_connection.cursor(buffered=True)
  File "/home/eaglcqjv/virtualenv/public_html/syscare/3.9/lib64/python3.9/site-packages/sqlalchemy/pool/base.py", line 1494, in cursor
    return self.dbapi_connection.cursor(*args, **kwargs)
  File "/home/eaglcqjv/virtualenv/public_html/syscare/3.9/lib64/python3.9/site-packages/mysql/connector/connection_cext.py", line 841, in cursor
    raise OperationalError("MySQL Connection not available.")
mysql.connector.errors.OperationalError: MySQL Connection not available.

The above exception was the direct cause of the following exception:

Traceback (most recent call last):
  File "/home/eaglcqjv/virtualenv/public_html/syscare/3.9/lib/python3.9/site-packages/flask/app.py", line 1511, in wsgi_app
    response = self.full_dispatch_request()
  File "/home/eaglcqjv/virtualenv/public_html/syscare/3.9/lib/python3.9/site-packages/flask/app.py", line 919, in full_dispatch_request
    rv = self.handle_user_exception(e)
  File "/home/eaglcqjv/virtualenv/public_html/syscare/3.9/lib/python3.9/site-packages/flask/app.py", line 915, in full_dispatch_request
    rv = self.preprocess_request()
  File "/home/eaglcqjv/virtualenv/public_html/syscare/3.9/lib/python3.9/site-packages/flask/app.py", line 1291, in preprocess_request
    rv = self.ensure_sync(before_func)()
  File "/home/eaglcqjv/public_html/syscare/onsite_calls_blueprint.py", line 2138, in onsite_call_media_cleanup
    service.purge_expired_attachments()
  File "/home/eaglcqjv/public_html/syscare/onsite_calls_blueprint.py", line 1354, in purge_expired_attachments
    rows = db_session.execute(
  File "/home/eaglcqjv/virtualenv/public_html/syscare/3.9/lib64/python3.9/site-packages/sqlalchemy/orm/session.py", line 2351, in execute
    return self._execute_internal(
  File "/home/eaglcqjv/virtualenv/public_html/syscare/3.9/lib64/python3.9/site-packages/sqlalchemy/orm/session.py", line 2249, in _execute_internal
    result: Result[Any] = compile_state_cls.orm_execute_statement(
  File "/home/eaglcqjv/virtualenv/public_html/syscare/3.9/lib64/python3.9/site-packages/sqlalchemy/orm/context.py", line 306, in orm_execute_statement
    result = conn.execute(
  File "/home/eaglcqjv/virtualenv/public_html/syscare/3.9/lib64/python3.9/site-packages/sqlalchemy/engine/base.py", line 1419, in execute
    return meth(
  File "/home/eaglcqjv/virtualenv/public_html/syscare/3.9/lib64/python3.9/site-packages/sqlalchemy/sql/elements.py", line 527, in _execute_on_connection
    return connection._execute_clauseelement(
  File "/home/eaglcqjv/virtualenv/public_html/syscare/3.9/lib64/python3.9/site-packages/sqlalchemy/engine/base.py", line 1641, in _execute_clauseelement
    ret = self._execute_context(
  File "/home/eaglcqjv/virtualenv/public_html/syscare/3.9/lib64/python3.9/site-packages/sqlalchemy/engine/base.py", line 1821, in _execute_context
    self._handle_dbapi_exception(
  File "/home/eaglcqjv/virtualenv/public_html/syscare/3.9/lib64/python3.9/site-packages/sqlalchemy/engine/base.py", line 2363, in _handle_dbapi_exception
    raise sqlalchemy_exception.with_traceback(exc_info[2]) from e
  File "/home/eaglcqjv/virtualenv/public_html/syscare/3.9/lib64/python3.9/site-packages/sqlalchemy/engine/base.py", line 1815, in _execute_context
    context = constructor(
  File "/home/eaglcqjv/virtualenv/public_html/syscare/3.9/lib64/python3.9/site-packages/sqlalchemy/engine/default.py", line 1438, in _init_compiled
    self.cursor = self.create_cursor()
  File "/home/eaglcqjv/virtualenv/public_html/syscare/3.9/lib64/python3.9/site-packages/sqlalchemy/engine/default.py", line 1777, in create_cursor
    return self.create_default_cursor()
  File "/home/eaglcqjv/virtualenv/public_html/syscare/3.9/lib64/python3.9/site-packages/sqlalchemy/dialects/mysql/mysqlconnector.py", line 88, in create_default_cursor
    return self._dbapi_connection.cursor(buffered=True)
  File "/home/eaglcqjv/virtualenv/public_html/syscare/3.9/lib64/python3.9/site-packages/sqlalchemy/pool/base.py", line 1494, in cursor
    return self.dbapi_connection.cursor(*args, **kwargs)
  File "/home/eaglcqjv/virtualenv/public_html/syscare/3.9/lib64/python3.9/site-packages/mysql/connector/connection_cext.py", line 841, in cursor
    raise OperationalError("MySQL Connection not available.")
sqlalchemy.exc.OperationalError: (mysql.connector.errors.OperationalError) MySQL Connection not available.
[SQL: SELECT onsite_call_attachments.id, onsite_call_attachments.filename 
FROM onsite_call_attachments INNER JOIN onsite_calls ON onsite_calls.id = onsite_call_attachments.call_id 
WHERE onsite_calls.status IN (__[POSTCOMPILE_status_1]) AND onsite_calls.updated_at <= %(updated_at_1)s]
[parameters: [{}]]
(Background on this error at: https://sqlalche.me/e/20/e3q8)
[2026-04-20 02:21:11,300] WARNING in app: Blocked request with invalid CSRF token to /login
[2026-04-20 04:00:22,362] ERROR in app: Exception on /dashboard/onsite-alert [GET]
Traceback (most recent call last):
  File "/home/eaglcqjv/virtualenv/public_html/syscare/3.9/lib64/python3.9/site-packages/sqlalchemy/engine/base.py", line 1815, in _execute_context
    context = constructor(
  File "/home/eaglcqjv/virtualenv/public_html/syscare/3.9/lib64/python3.9/site-packages/sqlalchemy/engine/default.py", line 1438, in _init_compiled
    self.cursor = self.create_cursor()
  File "/home/eaglcqjv/virtualenv/public_html/syscare/3.9/lib64/python3.9/site-packages/sqlalchemy/engine/default.py", line 1777, in create_cursor
    return self.create_default_cursor()
  File "/home/eaglcqjv/virtualenv/public_html/syscare/3.9/lib64/python3.9/site-packages/sqlalchemy/dialects/mysql/mysqlconnector.py", line 88, in create_default_cursor
    return self._dbapi_connection.cursor(buffered=True)
  File "/home/eaglcqjv/virtualenv/public_html/syscare/3.9/lib64/python3.9/site-packages/sqlalchemy/pool/base.py", line 1494, in cursor
    return self.dbapi_connection.cursor(*args, **kwargs)
  File "/home/eaglcqjv/virtualenv/public_html/syscare/3.9/lib64/python3.9/site-packages/mysql/connector/connection_cext.py", line 841, in cursor
    raise OperationalError("MySQL Connection not available.")
mysql.connector.errors.OperationalError: MySQL Connection not available.

The above exception was the direct cause of the following exception:

Traceback (most recent call last):
  File "/home/eaglcqjv/virtualenv/public_html/syscare/3.9/lib/python3.9/site-packages/flask/app.py", line 1511, in wsgi_app
    response = self.full_dispatch_request()
  File "/home/eaglcqjv/virtualenv/public_html/syscare/3.9/lib/python3.9/site-packages/flask/app.py", line 919, in full_dispatch_request
    rv = self.handle_user_exception(e)
  File "/home/eaglcqjv/virtualenv/public_html/syscare/3.9/lib/python3.9/site-packages/flask/app.py", line 915, in full_dispatch_request
    rv = self.preprocess_request()
  File "/home/eaglcqjv/virtualenv/public_html/syscare/3.9/lib/python3.9/site-packages/flask/app.py", line 1291, in preprocess_request
    rv = self.ensure_sync(before_func)()
  File "/home/eaglcqjv/public_html/syscare/onsite_calls_blueprint.py", line 2138, in onsite_call_media_cleanup
    service.purge_expired_attachments()
  File "/home/eaglcqjv/public_html/syscare/onsite_calls_blueprint.py", line 1354, in purge_expired_attachments
    rows = db_session.execute(
  File "/home/eaglcqjv/virtualenv/public_html/syscare/3.9/lib64/python3.9/site-packages/sqlalchemy/orm/session.py", line 2351, in execute
    return self._execute_internal(
  File "/home/eaglcqjv/virtualenv/public_html/syscare/3.9/lib64/python3.9/site-packages/sqlalchemy/orm/session.py", line 2249, in _execute_internal
    result: Result[Any] = compile_state_cls.orm_execute_statement(
  File "/home/eaglcqjv/virtualenv/public_html/syscare/3.9/lib64/python3.9/site-packages/sqlalchemy/orm/context.py", line 306, in orm_execute_statement
    result = conn.execute(
  File "/home/eaglcqjv/virtualenv/public_html/syscare/3.9/lib64/python3.9/site-packages/sqlalchemy/engine/base.py", line 1419, in execute
    return meth(
  File "/home/eaglcqjv/virtualenv/public_html/syscare/3.9/lib64/python3.9/site-packages/sqlalchemy/sql/elements.py", line 527, in _execute_on_connection
    return connection._execute_clauseelement(
  File "/home/eaglcqjv/virtualenv/public_html/syscare/3.9/lib64/python3.9/site-packages/sqlalchemy/engine/base.py", line 1641, in _execute_clauseelement
    ret = self._execute_context(
  File "/home/eaglcqjv/virtualenv/public_html/syscare/3.9/lib64/python3.9/site-packages/sqlalchemy/engine/base.py", line 1821, in _execute_context
    self._handle_dbapi_exception(
  File "/home/eaglcqjv/virtualenv/public_html/syscare/3.9/lib64/python3.9/site-packages/sqlalchemy/engine/base.py", line 2363, in _handle_dbapi_exception
    raise sqlalchemy_exception.with_traceback(exc_info[2]) from e
  File "/home/eaglcqjv/virtualenv/public_html/syscare/3.9/lib64/python3.9/site-packages/sqlalchemy/engine/base.py", line 1815, in _execute_context
    context = constructor(
  File "/home/eaglcqjv/virtualenv/public_html/syscare/3.9/lib64/python3.9/site-packages/sqlalchemy/engine/default.py", line 1438, in _init_compiled
    self.cursor = self.create_cursor()
  File "/home/eaglcqjv/virtualenv/public_html/syscare/3.9/lib64/python3.9/site-packages/sqlalchemy/engine/default.py", line 1777, in create_cursor
    return self.create_default_cursor()
  File "/home/eaglcqjv/virtualenv/public_html/syscare/3.9/lib64/python3.9/site-packages/sqlalchemy/dialects/mysql/mysqlconnector.py", line 88, in create_default_cursor
    return self._dbapi_connection.cursor(buffered=True)
  File "/home/eaglcqjv/virtualenv/public_html/syscare/3.9/lib64/python3.9/site-packages/sqlalchemy/pool/base.py", line 1494, in cursor
    return self.dbapi_connection.cursor(*args, **kwargs)
  File "/home/eaglcqjv/virtualenv/public_html/syscare/3.9/lib64/python3.9/site-packages/mysql/connector/connection_cext.py", line 841, in cursor
    raise OperationalError("MySQL Connection not available.")
sqlalchemy.exc.OperationalError: (mysql.connector.errors.OperationalError) MySQL Connection not available.
[SQL: SELECT onsite_call_attachments.id, onsite_call_attachments.filename 
FROM onsite_call_attachments INNER JOIN onsite_calls ON onsite_calls.id = onsite_call_attachments.call_id 
WHERE onsite_calls.status IN (__[POSTCOMPILE_status_1]) AND onsite_calls.updated_at <= %(updated_at_1)s]
[parameters: [{}]]
(Background on this error at: https://sqlalche.me/e/20/e3q8)
Exception during reset or similar
Traceback (most recent call last):
  File "/home/eaglcqjv/public_html/syscare/onsite_calls_blueprint.py", line 579, in session_scope
    db_session.commit()
  File "/home/eaglcqjv/virtualenv/public_html/syscare/3.9/lib64/python3.9/site-packages/sqlalchemy/orm/session.py", line 2030, in commit
    trans.commit(_to_root=True)
  File "<string>", line 2, in commit
  File "/home/eaglcqjv/virtualenv/public_html/syscare/3.9/lib64/python3.9/site-packages/sqlalchemy/orm/state_changes.py", line 137, in _go
    ret_value = fn(self, *arg, **kw)
  File "/home/eaglcqjv/virtualenv/public_html/syscare/3.9/lib64/python3.9/site-packages/sqlalchemy/orm/session.py", line 1318, in commit
    trans.commit()
  File "/home/eaglcqjv/virtualenv/public_html/syscare/3.9/lib64/python3.9/site-packages/sqlalchemy/engine/base.py", line 2640, in commit
    self._do_commit()
  File "/home/eaglcqjv/virtualenv/public_html/syscare/3.9/lib64/python3.9/site-packages/sqlalchemy/engine/base.py", line 2745, in _do_commit
    self._connection_commit_impl()
  File "/home/eaglcqjv/virtualenv/public_html/syscare/3.9/lib64/python3.9/site-packages/sqlalchemy/engine/base.py", line 2716, in _connection_commit_impl
    self.connection._commit_impl()
  File "/home/eaglcqjv/virtualenv/public_html/syscare/3.9/lib64/python3.9/site-packages/sqlalchemy/engine/base.py", line 1147, in _commit_impl
    self._handle_dbapi_exception(e, None, None, None, None)
  File "/home/eaglcqjv/virtualenv/public_html/syscare/3.9/lib64/python3.9/site-packages/sqlalchemy/engine/base.py", line 2366, in _handle_dbapi_exception
    raise exc_info[1].with_traceback(exc_info[2])
  File "/home/eaglcqjv/virtualenv/public_html/syscare/3.9/lib64/python3.9/site-packages/sqlalchemy/engine/base.py", line 1145, in _commit_impl
    self.engine.dialect.do_commit(self.connection)
  File "/home/eaglcqjv/virtualenv/public_html/syscare/3.9/lib64/python3.9/site-packages/sqlalchemy/engine/default.py", line 715, in do_commit
    dbapi_connection.commit()
  File "/home/eaglcqjv/virtualenv/public_html/syscare/3.9/lib64/python3.9/site-packages/mysql/connector/connection_cext.py", line 605, in commit
    self._cmysql.commit()
_mysql_connector.MySQLInterfaceError: Lost connection to MySQL server during query

During handling of the above exception, another exception occurred:

Traceback (most recent call last):
  File "/home/eaglcqjv/virtualenv/public_html/syscare/3.9/lib64/python3.9/site-packages/sqlalchemy/pool/base.py", line 986, in _finalize_fairy
    fairy._reset(
  File "/home/eaglcqjv/virtualenv/public_html/syscare/3.9/lib64/python3.9/site-packages/sqlalchemy/pool/base.py", line 1441, in _reset
    pool._dialect.do_rollback(self)
  File "/home/eaglcqjv/virtualenv/public_html/syscare/3.9/lib64/python3.9/site-packages/sqlalchemy/engine/default.py", line 712, in do_rollback
    dbapi_connection.rollback()
  File "/home/eaglcqjv/virtualenv/public_html/syscare/3.9/lib64/python3.9/site-packages/mysql/connector/connection_cext.py", line 611, in rollback
    self._cmysql.rollback()
_mysql_connector.MySQLInterfaceError: Lost connection to MySQL server during query
[2026-04-20 04:39:43,120] ERROR in dashboard_settings_routes: Failed to load onsite dashboard alert count
Traceback (most recent call last):
  File "/home/eaglcqjv/public_html/syscare/dashboard_settings_routes.py", line 65, in _build_onsite_dashboard_alert_payload
    onsite_counts = onsite_service.dashboard_counts(onsite_actor, {}, use_cache=False)
  File "/home/eaglcqjv/public_html/syscare/onsite_calls_blueprint.py", line 1256, in dashboard_counts
    grouped_rows = db_session.execute(grouped_stmt).all()
  File "/opt/alt/python39/lib64/python3.9/contextlib.py", line 126, in __exit__
    next(self.gen)
  File "/home/eaglcqjv/public_html/syscare/onsite_calls_blueprint.py", line 579, in session_scope
    db_session.commit()
  File "/home/eaglcqjv/virtualenv/public_html/syscare/3.9/lib64/python3.9/site-packages/sqlalchemy/orm/session.py", line 2030, in commit
    trans.commit(_to_root=True)
  File "<string>", line 2, in commit
  File "/home/eaglcqjv/virtualenv/public_html/syscare/3.9/lib64/python3.9/site-packages/sqlalchemy/orm/state_changes.py", line 137, in _go
    ret_value = fn(self, *arg, **kw)
  File "/home/eaglcqjv/virtualenv/public_html/syscare/3.9/lib64/python3.9/site-packages/sqlalchemy/orm/session.py", line 1318, in commit
    trans.commit()
  File "/home/eaglcqjv/virtualenv/public_html/syscare/3.9/lib64/python3.9/site-packages/sqlalchemy/engine/base.py", line 2640, in commit
    self._do_commit()
  File "/home/eaglcqjv/virtualenv/public_html/syscare/3.9/lib64/python3.9/site-packages/sqlalchemy/engine/base.py", line 2745, in _do_commit
    self._connection_commit_impl()
  File "/home/eaglcqjv/virtualenv/public_html/syscare/3.9/lib64/python3.9/site-packages/sqlalchemy/engine/base.py", line 2716, in _connection_commit_impl
    self.connection._commit_impl()
  File "/home/eaglcqjv/virtualenv/public_html/syscare/3.9/lib64/python3.9/site-packages/sqlalchemy/engine/base.py", line 1147, in _commit_impl
    self._handle_dbapi_exception(e, None, None, None, None)
  File "/home/eaglcqjv/virtualenv/public_html/syscare/3.9/lib64/python3.9/site-packages/sqlalchemy/engine/base.py", line 2366, in _handle_dbapi_exception
    raise exc_info[1].with_traceback(exc_info[2])
  File "/home/eaglcqjv/virtualenv/public_html/syscare/3.9/lib64/python3.9/site-packages/sqlalchemy/engine/base.py", line 1145, in _commit_impl
    self.engine.dialect.do_commit(self.connection)
  File "/home/eaglcqjv/virtualenv/public_html/syscare/3.9/lib64/python3.9/site-packages/sqlalchemy/engine/default.py", line 715, in do_commit
    dbapi_connection.commit()
  File "/home/eaglcqjv/virtualenv/public_html/syscare/3.9/lib64/python3.9/site-packages/mysql/connector/connection_cext.py", line 605, in commit
    self._cmysql.commit()
_mysql_connector.MySQLInterfaceError: Lost connection to MySQL server during query
[2026-04-20 08:48:13,091] WARNING in app: Blocked request with invalid CSRF token to /login
[2026-04-20 09:15:09,990] ERROR in app: Exception on /dashboard/onsite-alert [GET]
Traceback (most recent call last):
  File "/home/eaglcqjv/virtualenv/public_html/syscare/3.9/lib64/python3.9/site-packages/sqlalchemy/engine/base.py", line 1815, in _execute_context
    context = constructor(
  File "/home/eaglcqjv/virtualenv/public_html/syscare/3.9/lib64/python3.9/site-packages/sqlalchemy/engine/default.py", line 1438, in _init_compiled
    self.cursor = self.create_cursor()
  File "/home/eaglcqjv/virtualenv/public_html/syscare/3.9/lib64/python3.9/site-packages/sqlalchemy/engine/default.py", line 1777, in create_cursor
    return self.create_default_cursor()
  File "/home/eaglcqjv/virtualenv/public_html/syscare/3.9/lib64/python3.9/site-packages/sqlalchemy/dialects/mysql/mysqlconnector.py", line 88, in create_default_cursor
    return self._dbapi_connection.cursor(buffered=True)
  File "/home/eaglcqjv/virtualenv/public_html/syscare/3.9/lib64/python3.9/site-packages/sqlalchemy/pool/base.py", line 1494, in cursor
    return self.dbapi_connection.cursor(*args, **kwargs)
  File "/home/eaglcqjv/virtualenv/public_html/syscare/3.9/lib64/python3.9/site-packages/mysql/connector/connection_cext.py", line 841, in cursor
    raise OperationalError("MySQL Connection not available.")
mysql.connector.errors.OperationalError: MySQL Connection not available.

The above exception was the direct cause of the following exception:

Traceback (most recent call last):
  File "/home/eaglcqjv/virtualenv/public_html/syscare/3.9/lib/python3.9/site-packages/flask/app.py", line 1511, in wsgi_app
    response = self.full_dispatch_request()
  File "/home/eaglcqjv/virtualenv/public_html/syscare/3.9/lib/python3.9/site-packages/flask/app.py", line 919, in full_dispatch_request
    rv = self.handle_user_exception(e)
  File "/home/eaglcqjv/virtualenv/public_html/syscare/3.9/lib/python3.9/site-packages/flask/app.py", line 915, in full_dispatch_request
    rv = self.preprocess_request()
  File "/home/eaglcqjv/virtualenv/public_html/syscare/3.9/lib/python3.9/site-packages/flask/app.py", line 1291, in preprocess_request
    rv = self.ensure_sync(before_func)()
  File "/home/eaglcqjv/public_html/syscare/onsite_calls_blueprint.py", line 2138, in onsite_call_media_cleanup
    service.purge_expired_attachments()
  File "/home/eaglcqjv/public_html/syscare/onsite_calls_blueprint.py", line 1354, in purge_expired_attachments
    rows = db_session.execute(
  File "/home/eaglcqjv/virtualenv/public_html/syscare/3.9/lib64/python3.9/site-packages/sqlalchemy/orm/session.py", line 2351, in execute
    return self._execute_internal(
  File "/home/eaglcqjv/virtualenv/public_html/syscare/3.9/lib64/python3.9/site-packages/sqlalchemy/orm/session.py", line 2249, in _execute_internal
    result: Result[Any] = compile_state_cls.orm_execute_statement(
  File "/home/eaglcqjv/virtualenv/public_html/syscare/3.9/lib64/python3.9/site-packages/sqlalchemy/orm/context.py", line 306, in orm_execute_statement
    result = conn.execute(
  File "/home/eaglcqjv/virtualenv/public_html/syscare/3.9/lib64/python3.9/site-packages/sqlalchemy/engine/base.py", line 1419, in execute
    return meth(
  File "/home/eaglcqjv/virtualenv/public_html/syscare/3.9/lib64/python3.9/site-packages/sqlalchemy/sql/elements.py", line 527, in _execute_on_connection
    return connection._execute_clauseelement(
  File "/home/eaglcqjv/virtualenv/public_html/syscare/3.9/lib64/python3.9/site-packages/sqlalchemy/engine/base.py", line 1641, in _execute_clauseelement
    ret = self._execute_context(
  File "/home/eaglcqjv/virtualenv/public_html/syscare/3.9/lib64/python3.9/site-packages/sqlalchemy/engine/base.py", line 1821, in _execute_context
    self._handle_dbapi_exception(
  File "/home/eaglcqjv/virtualenv/public_html/syscare/3.9/lib64/python3.9/site-packages/sqlalchemy/engine/base.py", line 2363, in _handle_dbapi_exception
    raise sqlalchemy_exception.with_traceback(exc_info[2]) from e
  File "/home/eaglcqjv/virtualenv/public_html/syscare/3.9/lib64/python3.9/site-packages/sqlalchemy/engine/base.py", line 1815, in _execute_context
    context = constructor(
  File "/home/eaglcqjv/virtualenv/public_html/syscare/3.9/lib64/python3.9/site-packages/sqlalchemy/engine/default.py", line 1438, in _init_compiled
    self.cursor = self.create_cursor()
  File "/home/eaglcqjv/virtualenv/public_html/syscare/3.9/lib64/python3.9/site-packages/sqlalchemy/engine/default.py", line 1777, in create_cursor
    return self.create_default_cursor()
  File "/home/eaglcqjv/virtualenv/public_html/syscare/3.9/lib64/python3.9/site-packages/sqlalchemy/dialects/mysql/mysqlconnector.py", line 88, in create_default_cursor
    return self._dbapi_connection.cursor(buffered=True)
  File "/home/eaglcqjv/virtualenv/public_html/syscare/3.9/lib64/python3.9/site-packages/sqlalchemy/pool/base.py", line 1494, in cursor
    return self.dbapi_connection.cursor(*args, **kwargs)
  File "/home/eaglcqjv/virtualenv/public_html/syscare/3.9/lib64/python3.9/site-packages/mysql/connector/connection_cext.py", line 841, in cursor
    raise OperationalError("MySQL Connection not available.")
sqlalchemy.exc.OperationalError: (mysql.connector.errors.OperationalError) MySQL Connection not available.
[SQL: SELECT onsite_call_attachments.id, onsite_call_attachments.filename 
FROM onsite_call_attachments INNER JOIN onsite_calls ON onsite_calls.id = onsite_call_attachments.call_id 
WHERE onsite_calls.status IN (__[POSTCOMPILE_status_1]) AND onsite_calls.updated_at <= %(updated_at_1)s]
[parameters: [{}]]
(Background on this error at: https://sqlalche.me/e/20/e3q8)
[2026-04-20 10:27:32,580] WARNING in app: Blocked request with invalid CSRF token to /login
[2026-04-20 11:10:00,442] WARNING in app: Blocked request with invalid CSRF token to /login
[2026-04-20 11:10:07,063] WARNING in app: Blocked request with invalid CSRF token to /login
[2026-04-21 00:26:55,679] WARNING in app: Blocked request with invalid CSRF token to /login
[2026-04-21 01:35:04,621] WARNING in app: Blocked request with invalid CSRF token to /login
[2026-04-21 02:15:07,818] ERROR in app: Exception on /dashboard/onsite-alert [GET]
Traceback (most recent call last):
  File "/home/eaglcqjv/virtualenv/public_html/syscare/3.9/lib64/python3.9/site-packages/sqlalchemy/engine/base.py", line 1815, in _execute_context
    context = constructor(
  File "/home/eaglcqjv/virtualenv/public_html/syscare/3.9/lib64/python3.9/site-packages/sqlalchemy/engine/default.py", line 1438, in _init_compiled
    self.cursor = self.create_cursor()
  File "/home/eaglcqjv/virtualenv/public_html/syscare/3.9/lib64/python3.9/site-packages/sqlalchemy/engine/default.py", line 1777, in create_cursor
    return self.create_default_cursor()
  File "/home/eaglcqjv/virtualenv/public_html/syscare/3.9/lib64/python3.9/site-packages/sqlalchemy/dialects/mysql/mysqlconnector.py", line 88, in create_default_cursor
    return self._dbapi_connection.cursor(buffered=True)
  File "/home/eaglcqjv/virtualenv/public_html/syscare/3.9/lib64/python3.9/site-packages/sqlalchemy/pool/base.py", line 1494, in cursor
    return self.dbapi_connection.cursor(*args, **kwargs)
  File "/home/eaglcqjv/virtualenv/public_html/syscare/3.9/lib64/python3.9/site-packages/mysql/connector/connection_cext.py", line 841, in cursor
    raise OperationalError("MySQL Connection not available.")
mysql.connector.errors.OperationalError: MySQL Connection not available.

The above exception was the direct cause of the following exception:

Traceback (most recent call last):
  File "/home/eaglcqjv/virtualenv/public_html/syscare/3.9/lib/python3.9/site-packages/flask/app.py", line 1511, in wsgi_app
    response = self.full_dispatch_request()
  File "/home/eaglcqjv/virtualenv/public_html/syscare/3.9/lib/python3.9/site-packages/flask/app.py", line 919, in full_dispatch_request
    rv = self.handle_user_exception(e)
  File "/home/eaglcqjv/virtualenv/public_html/syscare/3.9/lib/python3.9/site-packages/flask/app.py", line 915, in full_dispatch_request
    rv = self.preprocess_request()
  File "/home/eaglcqjv/virtualenv/public_html/syscare/3.9/lib/python3.9/site-packages/flask/app.py", line 1291, in preprocess_request
    rv = self.ensure_sync(before_func)()
  File "/home/eaglcqjv/public_html/syscare/onsite_calls_blueprint.py", line 2138, in onsite_call_media_cleanup
    service.purge_expired_attachments()
  File "/home/eaglcqjv/public_html/syscare/onsite_calls_blueprint.py", line 1354, in purge_expired_attachments
    rows = db_session.execute(
  File "/home/eaglcqjv/virtualenv/public_html/syscare/3.9/lib64/python3.9/site-packages/sqlalchemy/orm/session.py", line 2351, in execute
    return self._execute_internal(
  File "/home/eaglcqjv/virtualenv/public_html/syscare/3.9/lib64/python3.9/site-packages/sqlalchemy/orm/session.py", line 2249, in _execute_internal
    result: Result[Any] = compile_state_cls.orm_execute_statement(
  File "/home/eaglcqjv/virtualenv/public_html/syscare/3.9/lib64/python3.9/site-packages/sqlalchemy/orm/context.py", line 306, in orm_execute_statement
    result = conn.execute(
  File "/home/eaglcqjv/virtualenv/public_html/syscare/3.9/lib64/python3.9/site-packages/sqlalchemy/engine/base.py", line 1419, in execute
    return meth(
  File "/home/eaglcqjv/virtualenv/public_html/syscare/3.9/lib64/python3.9/site-packages/sqlalchemy/sql/elements.py", line 527, in _execute_on_connection
    return connection._execute_clauseelement(
  File "/home/eaglcqjv/virtualenv/public_html/syscare/3.9/lib64/python3.9/site-packages/sqlalchemy/engine/base.py", line 1641, in _execute_clauseelement
    ret = self._execute_context(
  File "/home/eaglcqjv/virtualenv/public_html/syscare/3.9/lib64/python3.9/site-packages/sqlalchemy/engine/base.py", line 1821, in _execute_context
    self._handle_dbapi_exception(
  File "/home/eaglcqjv/virtualenv/public_html/syscare/3.9/lib64/python3.9/site-packages/sqlalchemy/engine/base.py", line 2363, in _handle_dbapi_exception
    raise sqlalchemy_exception.with_traceback(exc_info[2]) from e
  File "/home/eaglcqjv/virtualenv/public_html/syscare/3.9/lib64/python3.9/site-packages/sqlalchemy/engine/base.py", line 1815, in _execute_context
    context = constructor(
  File "/home/eaglcqjv/virtualenv/public_html/syscare/3.9/lib64/python3.9/site-packages/sqlalchemy/engine/default.py", line 1438, in _init_compiled
    self.cursor = self.create_cursor()
  File "/home/eaglcqjv/virtualenv/public_html/syscare/3.9/lib64/python3.9/site-packages/sqlalchemy/engine/default.py", line 1777, in create_cursor
    return self.create_default_cursor()
  File "/home/eaglcqjv/virtualenv/public_html/syscare/3.9/lib64/python3.9/site-packages/sqlalchemy/dialects/mysql/mysqlconnector.py", line 88, in create_default_cursor
    return self._dbapi_connection.cursor(buffered=True)
  File "/home/eaglcqjv/virtualenv/public_html/syscare/3.9/lib64/python3.9/site-packages/sqlalchemy/pool/base.py", line 1494, in cursor
    return self.dbapi_connection.cursor(*args, **kwargs)
  File "/home/eaglcqjv/virtualenv/public_html/syscare/3.9/lib64/python3.9/site-packages/mysql/connector/connection_cext.py", line 841, in cursor
    raise OperationalError("MySQL Connection not available.")
sqlalchemy.exc.OperationalError: (mysql.connector.errors.OperationalError) MySQL Connection not available.
[SQL: SELECT onsite_call_attachments.id, onsite_call_attachments.filename 
FROM onsite_call_attachments INNER JOIN onsite_calls ON onsite_calls.id = onsite_call_attachments.call_id 
WHERE onsite_calls.status IN (__[POSTCOMPILE_status_1]) AND onsite_calls.updated_at <= %(updated_at_1)s]
[parameters: [{}]]
(Background on this error at: https://sqlalche.me/e/20/e3q8)
[2026-04-21 06:15:38,134] WARNING in onsite_calls_blueprint: Onsite call deleted | call_id=2275 | customer=Noushad | deleted_by=SREELAKSHMI
[2026-04-21 07:59:03,435] WARNING in onsite_calls_blueprint: Onsite call deleted | call_id=2274 | customer=Ann Treata Regina T M | deleted_by=Rashid
[2026-04-21 11:30:23,126] ERROR in app: Exception on /dashboard/onsite-alert [GET]
Traceback (most recent call last):
  File "/home/eaglcqjv/virtualenv/public_html/syscare/3.9/lib64/python3.9/site-packages/sqlalchemy/engine/base.py", line 1815, in _execute_context
    context = constructor(
  File "/home/eaglcqjv/virtualenv/public_html/syscare/3.9/lib64/python3.9/site-packages/sqlalchemy/engine/default.py", line 1438, in _init_compiled
    self.cursor = self.create_cursor()
  File "/home/eaglcqjv/virtualenv/public_html/syscare/3.9/lib64/python3.9/site-packages/sqlalchemy/engine/default.py", line 1777, in create_cursor
    return self.create_default_cursor()
  File "/home/eaglcqjv/virtualenv/public_html/syscare/3.9/lib64/python3.9/site-packages/sqlalchemy/dialects/mysql/mysqlconnector.py", line 88, in create_default_cursor
    return self._dbapi_connection.cursor(buffered=True)
  File "/home/eaglcqjv/virtualenv/public_html/syscare/3.9/lib64/python3.9/site-packages/sqlalchemy/pool/base.py", line 1494, in cursor
    return self.dbapi_connection.cursor(*args, **kwargs)
  File "/home/eaglcqjv/virtualenv/public_html/syscare/3.9/lib64/python3.9/site-packages/mysql/connector/connection_cext.py", line 841, in cursor
    raise OperationalError("MySQL Connection not available.")
mysql.connector.errors.OperationalError: MySQL Connection not available.

The above exception was the direct cause of the following exception:

Traceback (most recent call last):
  File "/home/eaglcqjv/virtualenv/public_html/syscare/3.9/lib/python3.9/site-packages/flask/app.py", line 1511, in wsgi_app
    response = self.full_dispatch_request()
  File "/home/eaglcqjv/virtualenv/public_html/syscare/3.9/lib/python3.9/site-packages/flask/app.py", line 919, in full_dispatch_request
    rv = self.handle_user_exception(e)
  File "/home/eaglcqjv/virtualenv/public_html/syscare/3.9/lib/python3.9/site-packages/flask/app.py", line 915, in full_dispatch_request
    rv = self.preprocess_request()
  File "/home/eaglcqjv/virtualenv/public_html/syscare/3.9/lib/python3.9/site-packages/flask/app.py", line 1291, in preprocess_request
    rv = self.ensure_sync(before_func)()
  File "/home/eaglcqjv/public_html/syscare/onsite_calls_blueprint.py", line 2138, in onsite_call_media_cleanup
    service.purge_expired_attachments()
  File "/home/eaglcqjv/public_html/syscare/onsite_calls_blueprint.py", line 1354, in purge_expired_attachments
    rows = db_session.execute(
  File "/home/eaglcqjv/virtualenv/public_html/syscare/3.9/lib64/python3.9/site-packages/sqlalchemy/orm/session.py", line 2351, in execute
    return self._execute_internal(
  File "/home/eaglcqjv/virtualenv/public_html/syscare/3.9/lib64/python3.9/site-packages/sqlalchemy/orm/session.py", line 2249, in _execute_internal
    result: Result[Any] = compile_state_cls.orm_execute_statement(
  File "/home/eaglcqjv/virtualenv/public_html/syscare/3.9/lib64/python3.9/site-packages/sqlalchemy/orm/context.py", line 306, in orm_execute_statement
    result = conn.execute(
  File "/home/eaglcqjv/virtualenv/public_html/syscare/3.9/lib64/python3.9/site-packages/sqlalchemy/engine/base.py", line 1419, in execute
    return meth(
  File "/home/eaglcqjv/virtualenv/public_html/syscare/3.9/lib64/python3.9/site-packages/sqlalchemy/sql/elements.py", line 527, in _execute_on_connection
    return connection._execute_clauseelement(
  File "/home/eaglcqjv/virtualenv/public_html/syscare/3.9/lib64/python3.9/site-packages/sqlalchemy/engine/base.py", line 1641, in _execute_clauseelement
    ret = self._execute_context(
  File "/home/eaglcqjv/virtualenv/public_html/syscare/3.9/lib64/python3.9/site-packages/sqlalchemy/engine/base.py", line 1821, in _execute_context
    self._handle_dbapi_exception(
  File "/home/eaglcqjv/virtualenv/public_html/syscare/3.9/lib64/python3.9/site-packages/sqlalchemy/engine/base.py", line 2363, in _handle_dbapi_exception
    raise sqlalchemy_exception.with_traceback(exc_info[2]) from e
  File "/home/eaglcqjv/virtualenv/public_html/syscare/3.9/lib64/python3.9/site-packages/sqlalchemy/engine/base.py", line 1815, in _execute_context
    context = constructor(
  File "/home/eaglcqjv/virtualenv/public_html/syscare/3.9/lib64/python3.9/site-packages/sqlalchemy/engine/default.py", line 1438, in _init_compiled
    self.cursor = self.create_cursor()
  File "/home/eaglcqjv/virtualenv/public_html/syscare/3.9/lib64/python3.9/site-packages/sqlalchemy/engine/default.py", line 1777, in create_cursor
    return self.create_default_cursor()
  File "/home/eaglcqjv/virtualenv/public_html/syscare/3.9/lib64/python3.9/site-packages/sqlalchemy/dialects/mysql/mysqlconnector.py", line 88, in create_default_cursor
    return self._dbapi_connection.cursor(buffered=True)
  File "/home/eaglcqjv/virtualenv/public_html/syscare/3.9/lib64/python3.9/site-packages/sqlalchemy/pool/base.py", line 1494, in cursor
    return self.dbapi_connection.cursor(*args, **kwargs)
  File "/home/eaglcqjv/virtualenv/public_html/syscare/3.9/lib64/python3.9/site-packages/mysql/connector/connection_cext.py", line 841, in cursor
    raise OperationalError("MySQL Connection not available.")
sqlalchemy.exc.OperationalError: (mysql.connector.errors.OperationalError) MySQL Connection not available.
[SQL: SELECT onsite_call_attachments.id, onsite_call_attachments.filename 
FROM onsite_call_attachments INNER JOIN onsite_calls ON onsite_calls.id = onsite_call_attachments.call_id 
WHERE onsite_calls.status IN (__[POSTCOMPILE_status_1]) AND onsite_calls.updated_at <= %(updated_at_1)s]
[parameters: [{}]]
(Background on this error at: https://sqlalche.me/e/20/e3q8)
[2026-04-22 00:30:24,156] WARNING in app: Blocked request with invalid CSRF token to /update-status
[2026-04-22 02:30:09,185] ERROR in app: Exception on /dashboard/onsite-alert [GET]
Traceback (most recent call last):
  File "/home/eaglcqjv/virtualenv/public_html/syscare/3.9/lib64/python3.9/site-packages/sqlalchemy/engine/base.py", line 1815, in _execute_context
    context = constructor(
  File "/home/eaglcqjv/virtualenv/public_html/syscare/3.9/lib64/python3.9/site-packages/sqlalchemy/engine/default.py", line 1438, in _init_compiled
    self.cursor = self.create_cursor()
  File "/home/eaglcqjv/virtualenv/public_html/syscare/3.9/lib64/python3.9/site-packages/sqlalchemy/engine/default.py", line 1777, in create_cursor
    return self.create_default_cursor()
  File "/home/eaglcqjv/virtualenv/public_html/syscare/3.9/lib64/python3.9/site-packages/sqlalchemy/dialects/mysql/mysqlconnector.py", line 88, in create_default_cursor
    return self._dbapi_connection.cursor(buffered=True)
  File "/home/eaglcqjv/virtualenv/public_html/syscare/3.9/lib64/python3.9/site-packages/sqlalchemy/pool/base.py", line 1494, in cursor
    return self.dbapi_connection.cursor(*args, **kwargs)
  File "/home/eaglcqjv/virtualenv/public_html/syscare/3.9/lib64/python3.9/site-packages/mysql/connector/connection_cext.py", line 841, in cursor
    raise OperationalError("MySQL Connection not available.")
mysql.connector.errors.OperationalError: MySQL Connection not available.

The above exception was the direct cause of the following exception:

Traceback (most recent call last):
  File "/home/eaglcqjv/virtualenv/public_html/syscare/3.9/lib/python3.9/site-packages/flask/app.py", line 1511, in wsgi_app
    response = self.full_dispatch_request()
  File "/home/eaglcqjv/virtualenv/public_html/syscare/3.9/lib/python3.9/site-packages/flask/app.py", line 919, in full_dispatch_request
    rv = self.handle_user_exception(e)
  File "/home/eaglcqjv/virtualenv/public_html/syscare/3.9/lib/python3.9/site-packages/flask/app.py", line 915, in full_dispatch_request
    rv = self.preprocess_request()
  File "/home/eaglcqjv/virtualenv/public_html/syscare/3.9/lib/python3.9/site-packages/flask/app.py", line 1291, in preprocess_request
    rv = self.ensure_sync(before_func)()
  File "/home/eaglcqjv/public_html/syscare/onsite_calls_blueprint.py", line 2138, in onsite_call_media_cleanup
    service.purge_expired_attachments()
  File "/home/eaglcqjv/public_html/syscare/onsite_calls_blueprint.py", line 1354, in purge_expired_attachments
    rows = db_session.execute(
  File "/home/eaglcqjv/virtualenv/public_html/syscare/3.9/lib64/python3.9/site-packages/sqlalchemy/orm/session.py", line 2351, in execute
    return self._execute_internal(
  File "/home/eaglcqjv/virtualenv/public_html/syscare/3.9/lib64/python3.9/site-packages/sqlalchemy/orm/session.py", line 2249, in _execute_internal
    result: Result[Any] = compile_state_cls.orm_execute_statement(
  File "/home/eaglcqjv/virtualenv/public_html/syscare/3.9/lib64/python3.9/site-packages/sqlalchemy/orm/context.py", line 306, in orm_execute_statement
    result = conn.execute(
  File "/home/eaglcqjv/virtualenv/public_html/syscare/3.9/lib64/python3.9/site-packages/sqlalchemy/engine/base.py", line 1419, in execute
    return meth(
  File "/home/eaglcqjv/virtualenv/public_html/syscare/3.9/lib64/python3.9/site-packages/sqlalchemy/sql/elements.py", line 527, in _execute_on_connection
    return connection._execute_clauseelement(
  File "/home/eaglcqjv/virtualenv/public_html/syscare/3.9/lib64/python3.9/site-packages/sqlalchemy/engine/base.py", line 1641, in _execute_clauseelement
    ret = self._execute_context(
  File "/home/eaglcqjv/virtualenv/public_html/syscare/3.9/lib64/python3.9/site-packages/sqlalchemy/engine/base.py", line 1821, in _execute_context
    self._handle_dbapi_exception(
  File "/home/eaglcqjv/virtualenv/public_html/syscare/3.9/lib64/python3.9/site-packages/sqlalchemy/engine/base.py", line 2363, in _handle_dbapi_exception
    raise sqlalchemy_exception.with_traceback(exc_info[2]) from e
  File "/home/eaglcqjv/virtualenv/public_html/syscare/3.9/lib64/python3.9/site-packages/sqlalchemy/engine/base.py", line 1815, in _execute_context
    context = constructor(
  File "/home/eaglcqjv/virtualenv/public_html/syscare/3.9/lib64/python3.9/site-packages/sqlalchemy/engine/default.py", line 1438, in _init_compiled
    self.cursor = self.create_cursor()
  File "/home/eaglcqjv/virtualenv/public_html/syscare/3.9/lib64/python3.9/site-packages/sqlalchemy/engine/default.py", line 1777, in create_cursor
    return self.create_default_cursor()
  File "/home/eaglcqjv/virtualenv/public_html/syscare/3.9/lib64/python3.9/site-packages/sqlalchemy/dialects/mysql/mysqlconnector.py", line 88, in create_default_cursor
    return self._dbapi_connection.cursor(buffered=True)
  File "/home/eaglcqjv/virtualenv/public_html/syscare/3.9/lib64/python3.9/site-packages/sqlalchemy/pool/base.py", line 1494, in cursor
    return self.dbapi_connection.cursor(*args, **kwargs)
  File "/home/eaglcqjv/virtualenv/public_html/syscare/3.9/lib64/python3.9/site-packages/mysql/connector/connection_cext.py", line 841, in cursor
    raise OperationalError("MySQL Connection not available.")
sqlalchemy.exc.OperationalError: (mysql.connector.errors.OperationalError) MySQL Connection not available.
[SQL: SELECT onsite_call_attachments.id, onsite_call_attachments.filename 
FROM onsite_call_attachments INNER JOIN onsite_calls ON onsite_calls.id = onsite_call_attachments.call_id 
WHERE onsite_calls.status IN (__[POSTCOMPILE_status_1]) AND onsite_calls.updated_at <= %(updated_at_1)s]
[parameters: [{}]]
(Background on this error at: https://sqlalche.me/e/20/e3q8)
[2026-04-22 04:31:58,953] ERROR in app: Exception on /dashboard/onsite-alert [GET]
Traceback (most recent call last):
  File "/home/eaglcqjv/virtualenv/public_html/syscare/3.9/lib64/python3.9/site-packages/sqlalchemy/engine/base.py", line 1815, in _execute_context
    context = constructor(
  File "/home/eaglcqjv/virtualenv/public_html/syscare/3.9/lib64/python3.9/site-packages/sqlalchemy/engine/default.py", line 1438, in _init_compiled
    self.cursor = self.create_cursor()
  File "/home/eaglcqjv/virtualenv/public_html/syscare/3.9/lib64/python3.9/site-packages/sqlalchemy/engine/default.py", line 1777, in create_cursor
    return self.create_default_cursor()
  File "/home/eaglcqjv/virtualenv/public_html/syscare/3.9/lib64/python3.9/site-packages/sqlalchemy/dialects/mysql/mysqlconnector.py", line 88, in create_default_cursor
    return self._dbapi_connection.cursor(buffered=True)
  File "/home/eaglcqjv/virtualenv/public_html/syscare/3.9/lib64/python3.9/site-packages/sqlalchemy/pool/base.py", line 1494, in cursor
    return self.dbapi_connection.cursor(*args, **kwargs)
  File "/home/eaglcqjv/virtualenv/public_html/syscare/3.9/lib64/python3.9/site-packages/mysql/connector/connection_cext.py", line 841, in cursor
    raise OperationalError("MySQL Connection not available.")
mysql.connector.errors.OperationalError: MySQL Connection not available.

The above exception was the direct cause of the following exception:

Traceback (most recent call last):
  File "/home/eaglcqjv/virtualenv/public_html/syscare/3.9/lib/python3.9/site-packages/flask/app.py", line 1511, in wsgi_app
    response = self.full_dispatch_request()
  File "/home/eaglcqjv/virtualenv/public_html/syscare/3.9/lib/python3.9/site-packages/flask/app.py", line 919, in full_dispatch_request
    rv = self.handle_user_exception(e)
  File "/home/eaglcqjv/virtualenv/public_html/syscare/3.9/lib/python3.9/site-packages/flask/app.py", line 915, in full_dispatch_request
    rv = self.preprocess_request()
  File "/home/eaglcqjv/virtualenv/public_html/syscare/3.9/lib/python3.9/site-packages/flask/app.py", line 1291, in preprocess_request
    rv = self.ensure_sync(before_func)()
  File "/home/eaglcqjv/public_html/syscare/onsite_calls_blueprint.py", line 2138, in onsite_call_media_cleanup
    service.purge_expired_attachments()
  File "/home/eaglcqjv/public_html/syscare/onsite_calls_blueprint.py", line 1354, in purge_expired_attachments
    rows = db_session.execute(
  File "/home/eaglcqjv/virtualenv/public_html/syscare/3.9/lib64/python3.9/site-packages/sqlalchemy/orm/session.py", line 2351, in execute
    return self._execute_internal(
  File "/home/eaglcqjv/virtualenv/public_html/syscare/3.9/lib64/python3.9/site-packages/sqlalchemy/orm/session.py", line 2249, in _execute_internal
    result: Result[Any] = compile_state_cls.orm_execute_statement(
  File "/home/eaglcqjv/virtualenv/public_html/syscare/3.9/lib64/python3.9/site-packages/sqlalchemy/orm/context.py", line 306, in orm_execute_statement
    result = conn.execute(
  File "/home/eaglcqjv/virtualenv/public_html/syscare/3.9/lib64/python3.9/site-packages/sqlalchemy/engine/base.py", line 1419, in execute
    return meth(
  File "/home/eaglcqjv/virtualenv/public_html/syscare/3.9/lib64/python3.9/site-packages/sqlalchemy/sql/elements.py", line 527, in _execute_on_connection
    return connection._execute_clauseelement(
  File "/home/eaglcqjv/virtualenv/public_html/syscare/3.9/lib64/python3.9/site-packages/sqlalchemy/engine/base.py", line 1641, in _execute_clauseelement
    ret = self._execute_context(
  File "/home/eaglcqjv/virtualenv/public_html/syscare/3.9/lib64/python3.9/site-packages/sqlalchemy/engine/base.py", line 1821, in _execute_context
    self._handle_dbapi_exception(
  File "/home/eaglcqjv/virtualenv/public_html/syscare/3.9/lib64/python3.9/site-packages/sqlalchemy/engine/base.py", line 2363, in _handle_dbapi_exception
    raise sqlalchemy_exception.with_traceback(exc_info[2]) from e
  File "/home/eaglcqjv/virtualenv/public_html/syscare/3.9/lib64/python3.9/site-packages/sqlalchemy/engine/base.py", line 1815, in _execute_context
    context = constructor(
  File "/home/eaglcqjv/virtualenv/public_html/syscare/3.9/lib64/python3.9/site-packages/sqlalchemy/engine/default.py", line 1438, in _init_compiled
    self.cursor = self.create_cursor()
  File "/home/eaglcqjv/virtualenv/public_html/syscare/3.9/lib64/python3.9/site-packages/sqlalchemy/engine/default.py", line 1777, in create_cursor
    return self.create_default_cursor()
  File "/home/eaglcqjv/virtualenv/public_html/syscare/3.9/lib64/python3.9/site-packages/sqlalchemy/dialects/mysql/mysqlconnector.py", line 88, in create_default_cursor
    return self._dbapi_connection.cursor(buffered=True)
  File "/home/eaglcqjv/virtualenv/public_html/syscare/3.9/lib64/python3.9/site-packages/sqlalchemy/pool/base.py", line 1494, in cursor
    return self.dbapi_connection.cursor(*args, **kwargs)
  File "/home/eaglcqjv/virtualenv/public_html/syscare/3.9/lib64/python3.9/site-packages/mysql/connector/connection_cext.py", line 841, in cursor
    raise OperationalError("MySQL Connection not available.")
sqlalchemy.exc.OperationalError: (mysql.connector.errors.OperationalError) MySQL Connection not available.
[SQL: SELECT onsite_call_attachments.id, onsite_call_attachments.filename 
FROM onsite_call_attachments INNER JOIN onsite_calls ON onsite_calls.id = onsite_call_attachments.call_id 
WHERE onsite_calls.status IN (__[POSTCOMPILE_status_1]) AND onsite_calls.updated_at <= %(updated_at_1)s]
[parameters: [{}]]
(Background on this error at: https://sqlalche.me/e/20/e3q8)
[2026-04-22 04:40:03,244] ERROR in app: Exception on /dashboard/onsite-alert [GET]
Traceback (most recent call last):
  File "/home/eaglcqjv/virtualenv/public_html/syscare/3.9/lib64/python3.9/site-packages/sqlalchemy/engine/base.py", line 1815, in _execute_context
    context = constructor(
  File "/home/eaglcqjv/virtualenv/public_html/syscare/3.9/lib64/python3.9/site-packages/sqlalchemy/engine/default.py", line 1438, in _init_compiled
    self.cursor = self.create_cursor()
  File "/home/eaglcqjv/virtualenv/public_html/syscare/3.9/lib64/python3.9/site-packages/sqlalchemy/engine/default.py", line 1777, in create_cursor
    return self.create_default_cursor()
  File "/home/eaglcqjv/virtualenv/public_html/syscare/3.9/lib64/python3.9/site-packages/sqlalchemy/dialects/mysql/mysqlconnector.py", line 88, in create_default_cursor
    return self._dbapi_connection.cursor(buffered=True)
  File "/home/eaglcqjv/virtualenv/public_html/syscare/3.9/lib64/python3.9/site-packages/sqlalchemy/pool/base.py", line 1494, in cursor
    return self.dbapi_connection.cursor(*args, **kwargs)
  File "/home/eaglcqjv/virtualenv/public_html/syscare/3.9/lib64/python3.9/site-packages/mysql/connector/connection_cext.py", line 841, in cursor
    raise OperationalError("MySQL Connection not available.")
mysql.connector.errors.OperationalError: MySQL Connection not available.

The above exception was the direct cause of the following exception:

Traceback (most recent call last):
  File "/home/eaglcqjv/virtualenv/public_html/syscare/3.9/lib/python3.9/site-packages/flask/app.py", line 1511, in wsgi_app
    response = self.full_dispatch_request()
  File "/home/eaglcqjv/virtualenv/public_html/syscare/3.9/lib/python3.9/site-packages/flask/app.py", line 919, in full_dispatch_request
    rv = self.handle_user_exception(e)
  File "/home/eaglcqjv/virtualenv/public_html/syscare/3.9/lib/python3.9/site-packages/flask/app.py", line 915, in full_dispatch_request
    rv = self.preprocess_request()
  File "/home/eaglcqjv/virtualenv/public_html/syscare/3.9/lib/python3.9/site-packages/flask/app.py", line 1291, in preprocess_request
    rv = self.ensure_sync(before_func)()
  File "/home/eaglcqjv/public_html/syscare/onsite_calls_blueprint.py", line 2138, in onsite_call_media_cleanup
    service.purge_expired_attachments()
  File "/home/eaglcqjv/public_html/syscare/onsite_calls_blueprint.py", line 1354, in purge_expired_attachments
    rows = db_session.execute(
  File "/home/eaglcqjv/virtualenv/public_html/syscare/3.9/lib64/python3.9/site-packages/sqlalchemy/orm/session.py", line 2351, in execute
    return self._execute_internal(
  File "/home/eaglcqjv/virtualenv/public_html/syscare/3.9/lib64/python3.9/site-packages/sqlalchemy/orm/session.py", line 2249, in _execute_internal
    result: Result[Any] = compile_state_cls.orm_execute_statement(
  File "/home/eaglcqjv/virtualenv/public_html/syscare/3.9/lib64/python3.9/site-packages/sqlalchemy/orm/context.py", line 306, in orm_execute_statement
    result = conn.execute(
  File "/home/eaglcqjv/virtualenv/public_html/syscare/3.9/lib64/python3.9/site-packages/sqlalchemy/engine/base.py", line 1419, in execute
    return meth(
  File "/home/eaglcqjv/virtualenv/public_html/syscare/3.9/lib64/python3.9/site-packages/sqlalchemy/sql/elements.py", line 527, in _execute_on_connection
    return connection._execute_clauseelement(
  File "/home/eaglcqjv/virtualenv/public_html/syscare/3.9/lib64/python3.9/site-packages/sqlalchemy/engine/base.py", line 1641, in _execute_clauseelement
    ret = self._execute_context(
  File "/home/eaglcqjv/virtualenv/public_html/syscare/3.9/lib64/python3.9/site-packages/sqlalchemy/engine/base.py", line 1821, in _execute_context
    self._handle_dbapi_exception(
  File "/home/eaglcqjv/virtualenv/public_html/syscare/3.9/lib64/python3.9/site-packages/sqlalchemy/engine/base.py", line 2363, in _handle_dbapi_exception
    raise sqlalchemy_exception.with_traceback(exc_info[2]) from e
  File "/home/eaglcqjv/virtualenv/public_html/syscare/3.9/lib64/python3.9/site-packages/sqlalchemy/engine/base.py", line 1815, in _execute_context
    context = constructor(
  File "/home/eaglcqjv/virtualenv/public_html/syscare/3.9/lib64/python3.9/site-packages/sqlalchemy/engine/default.py", line 1438, in _init_compiled
    self.cursor = self.create_cursor()
  File "/home/eaglcqjv/virtualenv/public_html/syscare/3.9/lib64/python3.9/site-packages/sqlalchemy/engine/default.py", line 1777, in create_cursor
    return self.create_default_cursor()
  File "/home/eaglcqjv/virtualenv/public_html/syscare/3.9/lib64/python3.9/site-packages/sqlalchemy/dialects/mysql/mysqlconnector.py", line 88, in create_default_cursor
    return self._dbapi_connection.cursor(buffered=True)
  File "/home/eaglcqjv/virtualenv/public_html/syscare/3.9/lib64/python3.9/site-packages/sqlalchemy/pool/base.py", line 1494, in cursor
    return self.dbapi_connection.cursor(*args, **kwargs)
  File "/home/eaglcqjv/virtualenv/public_html/syscare/3.9/lib64/python3.9/site-packages/mysql/connector/connection_cext.py", line 841, in cursor
    raise OperationalError("MySQL Connection not available.")
sqlalchemy.exc.OperationalError: (mysql.connector.errors.OperationalError) MySQL Connection not available.
[SQL: SELECT onsite_call_attachments.id, onsite_call_attachments.filename 
FROM onsite_call_attachments INNER JOIN onsite_calls ON onsite_calls.id = onsite_call_attachments.call_id 
WHERE onsite_calls.status IN (__[POSTCOMPILE_status_1]) AND onsite_calls.updated_at <= %(updated_at_1)s]
[parameters: [{}]]
(Background on this error at: https://sqlalche.me/e/20/e3q8)
[2026-04-22 04:59:53,457] ERROR in app: Exception on /dashboard/onsite-alert [GET]
Traceback (most recent call last):
  File "/home/eaglcqjv/virtualenv/public_html/syscare/3.9/lib64/python3.9/site-packages/sqlalchemy/engine/base.py", line 1815, in _execute_context
    context = constructor(
  File "/home/eaglcqjv/virtualenv/public_html/syscare/3.9/lib64/python3.9/site-packages/sqlalchemy/engine/default.py", line 1438, in _init_compiled
    self.cursor = self.create_cursor()
  File "/home/eaglcqjv/virtualenv/public_html/syscare/3.9/lib64/python3.9/site-packages/sqlalchemy/engine/default.py", line 1777, in create_cursor
    return self.create_default_cursor()
  File "/home/eaglcqjv/virtualenv/public_html/syscare/3.9/lib64/python3.9/site-packages/sqlalchemy/dialects/mysql/mysqlconnector.py", line 88, in create_default_cursor
    return self._dbapi_connection.cursor(buffered=True)
  File "/home/eaglcqjv/virtualenv/public_html/syscare/3.9/lib64/python3.9/site-packages/sqlalchemy/pool/base.py", line 1494, in cursor
    return self.dbapi_connection.cursor(*args, **kwargs)
  File "/home/eaglcqjv/virtualenv/public_html/syscare/3.9/lib64/python3.9/site-packages/mysql/connector/connection_cext.py", line 841, in cursor
    raise OperationalError("MySQL Connection not available.")
mysql.connector.errors.OperationalError: MySQL Connection not available.

The above exception was the direct cause of the following exception:

Traceback (most recent call last):
  File "/home/eaglcqjv/virtualenv/public_html/syscare/3.9/lib/python3.9/site-packages/flask/app.py", line 1511, in wsgi_app
    response = self.full_dispatch_request()
  File "/home/eaglcqjv/virtualenv/public_html/syscare/3.9/lib/python3.9/site-packages/flask/app.py", line 919, in full_dispatch_request
    rv = self.handle_user_exception(e)
  File "/home/eaglcqjv/virtualenv/public_html/syscare/3.9/lib/python3.9/site-packages/flask/app.py", line 915, in full_dispatch_request
    rv = self.preprocess_request()
  File "/home/eaglcqjv/virtualenv/public_html/syscare/3.9/lib/python3.9/site-packages/flask/app.py", line 1291, in preprocess_request
    rv = self.ensure_sync(before_func)()
  File "/home/eaglcqjv/public_html/syscare/onsite_calls_blueprint.py", line 2138, in onsite_call_media_cleanup
    service.purge_expired_attachments()
  File "/home/eaglcqjv/public_html/syscare/onsite_calls_blueprint.py", line 1354, in purge_expired_attachments
    rows = db_session.execute(
  File "/home/eaglcqjv/virtualenv/public_html/syscare/3.9/lib64/python3.9/site-packages/sqlalchemy/orm/session.py", line 2351, in execute
    return self._execute_internal(
  File "/home/eaglcqjv/virtualenv/public_html/syscare/3.9/lib64/python3.9/site-packages/sqlalchemy/orm/session.py", line 2249, in _execute_internal
    result: Result[Any] = compile_state_cls.orm_execute_statement(
  File "/home/eaglcqjv/virtualenv/public_html/syscare/3.9/lib64/python3.9/site-packages/sqlalchemy/orm/context.py", line 306, in orm_execute_statement
    result = conn.execute(
  File "/home/eaglcqjv/virtualenv/public_html/syscare/3.9/lib64/python3.9/site-packages/sqlalchemy/engine/base.py", line 1419, in execute
    return meth(
  File "/home/eaglcqjv/virtualenv/public_html/syscare/3.9/lib64/python3.9/site-packages/sqlalchemy/sql/elements.py", line 527, in _execute_on_connection
    return connection._execute_clauseelement(
  File "/home/eaglcqjv/virtualenv/public_html/syscare/3.9/lib64/python3.9/site-packages/sqlalchemy/engine/base.py", line 1641, in _execute_clauseelement
    ret = self._execute_context(
  File "/home/eaglcqjv/virtualenv/public_html/syscare/3.9/lib64/python3.9/site-packages/sqlalchemy/engine/base.py", line 1821, in _execute_context
    self._handle_dbapi_exception(
  File "/home/eaglcqjv/virtualenv/public_html/syscare/3.9/lib64/python3.9/site-packages/sqlalchemy/engine/base.py", line 2363, in _handle_dbapi_exception
    raise sqlalchemy_exception.with_traceback(exc_info[2]) from e
  File "/home/eaglcqjv/virtualenv/public_html/syscare/3.9/lib64/python3.9/site-packages/sqlalchemy/engine/base.py", line 1815, in _execute_context
    context = constructor(
  File "/home/eaglcqjv/virtualenv/public_html/syscare/3.9/lib64/python3.9/site-packages/sqlalchemy/engine/default.py", line 1438, in _init_compiled
    self.cursor = self.create_cursor()
  File "/home/eaglcqjv/virtualenv/public_html/syscare/3.9/lib64/python3.9/site-packages/sqlalchemy/engine/default.py", line 1777, in create_cursor
    return self.create_default_cursor()
  File "/home/eaglcqjv/virtualenv/public_html/syscare/3.9/lib64/python3.9/site-packages/sqlalchemy/dialects/mysql/mysqlconnector.py", line 88, in create_default_cursor
    return self._dbapi_connection.cursor(buffered=True)
  File "/home/eaglcqjv/virtualenv/public_html/syscare/3.9/lib64/python3.9/site-packages/sqlalchemy/pool/base.py", line 1494, in cursor
    return self.dbapi_connection.cursor(*args, **kwargs)
  File "/home/eaglcqjv/virtualenv/public_html/syscare/3.9/lib64/python3.9/site-packages/mysql/connector/connection_cext.py", line 841, in cursor
    raise OperationalError("MySQL Connection not available.")
sqlalchemy.exc.OperationalError: (mysql.connector.errors.OperationalError) MySQL Connection not available.
[SQL: SELECT onsite_call_attachments.id, onsite_call_attachments.filename 
FROM onsite_call_attachments INNER JOIN onsite_calls ON onsite_calls.id = onsite_call_attachments.call_id 
WHERE onsite_calls.status IN (__[POSTCOMPILE_status_1]) AND onsite_calls.updated_at <= %(updated_at_1)s]
[parameters: [{}]]
(Background on this error at: https://sqlalche.me/e/20/e3q8)
[2026-04-22 06:41:28,745] WARNING in app: Blocked request with invalid CSRF token to /login
[2026-04-22 07:00:11,319] ERROR in app: Exception on /dashboard/onsite-alert [GET]
Traceback (most recent call last):
  File "/home/eaglcqjv/virtualenv/public_html/syscare/3.9/lib64/python3.9/site-packages/sqlalchemy/engine/base.py", line 1815, in _execute_context
    context = constructor(
  File "/home/eaglcqjv/virtualenv/public_html/syscare/3.9/lib64/python3.9/site-packages/sqlalchemy/engine/default.py", line 1438, in _init_compiled
    self.cursor = self.create_cursor()
  File "/home/eaglcqjv/virtualenv/public_html/syscare/3.9/lib64/python3.9/site-packages/sqlalchemy/engine/default.py", line 1777, in create_cursor
    return self.create_default_cursor()
  File "/home/eaglcqjv/virtualenv/public_html/syscare/3.9/lib64/python3.9/site-packages/sqlalchemy/dialects/mysql/mysqlconnector.py", line 88, in create_default_cursor
    return self._dbapi_connection.cursor(buffered=True)
  File "/home/eaglcqjv/virtualenv/public_html/syscare/3.9/lib64/python3.9/site-packages/sqlalchemy/pool/base.py", line 1494, in cursor
    return self.dbapi_connection.cursor(*args, **kwargs)
  File "/home/eaglcqjv/virtualenv/public_html/syscare/3.9/lib64/python3.9/site-packages/mysql/connector/connection_cext.py", line 841, in cursor
    raise OperationalError("MySQL Connection not available.")
mysql.connector.errors.OperationalError: MySQL Connection not available.

The above exception was the direct cause of the following exception:

Traceback (most recent call last):
  File "/home/eaglcqjv/virtualenv/public_html/syscare/3.9/lib/python3.9/site-packages/flask/app.py", line 1511, in wsgi_app
    response = self.full_dispatch_request()
  File "/home/eaglcqjv/virtualenv/public_html/syscare/3.9/lib/python3.9/site-packages/flask/app.py", line 919, in full_dispatch_request
    rv = self.handle_user_exception(e)
  File "/home/eaglcqjv/virtualenv/public_html/syscare/3.9/lib/python3.9/site-packages/flask/app.py", line 915, in full_dispatch_request
    rv = self.preprocess_request()
  File "/home/eaglcqjv/virtualenv/public_html/syscare/3.9/lib/python3.9/site-packages/flask/app.py", line 1291, in preprocess_request
    rv = self.ensure_sync(before_func)()
  File "/home/eaglcqjv/public_html/syscare/onsite_calls_blueprint.py", line 2138, in onsite_call_media_cleanup
    service.purge_expired_attachments()
  File "/home/eaglcqjv/public_html/syscare/onsite_calls_blueprint.py", line 1354, in purge_expired_attachments
    rows = db_session.execute(
  File "/home/eaglcqjv/virtualenv/public_html/syscare/3.9/lib64/python3.9/site-packages/sqlalchemy/orm/session.py", line 2351, in execute
    return self._execute_internal(
  File "/home/eaglcqjv/virtualenv/public_html/syscare/3.9/lib64/python3.9/site-packages/sqlalchemy/orm/session.py", line 2249, in _execute_internal
    result: Result[Any] = compile_state_cls.orm_execute_statement(
  File "/home/eaglcqjv/virtualenv/public_html/syscare/3.9/lib64/python3.9/site-packages/sqlalchemy/orm/context.py", line 306, in orm_execute_statement
    result = conn.execute(
  File "/home/eaglcqjv/virtualenv/public_html/syscare/3.9/lib64/python3.9/site-packages/sqlalchemy/engine/base.py", line 1419, in execute
    return meth(
  File "/home/eaglcqjv/virtualenv/public_html/syscare/3.9/lib64/python3.9/site-packages/sqlalchemy/sql/elements.py", line 527, in _execute_on_connection
    return connection._execute_clauseelement(
  File "/home/eaglcqjv/virtualenv/public_html/syscare/3.9/lib64/python3.9/site-packages/sqlalchemy/engine/base.py", line 1641, in _execute_clauseelement
    ret = self._execute_context(
  File "/home/eaglcqjv/virtualenv/public_html/syscare/3.9/lib64/python3.9/site-packages/sqlalchemy/engine/base.py", line 1821, in _execute_context
    self._handle_dbapi_exception(
  File "/home/eaglcqjv/virtualenv/public_html/syscare/3.9/lib64/python3.9/site-packages/sqlalchemy/engine/base.py", line 2363, in _handle_dbapi_exception
    raise sqlalchemy_exception.with_traceback(exc_info[2]) from e
  File "/home/eaglcqjv/virtualenv/public_html/syscare/3.9/lib64/python3.9/site-packages/sqlalchemy/engine/base.py", line 1815, in _execute_context
    context = constructor(
  File "/home/eaglcqjv/virtualenv/public_html/syscare/3.9/lib64/python3.9/site-packages/sqlalchemy/engine/default.py", line 1438, in _init_compiled
    self.cursor = self.create_cursor()
  File "/home/eaglcqjv/virtualenv/public_html/syscare/3.9/lib64/python3.9/site-packages/sqlalchemy/engine/default.py", line 1777, in create_cursor
    return self.create_default_cursor()
  File "/home/eaglcqjv/virtualenv/public_html/syscare/3.9/lib64/python3.9/site-packages/sqlalchemy/dialects/mysql/mysqlconnector.py", line 88, in create_default_cursor
    return self._dbapi_connection.cursor(buffered=True)
  File "/home/eaglcqjv/virtualenv/public_html/syscare/3.9/lib64/python3.9/site-packages/sqlalchemy/pool/base.py", line 1494, in cursor
    return self.dbapi_connection.cursor(*args, **kwargs)
  File "/home/eaglcqjv/virtualenv/public_html/syscare/3.9/lib64/python3.9/site-packages/mysql/connector/connection_cext.py", line 841, in cursor
    raise OperationalError("MySQL Connection not available.")
sqlalchemy.exc.OperationalError: (mysql.connector.errors.OperationalError) MySQL Connection not available.
[SQL: SELECT onsite_call_attachments.id, onsite_call_attachments.filename 
FROM onsite_call_attachments INNER JOIN onsite_calls ON onsite_calls.id = onsite_call_attachments.call_id 
WHERE onsite_calls.status IN (__[POSTCOMPILE_status_1]) AND onsite_calls.updated_at <= %(updated_at_1)s]
[parameters: [{}]]
(Background on this error at: https://sqlalche.me/e/20/e3q8)
[2026-04-22 08:22:51,319] WARNING in onsite_calls_blueprint: Onsite call deleted | call_id=2280 | customer=Unni | deleted_by=Rashid
[2026-04-22 09:15:05,969] ERROR in app: Exception on /dashboard/onsite-alert [GET]
Traceback (most recent call last):
  File "/home/eaglcqjv/virtualenv/public_html/syscare/3.9/lib64/python3.9/site-packages/sqlalchemy/engine/base.py", line 1815, in _execute_context
    context = constructor(
  File "/home/eaglcqjv/virtualenv/public_html/syscare/3.9/lib64/python3.9/site-packages/sqlalchemy/engine/default.py", line 1438, in _init_compiled
    self.cursor = self.create_cursor()
  File "/home/eaglcqjv/virtualenv/public_html/syscare/3.9/lib64/python3.9/site-packages/sqlalchemy/engine/default.py", line 1777, in create_cursor
    return self.create_default_cursor()
  File "/home/eaglcqjv/virtualenv/public_html/syscare/3.9/lib64/python3.9/site-packages/sqlalchemy/dialects/mysql/mysqlconnector.py", line 88, in create_default_cursor
    return self._dbapi_connection.cursor(buffered=True)
  File "/home/eaglcqjv/virtualenv/public_html/syscare/3.9/lib64/python3.9/site-packages/sqlalchemy/pool/base.py", line 1494, in cursor
    return self.dbapi_connection.cursor(*args, **kwargs)
  File "/home/eaglcqjv/virtualenv/public_html/syscare/3.9/lib64/python3.9/site-packages/mysql/connector/connection_cext.py", line 841, in cursor
    raise OperationalError("MySQL Connection not available.")
mysql.connector.errors.OperationalError: MySQL Connection not available.

The above exception was the direct cause of the following exception:

Traceback (most recent call last):
  File "/home/eaglcqjv/virtualenv/public_html/syscare/3.9/lib/python3.9/site-packages/flask/app.py", line 1511, in wsgi_app
    response = self.full_dispatch_request()
  File "/home/eaglcqjv/virtualenv/public_html/syscare/3.9/lib/python3.9/site-packages/flask/app.py", line 919, in full_dispatch_request
    rv = self.handle_user_exception(e)
  File "/home/eaglcqjv/virtualenv/public_html/syscare/3.9/lib/python3.9/site-packages/flask/app.py", line 915, in full_dispatch_request
    rv = self.preprocess_request()
  File "/home/eaglcqjv/virtualenv/public_html/syscare/3.9/lib/python3.9/site-packages/flask/app.py", line 1291, in preprocess_request
    rv = self.ensure_sync(before_func)()
  File "/home/eaglcqjv/public_html/syscare/onsite_calls_blueprint.py", line 2138, in onsite_call_media_cleanup
    service.purge_expired_attachments()
  File "/home/eaglcqjv/public_html/syscare/onsite_calls_blueprint.py", line 1354, in purge_expired_attachments
    rows = db_session.execute(
  File "/home/eaglcqjv/virtualenv/public_html/syscare/3.9/lib64/python3.9/site-packages/sqlalchemy/orm/session.py", line 2351, in execute
    return self._execute_internal(
  File "/home/eaglcqjv/virtualenv/public_html/syscare/3.9/lib64/python3.9/site-packages/sqlalchemy/orm/session.py", line 2249, in _execute_internal
    result: Result[Any] = compile_state_cls.orm_execute_statement(
  File "/home/eaglcqjv/virtualenv/public_html/syscare/3.9/lib64/python3.9/site-packages/sqlalchemy/orm/context.py", line 306, in orm_execute_statement
    result = conn.execute(
  File "/home/eaglcqjv/virtualenv/public_html/syscare/3.9/lib64/python3.9/site-packages/sqlalchemy/engine/base.py", line 1419, in execute
    return meth(
  File "/home/eaglcqjv/virtualenv/public_html/syscare/3.9/lib64/python3.9/site-packages/sqlalchemy/sql/elements.py", line 527, in _execute_on_connection
    return connection._execute_clauseelement(
  File "/home/eaglcqjv/virtualenv/public_html/syscare/3.9/lib64/python3.9/site-packages/sqlalchemy/engine/base.py", line 1641, in _execute_clauseelement
    ret = self._execute_context(
  File "/home/eaglcqjv/virtualenv/public_html/syscare/3.9/lib64/python3.9/site-packages/sqlalchemy/engine/base.py", line 1821, in _execute_context
    self._handle_dbapi_exception(
  File "/home/eaglcqjv/virtualenv/public_html/syscare/3.9/lib64/python3.9/site-packages/sqlalchemy/engine/base.py", line 2363, in _handle_dbapi_exception
    raise sqlalchemy_exception.with_traceback(exc_info[2]) from e
  File "/home/eaglcqjv/virtualenv/public_html/syscare/3.9/lib64/python3.9/site-packages/sqlalchemy/engine/base.py", line 1815, in _execute_context
    context = constructor(
  File "/home/eaglcqjv/virtualenv/public_html/syscare/3.9/lib64/python3.9/site-packages/sqlalchemy/engine/default.py", line 1438, in _init_compiled
    self.cursor = self.create_cursor()
  File "/home/eaglcqjv/virtualenv/public_html/syscare/3.9/lib64/python3.9/site-packages/sqlalchemy/engine/default.py", line 1777, in create_cursor
    return self.create_default_cursor()
  File "/home/eaglcqjv/virtualenv/public_html/syscare/3.9/lib64/python3.9/site-packages/sqlalchemy/dialects/mysql/mysqlconnector.py", line 88, in create_default_cursor
    return self._dbapi_connection.cursor(buffered=True)
  File "/home/eaglcqjv/virtualenv/public_html/syscare/3.9/lib64/python3.9/site-packages/sqlalchemy/pool/base.py", line 1494, in cursor
    return self.dbapi_connection.cursor(*args, **kwargs)
  File "/home/eaglcqjv/virtualenv/public_html/syscare/3.9/lib64/python3.9/site-packages/mysql/connector/connection_cext.py", line 841, in cursor
    raise OperationalError("MySQL Connection not available.")
sqlalchemy.exc.OperationalError: (mysql.connector.errors.OperationalError) MySQL Connection not available.
[SQL: SELECT onsite_call_attachments.id, onsite_call_attachments.filename 
FROM onsite_call_attachments INNER JOIN onsite_calls ON onsite_calls.id = onsite_call_attachments.call_id 
WHERE onsite_calls.status IN (__[POSTCOMPILE_status_1]) AND onsite_calls.updated_at <= %(updated_at_1)s]
[parameters: [{}]]
(Background on this error at: https://sqlalche.me/e/20/e3q8)
[2026-04-22 09:15:28,117] WARNING in app: Blocked request with invalid CSRF token to /login
[2026-04-23 00:34:39,640] WARNING in app: Blocked request with invalid CSRF token to /syscare-new
[2026-04-23 01:15:06,463] ERROR in app: Exception on /dashboard/onsite-alert [GET]
Traceback (most recent call last):
  File "/home/eaglcqjv/virtualenv/public_html/syscare/3.9/lib64/python3.9/site-packages/sqlalchemy/engine/base.py", line 1815, in _execute_context
    context = constructor(
  File "/home/eaglcqjv/virtualenv/public_html/syscare/3.9/lib64/python3.9/site-packages/sqlalchemy/engine/default.py", line 1438, in _init_compiled
    self.cursor = self.create_cursor()
  File "/home/eaglcqjv/virtualenv/public_html/syscare/3.9/lib64/python3.9/site-packages/sqlalchemy/engine/default.py", line 1777, in create_cursor
    return self.create_default_cursor()
  File "/home/eaglcqjv/virtualenv/public_html/syscare/3.9/lib64/python3.9/site-packages/sqlalchemy/dialects/mysql/mysqlconnector.py", line 88, in create_default_cursor
    return self._dbapi_connection.cursor(buffered=True)
  File "/home/eaglcqjv/virtualenv/public_html/syscare/3.9/lib64/python3.9/site-packages/sqlalchemy/pool/base.py", line 1494, in cursor
    return self.dbapi_connection.cursor(*args, **kwargs)
  File "/home/eaglcqjv/virtualenv/public_html/syscare/3.9/lib64/python3.9/site-packages/mysql/connector/connection_cext.py", line 841, in cursor
    raise OperationalError("MySQL Connection not available.")
mysql.connector.errors.OperationalError: MySQL Connection not available.

The above exception was the direct cause of the following exception:

Traceback (most recent call last):
  File "/home/eaglcqjv/virtualenv/public_html/syscare/3.9/lib/python3.9/site-packages/flask/app.py", line 1511, in wsgi_app
    response = self.full_dispatch_request()
  File "/home/eaglcqjv/virtualenv/public_html/syscare/3.9/lib/python3.9/site-packages/flask/app.py", line 919, in full_dispatch_request
    rv = self.handle_user_exception(e)
  File "/home/eaglcqjv/virtualenv/public_html/syscare/3.9/lib/python3.9/site-packages/flask/app.py", line 915, in full_dispatch_request
    rv = self.preprocess_request()
  File "/home/eaglcqjv/virtualenv/public_html/syscare/3.9/lib/python3.9/site-packages/flask/app.py", line 1291, in preprocess_request
    rv = self.ensure_sync(before_func)()
  File "/home/eaglcqjv/public_html/syscare/onsite_calls_blueprint.py", line 2138, in onsite_call_media_cleanup
    service.purge_expired_attachments()
  File "/home/eaglcqjv/public_html/syscare/onsite_calls_blueprint.py", line 1354, in purge_expired_attachments
    rows = db_session.execute(
  File "/home/eaglcqjv/virtualenv/public_html/syscare/3.9/lib64/python3.9/site-packages/sqlalchemy/orm/session.py", line 2351, in execute
    return self._execute_internal(
  File "/home/eaglcqjv/virtualenv/public_html/syscare/3.9/lib64/python3.9/site-packages/sqlalchemy/orm/session.py", line 2249, in _execute_internal
    result: Result[Any] = compile_state_cls.orm_execute_statement(
  File "/home/eaglcqjv/virtualenv/public_html/syscare/3.9/lib64/python3.9/site-packages/sqlalchemy/orm/context.py", line 306, in orm_execute_statement
    result = conn.execute(
  File "/home/eaglcqjv/virtualenv/public_html/syscare/3.9/lib64/python3.9/site-packages/sqlalchemy/engine/base.py", line 1419, in execute
    return meth(
  File "/home/eaglcqjv/virtualenv/public_html/syscare/3.9/lib64/python3.9/site-packages/sqlalchemy/sql/elements.py", line 527, in _execute_on_connection
    return connection._execute_clauseelement(
  File "/home/eaglcqjv/virtualenv/public_html/syscare/3.9/lib64/python3.9/site-packages/sqlalchemy/engine/base.py", line 1641, in _execute_clauseelement
    ret = self._execute_context(
  File "/home/eaglcqjv/virtualenv/public_html/syscare/3.9/lib64/python3.9/site-packages/sqlalchemy/engine/base.py", line 1821, in _execute_context
    self._handle_dbapi_exception(
  File "/home/eaglcqjv/virtualenv/public_html/syscare/3.9/lib64/python3.9/site-packages/sqlalchemy/engine/base.py", line 2363, in _handle_dbapi_exception
    raise sqlalchemy_exception.with_traceback(exc_info[2]) from e
  File "/home/eaglcqjv/virtualenv/public_html/syscare/3.9/lib64/python3.9/site-packages/sqlalchemy/engine/base.py", line 1815, in _execute_context
    context = constructor(
  File "/home/eaglcqjv/virtualenv/public_html/syscare/3.9/lib64/python3.9/site-packages/sqlalchemy/engine/default.py", line 1438, in _init_compiled
    self.cursor = self.create_cursor()
  File "/home/eaglcqjv/virtualenv/public_html/syscare/3.9/lib64/python3.9/site-packages/sqlalchemy/engine/default.py", line 1777, in create_cursor
    return self.create_default_cursor()
  File "/home/eaglcqjv/virtualenv/public_html/syscare/3.9/lib64/python3.9/site-packages/sqlalchemy/dialects/mysql/mysqlconnector.py", line 88, in create_default_cursor
    return self._dbapi_connection.cursor(buffered=True)
  File "/home/eaglcqjv/virtualenv/public_html/syscare/3.9/lib64/python3.9/site-packages/sqlalchemy/pool/base.py", line 1494, in cursor
    return self.dbapi_connection.cursor(*args, **kwargs)
  File "/home/eaglcqjv/virtualenv/public_html/syscare/3.9/lib64/python3.9/site-packages/mysql/connector/connection_cext.py", line 841, in cursor
    raise OperationalError("MySQL Connection not available.")
sqlalchemy.exc.OperationalError: (mysql.connector.errors.OperationalError) MySQL Connection not available.
[SQL: SELECT onsite_call_attachments.id, onsite_call_attachments.filename 
FROM onsite_call_attachments INNER JOIN onsite_calls ON onsite_calls.id = onsite_call_attachments.call_id 
WHERE onsite_calls.status IN (__[POSTCOMPILE_status_1]) AND onsite_calls.updated_at <= %(updated_at_1)s]
[parameters: [{}]]
(Background on this error at: https://sqlalche.me/e/20/e3q8)
[2026-04-23 03:59:54,977] ERROR in app: Exception on /dashboard/onsite-alert [GET]
Traceback (most recent call last):
  File "/home/eaglcqjv/virtualenv/public_html/syscare/3.9/lib64/python3.9/site-packages/sqlalchemy/engine/base.py", line 1815, in _execute_context
    context = constructor(
  File "/home/eaglcqjv/virtualenv/public_html/syscare/3.9/lib64/python3.9/site-packages/sqlalchemy/engine/default.py", line 1438, in _init_compiled
    self.cursor = self.create_cursor()
  File "/home/eaglcqjv/virtualenv/public_html/syscare/3.9/lib64/python3.9/site-packages/sqlalchemy/engine/default.py", line 1777, in create_cursor
    return self.create_default_cursor()
  File "/home/eaglcqjv/virtualenv/public_html/syscare/3.9/lib64/python3.9/site-packages/sqlalchemy/dialects/mysql/mysqlconnector.py", line 88, in create_default_cursor
    return self._dbapi_connection.cursor(buffered=True)
  File "/home/eaglcqjv/virtualenv/public_html/syscare/3.9/lib64/python3.9/site-packages/sqlalchemy/pool/base.py", line 1494, in cursor
    return self.dbapi_connection.cursor(*args, **kwargs)
  File "/home/eaglcqjv/virtualenv/public_html/syscare/3.9/lib64/python3.9/site-packages/mysql/connector/connection_cext.py", line 841, in cursor
    raise OperationalError("MySQL Connection not available.")
mysql.connector.errors.OperationalError: MySQL Connection not available.

The above exception was the direct cause of the following exception:

Traceback (most recent call last):
  File "/home/eaglcqjv/virtualenv/public_html/syscare/3.9/lib/python3.9/site-packages/flask/app.py", line 1511, in wsgi_app
    response = self.full_dispatch_request()
  File "/home/eaglcqjv/virtualenv/public_html/syscare/3.9/lib/python3.9/site-packages/flask/app.py", line 919, in full_dispatch_request
    rv = self.handle_user_exception(e)
  File "/home/eaglcqjv/virtualenv/public_html/syscare/3.9/lib/python3.9/site-packages/flask/app.py", line 915, in full_dispatch_request
    rv = self.preprocess_request()
  File "/home/eaglcqjv/virtualenv/public_html/syscare/3.9/lib/python3.9/site-packages/flask/app.py", line 1291, in preprocess_request
    rv = self.ensure_sync(before_func)()
  File "/home/eaglcqjv/public_html/syscare/onsite_calls_blueprint.py", line 2138, in onsite_call_media_cleanup
    service.purge_expired_attachments()
  File "/home/eaglcqjv/public_html/syscare/onsite_calls_blueprint.py", line 1354, in purge_expired_attachments
    rows = db_session.execute(
  File "/home/eaglcqjv/virtualenv/public_html/syscare/3.9/lib64/python3.9/site-packages/sqlalchemy/orm/session.py", line 2351, in execute
    return self._execute_internal(
  File "/home/eaglcqjv/virtualenv/public_html/syscare/3.9/lib64/python3.9/site-packages/sqlalchemy/orm/session.py", line 2249, in _execute_internal
    result: Result[Any] = compile_state_cls.orm_execute_statement(
  File "/home/eaglcqjv/virtualenv/public_html/syscare/3.9/lib64/python3.9/site-packages/sqlalchemy/orm/context.py", line 306, in orm_execute_statement
    result = conn.execute(
  File "/home/eaglcqjv/virtualenv/public_html/syscare/3.9/lib64/python3.9/site-packages/sqlalchemy/engine/base.py", line 1419, in execute
    return meth(
  File "/home/eaglcqjv/virtualenv/public_html/syscare/3.9/lib64/python3.9/site-packages/sqlalchemy/sql/elements.py", line 527, in _execute_on_connection
    return connection._execute_clauseelement(
  File "/home/eaglcqjv/virtualenv/public_html/syscare/3.9/lib64/python3.9/site-packages/sqlalchemy/engine/base.py", line 1641, in _execute_clauseelement
    ret = self._execute_context(
  File "/home/eaglcqjv/virtualenv/public_html/syscare/3.9/lib64/python3.9/site-packages/sqlalchemy/engine/base.py", line 1821, in _execute_context
    self._handle_dbapi_exception(
  File "/home/eaglcqjv/virtualenv/public_html/syscare/3.9/lib64/python3.9/site-packages/sqlalchemy/engine/base.py", line 2363, in _handle_dbapi_exception
    raise sqlalchemy_exception.with_traceback(exc_info[2]) from e
  File "/home/eaglcqjv/virtualenv/public_html/syscare/3.9/lib64/python3.9/site-packages/sqlalchemy/engine/base.py", line 1815, in _execute_context
    context = constructor(
  File "/home/eaglcqjv/virtualenv/public_html/syscare/3.9/lib64/python3.9/site-packages/sqlalchemy/engine/default.py", line 1438, in _init_compiled
    self.cursor = self.create_cursor()
  File "/home/eaglcqjv/virtualenv/public_html/syscare/3.9/lib64/python3.9/site-packages/sqlalchemy/engine/default.py", line 1777, in create_cursor
    return self.create_default_cursor()
  File "/home/eaglcqjv/virtualenv/public_html/syscare/3.9/lib64/python3.9/site-packages/sqlalchemy/dialects/mysql/mysqlconnector.py", line 88, in create_default_cursor
    return self._dbapi_connection.cursor(buffered=True)
  File "/home/eaglcqjv/virtualenv/public_html/syscare/3.9/lib64/python3.9/site-packages/sqlalchemy/pool/base.py", line 1494, in cursor
    return self.dbapi_connection.cursor(*args, **kwargs)
  File "/home/eaglcqjv/virtualenv/public_html/syscare/3.9/lib64/python3.9/site-packages/mysql/connector/connection_cext.py", line 841, in cursor
    raise OperationalError("MySQL Connection not available.")
sqlalchemy.exc.OperationalError: (mysql.connector.errors.OperationalError) MySQL Connection not available.
[SQL: SELECT onsite_call_attachments.id, onsite_call_attachments.filename 
FROM onsite_call_attachments INNER JOIN onsite_calls ON onsite_calls.id = onsite_call_attachments.call_id 
WHERE onsite_calls.status IN (__[POSTCOMPILE_status_1]) AND onsite_calls.updated_at <= %(updated_at_1)s]
[parameters: [{}]]
(Background on this error at: https://sqlalche.me/e/20/e3q8)
[2026-04-23 07:00:07,800] ERROR in app: Exception on /dashboard/onsite-alert [GET]
Traceback (most recent call last):
  File "/home/eaglcqjv/virtualenv/public_html/syscare/3.9/lib64/python3.9/site-packages/sqlalchemy/engine/base.py", line 1815, in _execute_context
    context = constructor(
  File "/home/eaglcqjv/virtualenv/public_html/syscare/3.9/lib64/python3.9/site-packages/sqlalchemy/engine/default.py", line 1438, in _init_compiled
    self.cursor = self.create_cursor()
  File "/home/eaglcqjv/virtualenv/public_html/syscare/3.9/lib64/python3.9/site-packages/sqlalchemy/engine/default.py", line 1777, in create_cursor
    return self.create_default_cursor()
  File "/home/eaglcqjv/virtualenv/public_html/syscare/3.9/lib64/python3.9/site-packages/sqlalchemy/dialects/mysql/mysqlconnector.py", line 88, in create_default_cursor
    return self._dbapi_connection.cursor(buffered=True)
  File "/home/eaglcqjv/virtualenv/public_html/syscare/3.9/lib64/python3.9/site-packages/sqlalchemy/pool/base.py", line 1494, in cursor
    return self.dbapi_connection.cursor(*args, **kwargs)
  File "/home/eaglcqjv/virtualenv/public_html/syscare/3.9/lib64/python3.9/site-packages/mysql/connector/connection_cext.py", line 841, in cursor
    raise OperationalError("MySQL Connection not available.")
mysql.connector.errors.OperationalError: MySQL Connection not available.

The above exception was the direct cause of the following exception:

Traceback (most recent call last):
  File "/home/eaglcqjv/virtualenv/public_html/syscare/3.9/lib/python3.9/site-packages/flask/app.py", line 1511, in wsgi_app
    response = self.full_dispatch_request()
  File "/home/eaglcqjv/virtualenv/public_html/syscare/3.9/lib/python3.9/site-packages/flask/app.py", line 919, in full_dispatch_request
    rv = self.handle_user_exception(e)
  File "/home/eaglcqjv/virtualenv/public_html/syscare/3.9/lib/python3.9/site-packages/flask/app.py", line 915, in full_dispatch_request
    rv = self.preprocess_request()
  File "/home/eaglcqjv/virtualenv/public_html/syscare/3.9/lib/python3.9/site-packages/flask/app.py", line 1291, in preprocess_request
    rv = self.ensure_sync(before_func)()
  File "/home/eaglcqjv/public_html/syscare/onsite_calls_blueprint.py", line 2138, in onsite_call_media_cleanup
    service.purge_expired_attachments()
  File "/home/eaglcqjv/public_html/syscare/onsite_calls_blueprint.py", line 1354, in purge_expired_attachments
    rows = db_session.execute(
  File "/home/eaglcqjv/virtualenv/public_html/syscare/3.9/lib64/python3.9/site-packages/sqlalchemy/orm/session.py", line 2351, in execute
    return self._execute_internal(
  File "/home/eaglcqjv/virtualenv/public_html/syscare/3.9/lib64/python3.9/site-packages/sqlalchemy/orm/session.py", line 2249, in _execute_internal
    result: Result[Any] = compile_state_cls.orm_execute_statement(
  File "/home/eaglcqjv/virtualenv/public_html/syscare/3.9/lib64/python3.9/site-packages/sqlalchemy/orm/context.py", line 306, in orm_execute_statement
    result = conn.execute(
  File "/home/eaglcqjv/virtualenv/public_html/syscare/3.9/lib64/python3.9/site-packages/sqlalchemy/engine/base.py", line 1419, in execute
    return meth(
  File "/home/eaglcqjv/virtualenv/public_html/syscare/3.9/lib64/python3.9/site-packages/sqlalchemy/sql/elements.py", line 527, in _execute_on_connection
    return connection._execute_clauseelement(
  File "/home/eaglcqjv/virtualenv/public_html/syscare/3.9/lib64/python3.9/site-packages/sqlalchemy/engine/base.py", line 1641, in _execute_clauseelement
    ret = self._execute_context(
  File "/home/eaglcqjv/virtualenv/public_html/syscare/3.9/lib64/python3.9/site-packages/sqlalchemy/engine/base.py", line 1821, in _execute_context
    self._handle_dbapi_exception(
  File "/home/eaglcqjv/virtualenv/public_html/syscare/3.9/lib64/python3.9/site-packages/sqlalchemy/engine/base.py", line 2363, in _handle_dbapi_exception
    raise sqlalchemy_exception.with_traceback(exc_info[2]) from e
  File "/home/eaglcqjv/virtualenv/public_html/syscare/3.9/lib64/python3.9/site-packages/sqlalchemy/engine/base.py", line 1815, in _execute_context
    context = constructor(
  File "/home/eaglcqjv/virtualenv/public_html/syscare/3.9/lib64/python3.9/site-packages/sqlalchemy/engine/default.py", line 1438, in _init_compiled
    self.cursor = self.create_cursor()
  File "/home/eaglcqjv/virtualenv/public_html/syscare/3.9/lib64/python3.9/site-packages/sqlalchemy/engine/default.py", line 1777, in create_cursor
    return self.create_default_cursor()
  File "/home/eaglcqjv/virtualenv/public_html/syscare/3.9/lib64/python3.9/site-packages/sqlalchemy/dialects/mysql/mysqlconnector.py", line 88, in create_default_cursor
    return self._dbapi_connection.cursor(buffered=True)
  File "/home/eaglcqjv/virtualenv/public_html/syscare/3.9/lib64/python3.9/site-packages/sqlalchemy/pool/base.py", line 1494, in cursor
    return self.dbapi_connection.cursor(*args, **kwargs)
  File "/home/eaglcqjv/virtualenv/public_html/syscare/3.9/lib64/python3.9/site-packages/mysql/connector/connection_cext.py", line 841, in cursor
    raise OperationalError("MySQL Connection not available.")
sqlalchemy.exc.OperationalError: (mysql.connector.errors.OperationalError) MySQL Connection not available.
[SQL: SELECT onsite_call_attachments.id, onsite_call_attachments.filename 
FROM onsite_call_attachments INNER JOIN onsite_calls ON onsite_calls.id = onsite_call_attachments.call_id 
WHERE onsite_calls.status IN (__[POSTCOMPILE_status_1]) AND onsite_calls.updated_at <= %(updated_at_1)s]
[parameters: [{}]]
(Background on this error at: https://sqlalche.me/e/20/e3q8)
[2026-04-23 08:41:43,757] WARNING in app: Blocked request with invalid CSRF token to /login
[2026-04-23 09:15:06,408] ERROR in app: Exception on /dashboard/onsite-alert [GET]
Traceback (most recent call last):
  File "/home/eaglcqjv/virtualenv/public_html/syscare/3.9/lib64/python3.9/site-packages/sqlalchemy/engine/base.py", line 1815, in _execute_context
    context = constructor(
  File "/home/eaglcqjv/virtualenv/public_html/syscare/3.9/lib64/python3.9/site-packages/sqlalchemy/engine/default.py", line 1438, in _init_compiled
    self.cursor = self.create_cursor()
  File "/home/eaglcqjv/virtualenv/public_html/syscare/3.9/lib64/python3.9/site-packages/sqlalchemy/engine/default.py", line 1777, in create_cursor
    return self.create_default_cursor()
  File "/home/eaglcqjv/virtualenv/public_html/syscare/3.9/lib64/python3.9/site-packages/sqlalchemy/dialects/mysql/mysqlconnector.py", line 88, in create_default_cursor
    return self._dbapi_connection.cursor(buffered=True)
  File "/home/eaglcqjv/virtualenv/public_html/syscare/3.9/lib64/python3.9/site-packages/sqlalchemy/pool/base.py", line 1494, in cursor
    return self.dbapi_connection.cursor(*args, **kwargs)
  File "/home/eaglcqjv/virtualenv/public_html/syscare/3.9/lib64/python3.9/site-packages/mysql/connector/connection_cext.py", line 841, in cursor
    raise OperationalError("MySQL Connection not available.")
mysql.connector.errors.OperationalError: MySQL Connection not available.

The above exception was the direct cause of the following exception:

Traceback (most recent call last):
  File "/home/eaglcqjv/virtualenv/public_html/syscare/3.9/lib/python3.9/site-packages/flask/app.py", line 1511, in wsgi_app
    response = self.full_dispatch_request()
  File "/home/eaglcqjv/virtualenv/public_html/syscare/3.9/lib/python3.9/site-packages/flask/app.py", line 919, in full_dispatch_request
    rv = self.handle_user_exception(e)
  File "/home/eaglcqjv/virtualenv/public_html/syscare/3.9/lib/python3.9/site-packages/flask/app.py", line 915, in full_dispatch_request
    rv = self.preprocess_request()
  File "/home/eaglcqjv/virtualenv/public_html/syscare/3.9/lib/python3.9/site-packages/flask/app.py", line 1291, in preprocess_request
    rv = self.ensure_sync(before_func)()
  File "/home/eaglcqjv/public_html/syscare/onsite_calls_blueprint.py", line 2138, in onsite_call_media_cleanup
    service.purge_expired_attachments()
  File "/home/eaglcqjv/public_html/syscare/onsite_calls_blueprint.py", line 1354, in purge_expired_attachments
    rows = db_session.execute(
  File "/home/eaglcqjv/virtualenv/public_html/syscare/3.9/lib64/python3.9/site-packages/sqlalchemy/orm/session.py", line 2351, in execute
    return self._execute_internal(
  File "/home/eaglcqjv/virtualenv/public_html/syscare/3.9/lib64/python3.9/site-packages/sqlalchemy/orm/session.py", line 2249, in _execute_internal
    result: Result[Any] = compile_state_cls.orm_execute_statement(
  File "/home/eaglcqjv/virtualenv/public_html/syscare/3.9/lib64/python3.9/site-packages/sqlalchemy/orm/context.py", line 306, in orm_execute_statement
    result = conn.execute(
  File "/home/eaglcqjv/virtualenv/public_html/syscare/3.9/lib64/python3.9/site-packages/sqlalchemy/engine/base.py", line 1419, in execute
    return meth(
  File "/home/eaglcqjv/virtualenv/public_html/syscare/3.9/lib64/python3.9/site-packages/sqlalchemy/sql/elements.py", line 527, in _execute_on_connection
    return connection._execute_clauseelement(
  File "/home/eaglcqjv/virtualenv/public_html/syscare/3.9/lib64/python3.9/site-packages/sqlalchemy/engine/base.py", line 1641, in _execute_clauseelement
    ret = self._execute_context(
  File "/home/eaglcqjv/virtualenv/public_html/syscare/3.9/lib64/python3.9/site-packages/sqlalchemy/engine/base.py", line 1821, in _execute_context
    self._handle_dbapi_exception(
  File "/home/eaglcqjv/virtualenv/public_html/syscare/3.9/lib64/python3.9/site-packages/sqlalchemy/engine/base.py", line 2363, in _handle_dbapi_exception
    raise sqlalchemy_exception.with_traceback(exc_info[2]) from e
  File "/home/eaglcqjv/virtualenv/public_html/syscare/3.9/lib64/python3.9/site-packages/sqlalchemy/engine/base.py", line 1815, in _execute_context
    context = constructor(
  File "/home/eaglcqjv/virtualenv/public_html/syscare/3.9/lib64/python3.9/site-packages/sqlalchemy/engine/default.py", line 1438, in _init_compiled
    self.cursor = self.create_cursor()
  File "/home/eaglcqjv/virtualenv/public_html/syscare/3.9/lib64/python3.9/site-packages/sqlalchemy/engine/default.py", line 1777, in create_cursor
    return self.create_default_cursor()
  File "/home/eaglcqjv/virtualenv/public_html/syscare/3.9/lib64/python3.9/site-packages/sqlalchemy/dialects/mysql/mysqlconnector.py", line 88, in create_default_cursor
    return self._dbapi_connection.cursor(buffered=True)
  File "/home/eaglcqjv/virtualenv/public_html/syscare/3.9/lib64/python3.9/site-packages/sqlalchemy/pool/base.py", line 1494, in cursor
    return self.dbapi_connection.cursor(*args, **kwargs)
  File "/home/eaglcqjv/virtualenv/public_html/syscare/3.9/lib64/python3.9/site-packages/mysql/connector/connection_cext.py", line 841, in cursor
    raise OperationalError("MySQL Connection not available.")
sqlalchemy.exc.OperationalError: (mysql.connector.errors.OperationalError) MySQL Connection not available.
[SQL: SELECT onsite_call_attachments.id, onsite_call_attachments.filename 
FROM onsite_call_attachments INNER JOIN onsite_calls ON onsite_calls.id = onsite_call_attachments.call_id 
WHERE onsite_calls.status IN (__[POSTCOMPILE_status_1]) AND onsite_calls.updated_at <= %(updated_at_1)s]
[parameters: [{}]]
(Background on this error at: https://sqlalche.me/e/20/e3q8)
[2026-04-23 09:18:23,430] WARNING in app: Blocked request with invalid CSRF token to /login
[2026-04-23 09:18:30,731] WARNING in app: Blocked request with invalid CSRF token to /login
[2026-04-23 09:18:41,627] WARNING in app: Blocked request with invalid CSRF token to /login
[2026-04-23 09:28:12,480] WARNING in app: Blocked request with invalid CSRF token to /login
[2026-04-23 13:12:56,491] WARNING in app: Blocked request with invalid CSRF token to /login
[2026-04-24 00:48:54,455] WARNING in app: Blocked request with invalid CSRF token to /login
[2026-04-24 00:53:19,531] WARNING in app: Blocked request with invalid CSRF token to /login
[2026-04-24 01:40:32,223] WARNING in app: Blocked request with invalid CSRF token to /login
[2026-04-24 02:30:05,087] ERROR in app: Exception on /dashboard/onsite-alert [GET]
Traceback (most recent call last):
  File "/home/eaglcqjv/virtualenv/public_html/syscare/3.9/lib64/python3.9/site-packages/sqlalchemy/engine/base.py", line 1815, in _execute_context
    context = constructor(
  File "/home/eaglcqjv/virtualenv/public_html/syscare/3.9/lib64/python3.9/site-packages/sqlalchemy/engine/default.py", line 1438, in _init_compiled
    self.cursor = self.create_cursor()
  File "/home/eaglcqjv/virtualenv/public_html/syscare/3.9/lib64/python3.9/site-packages/sqlalchemy/engine/default.py", line 1777, in create_cursor
    return self.create_default_cursor()
  File "/home/eaglcqjv/virtualenv/public_html/syscare/3.9/lib64/python3.9/site-packages/sqlalchemy/dialects/mysql/mysqlconnector.py", line 88, in create_default_cursor
    return self._dbapi_connection.cursor(buffered=True)
  File "/home/eaglcqjv/virtualenv/public_html/syscare/3.9/lib64/python3.9/site-packages/sqlalchemy/pool/base.py", line 1494, in cursor
    return self.dbapi_connection.cursor(*args, **kwargs)
  File "/home/eaglcqjv/virtualenv/public_html/syscare/3.9/lib64/python3.9/site-packages/mysql/connector/connection_cext.py", line 841, in cursor
    raise OperationalError("MySQL Connection not available.")
mysql.connector.errors.OperationalError: MySQL Connection not available.

The above exception was the direct cause of the following exception:

Traceback (most recent call last):
  File "/home/eaglcqjv/virtualenv/public_html/syscare/3.9/lib/python3.9/site-packages/flask/app.py", line 1511, in wsgi_app
    response = self.full_dispatch_request()
  File "/home/eaglcqjv/virtualenv/public_html/syscare/3.9/lib/python3.9/site-packages/flask/app.py", line 919, in full_dispatch_request
    rv = self.handle_user_exception(e)
  File "/home/eaglcqjv/virtualenv/public_html/syscare/3.9/lib/python3.9/site-packages/flask/app.py", line 915, in full_dispatch_request
    rv = self.preprocess_request()
  File "/home/eaglcqjv/virtualenv/public_html/syscare/3.9/lib/python3.9/site-packages/flask/app.py", line 1291, in preprocess_request
    rv = self.ensure_sync(before_func)()
  File "/home/eaglcqjv/public_html/syscare/onsite_calls_blueprint.py", line 2138, in onsite_call_media_cleanup
    service.purge_expired_attachments()
  File "/home/eaglcqjv/public_html/syscare/onsite_calls_blueprint.py", line 1354, in purge_expired_attachments
    rows = db_session.execute(
  File "/home/eaglcqjv/virtualenv/public_html/syscare/3.9/lib64/python3.9/site-packages/sqlalchemy/orm/session.py", line 2351, in execute
    return self._execute_internal(
  File "/home/eaglcqjv/virtualenv/public_html/syscare/3.9/lib64/python3.9/site-packages/sqlalchemy/orm/session.py", line 2249, in _execute_internal
    result: Result[Any] = compile_state_cls.orm_execute_statement(
  File "/home/eaglcqjv/virtualenv/public_html/syscare/3.9/lib64/python3.9/site-packages/sqlalchemy/orm/context.py", line 306, in orm_execute_statement
    result = conn.execute(
  File "/home/eaglcqjv/virtualenv/public_html/syscare/3.9/lib64/python3.9/site-packages/sqlalchemy/engine/base.py", line 1419, in execute
    return meth(
  File "/home/eaglcqjv/virtualenv/public_html/syscare/3.9/lib64/python3.9/site-packages/sqlalchemy/sql/elements.py", line 527, in _execute_on_connection
    return connection._execute_clauseelement(
  File "/home/eaglcqjv/virtualenv/public_html/syscare/3.9/lib64/python3.9/site-packages/sqlalchemy/engine/base.py", line 1641, in _execute_clauseelement
    ret = self._execute_context(
  File "/home/eaglcqjv/virtualenv/public_html/syscare/3.9/lib64/python3.9/site-packages/sqlalchemy/engine/base.py", line 1821, in _execute_context
    self._handle_dbapi_exception(
  File "/home/eaglcqjv/virtualenv/public_html/syscare/3.9/lib64/python3.9/site-packages/sqlalchemy/engine/base.py", line 2363, in _handle_dbapi_exception
    raise sqlalchemy_exception.with_traceback(exc_info[2]) from e
  File "/home/eaglcqjv/virtualenv/public_html/syscare/3.9/lib64/python3.9/site-packages/sqlalchemy/engine/base.py", line 1815, in _execute_context
    context = constructor(
  File "/home/eaglcqjv/virtualenv/public_html/syscare/3.9/lib64/python3.9/site-packages/sqlalchemy/engine/default.py", line 1438, in _init_compiled
    self.cursor = self.create_cursor()
  File "/home/eaglcqjv/virtualenv/public_html/syscare/3.9/lib64/python3.9/site-packages/sqlalchemy/engine/default.py", line 1777, in create_cursor
    return self.create_default_cursor()
  File "/home/eaglcqjv/virtualenv/public_html/syscare/3.9/lib64/python3.9/site-packages/sqlalchemy/dialects/mysql/mysqlconnector.py", line 88, in create_default_cursor
    return self._dbapi_connection.cursor(buffered=True)
  File "/home/eaglcqjv/virtualenv/public_html/syscare/3.9/lib64/python3.9/site-packages/sqlalchemy/pool/base.py", line 1494, in cursor
    return self.dbapi_connection.cursor(*args, **kwargs)
  File "/home/eaglcqjv/virtualenv/public_html/syscare/3.9/lib64/python3.9/site-packages/mysql/connector/connection_cext.py", line 841, in cursor
    raise OperationalError("MySQL Connection not available.")
sqlalchemy.exc.OperationalError: (mysql.connector.errors.OperationalError) MySQL Connection not available.
[SQL: SELECT onsite_call_attachments.id, onsite_call_attachments.filename 
FROM onsite_call_attachments INNER JOIN onsite_calls ON onsite_calls.id = onsite_call_attachments.call_id 
WHERE onsite_calls.status IN (__[POSTCOMPILE_status_1]) AND onsite_calls.updated_at <= %(updated_at_1)s]
[parameters: [{}]]
(Background on this error at: https://sqlalche.me/e/20/e3q8)
[2026-04-24 04:00:58,933] ERROR in app: Exception on /dashboard/onsite-alert [GET]
Traceback (most recent call last):
  File "/home/eaglcqjv/virtualenv/public_html/syscare/3.9/lib64/python3.9/site-packages/sqlalchemy/engine/base.py", line 1815, in _execute_context
    context = constructor(
  File "/home/eaglcqjv/virtualenv/public_html/syscare/3.9/lib64/python3.9/site-packages/sqlalchemy/engine/default.py", line 1438, in _init_compiled
    self.cursor = self.create_cursor()
  File "/home/eaglcqjv/virtualenv/public_html/syscare/3.9/lib64/python3.9/site-packages/sqlalchemy/engine/default.py", line 1777, in create_cursor
    return self.create_default_cursor()
  File "/home/eaglcqjv/virtualenv/public_html/syscare/3.9/lib64/python3.9/site-packages/sqlalchemy/dialects/mysql/mysqlconnector.py", line 88, in create_default_cursor
    return self._dbapi_connection.cursor(buffered=True)
  File "/home/eaglcqjv/virtualenv/public_html/syscare/3.9/lib64/python3.9/site-packages/sqlalchemy/pool/base.py", line 1494, in cursor
    return self.dbapi_connection.cursor(*args, **kwargs)
  File "/home/eaglcqjv/virtualenv/public_html/syscare/3.9/lib64/python3.9/site-packages/mysql/connector/connection_cext.py", line 841, in cursor
    raise OperationalError("MySQL Connection not available.")
mysql.connector.errors.OperationalError: MySQL Connection not available.

The above exception was the direct cause of the following exception:

Traceback (most recent call last):
  File "/home/eaglcqjv/virtualenv/public_html/syscare/3.9/lib/python3.9/site-packages/flask/app.py", line 1511, in wsgi_app
    response = self.full_dispatch_request()
  File "/home/eaglcqjv/virtualenv/public_html/syscare/3.9/lib/python3.9/site-packages/flask/app.py", line 919, in full_dispatch_request
    rv = self.handle_user_exception(e)
  File "/home/eaglcqjv/virtualenv/public_html/syscare/3.9/lib/python3.9/site-packages/flask/app.py", line 915, in full_dispatch_request
    rv = self.preprocess_request()
  File "/home/eaglcqjv/virtualenv/public_html/syscare/3.9/lib/python3.9/site-packages/flask/app.py", line 1291, in preprocess_request
    rv = self.ensure_sync(before_func)()
  File "/home/eaglcqjv/public_html/syscare/onsite_calls_blueprint.py", line 2138, in onsite_call_media_cleanup
    service.purge_expired_attachments()
  File "/home/eaglcqjv/public_html/syscare/onsite_calls_blueprint.py", line 1354, in purge_expired_attachments
    rows = db_session.execute(
  File "/home/eaglcqjv/virtualenv/public_html/syscare/3.9/lib64/python3.9/site-packages/sqlalchemy/orm/session.py", line 2351, in execute
    return self._execute_internal(
  File "/home/eaglcqjv/virtualenv/public_html/syscare/3.9/lib64/python3.9/site-packages/sqlalchemy/orm/session.py", line 2249, in _execute_internal
    result: Result[Any] = compile_state_cls.orm_execute_statement(
  File "/home/eaglcqjv/virtualenv/public_html/syscare/3.9/lib64/python3.9/site-packages/sqlalchemy/orm/context.py", line 306, in orm_execute_statement
    result = conn.execute(
  File "/home/eaglcqjv/virtualenv/public_html/syscare/3.9/lib64/python3.9/site-packages/sqlalchemy/engine/base.py", line 1419, in execute
    return meth(
  File "/home/eaglcqjv/virtualenv/public_html/syscare/3.9/lib64/python3.9/site-packages/sqlalchemy/sql/elements.py", line 527, in _execute_on_connection
    return connection._execute_clauseelement(
  File "/home/eaglcqjv/virtualenv/public_html/syscare/3.9/lib64/python3.9/site-packages/sqlalchemy/engine/base.py", line 1641, in _execute_clauseelement
    ret = self._execute_context(
  File "/home/eaglcqjv/virtualenv/public_html/syscare/3.9/lib64/python3.9/site-packages/sqlalchemy/engine/base.py", line 1821, in _execute_context
    self._handle_dbapi_exception(
  File "/home/eaglcqjv/virtualenv/public_html/syscare/3.9/lib64/python3.9/site-packages/sqlalchemy/engine/base.py", line 2363, in _handle_dbapi_exception
    raise sqlalchemy_exception.with_traceback(exc_info[2]) from e
  File "/home/eaglcqjv/virtualenv/public_html/syscare/3.9/lib64/python3.9/site-packages/sqlalchemy/engine/base.py", line 1815, in _execute_context
    context = constructor(
  File "/home/eaglcqjv/virtualenv/public_html/syscare/3.9/lib64/python3.9/site-packages/sqlalchemy/engine/default.py", line 1438, in _init_compiled
    self.cursor = self.create_cursor()
  File "/home/eaglcqjv/virtualenv/public_html/syscare/3.9/lib64/python3.9/site-packages/sqlalchemy/engine/default.py", line 1777, in create_cursor
    return self.create_default_cursor()
  File "/home/eaglcqjv/virtualenv/public_html/syscare/3.9/lib64/python3.9/site-packages/sqlalchemy/dialects/mysql/mysqlconnector.py", line 88, in create_default_cursor
    return self._dbapi_connection.cursor(buffered=True)
  File "/home/eaglcqjv/virtualenv/public_html/syscare/3.9/lib64/python3.9/site-packages/sqlalchemy/pool/base.py", line 1494, in cursor
    return self.dbapi_connection.cursor(*args, **kwargs)
  File "/home/eaglcqjv/virtualenv/public_html/syscare/3.9/lib64/python3.9/site-packages/mysql/connector/connection_cext.py", line 841, in cursor
    raise OperationalError("MySQL Connection not available.")
sqlalchemy.exc.OperationalError: (mysql.connector.errors.OperationalError) MySQL Connection not available.
[SQL: SELECT onsite_call_attachments.id, onsite_call_attachments.filename 
FROM onsite_call_attachments INNER JOIN onsite_calls ON onsite_calls.id = onsite_call_attachments.call_id 
WHERE onsite_calls.status IN (__[POSTCOMPILE_status_1]) AND onsite_calls.updated_at <= %(updated_at_1)s]
[parameters: [{}]]
(Background on this error at: https://sqlalche.me/e/20/e3q8)
[2026-04-24 04:02:30,678] WARNING in app: Blocked request with invalid CSRF token to /api/onsite-call/create-public
[2026-04-24 04:39:10,676] ERROR in app: Exception on /dashboard/onsite-alert [GET]
Traceback (most recent call last):
  File "/home/eaglcqjv/virtualenv/public_html/syscare/3.9/lib64/python3.9/site-packages/sqlalchemy/engine/base.py", line 1815, in _execute_context
    context = constructor(
  File "/home/eaglcqjv/virtualenv/public_html/syscare/3.9/lib64/python3.9/site-packages/sqlalchemy/engine/default.py", line 1438, in _init_compiled
    self.cursor = self.create_cursor()
  File "/home/eaglcqjv/virtualenv/public_html/syscare/3.9/lib64/python3.9/site-packages/sqlalchemy/engine/default.py", line 1777, in create_cursor
    return self.create_default_cursor()
  File "/home/eaglcqjv/virtualenv/public_html/syscare/3.9/lib64/python3.9/site-packages/sqlalchemy/dialects/mysql/mysqlconnector.py", line 88, in create_default_cursor
    return self._dbapi_connection.cursor(buffered=True)
  File "/home/eaglcqjv/virtualenv/public_html/syscare/3.9/lib64/python3.9/site-packages/sqlalchemy/pool/base.py", line 1494, in cursor
    return self.dbapi_connection.cursor(*args, **kwargs)
  File "/home/eaglcqjv/virtualenv/public_html/syscare/3.9/lib64/python3.9/site-packages/mysql/connector/connection_cext.py", line 841, in cursor
    raise OperationalError("MySQL Connection not available.")
mysql.connector.errors.OperationalError: MySQL Connection not available.

The above exception was the direct cause of the following exception:

Traceback (most recent call last):
  File "/home/eaglcqjv/virtualenv/public_html/syscare/3.9/lib/python3.9/site-packages/flask/app.py", line 1511, in wsgi_app
    response = self.full_dispatch_request()
  File "/home/eaglcqjv/virtualenv/public_html/syscare/3.9/lib/python3.9/site-packages/flask/app.py", line 919, in full_dispatch_request
    rv = self.handle_user_exception(e)
  File "/home/eaglcqjv/virtualenv/public_html/syscare/3.9/lib/python3.9/site-packages/flask/app.py", line 915, in full_dispatch_request
    rv = self.preprocess_request()
  File "/home/eaglcqjv/virtualenv/public_html/syscare/3.9/lib/python3.9/site-packages/flask/app.py", line 1291, in preprocess_request
    rv = self.ensure_sync(before_func)()
  File "/home/eaglcqjv/public_html/syscare/onsite_calls_blueprint.py", line 2138, in onsite_call_media_cleanup
    service.purge_expired_attachments()
  File "/home/eaglcqjv/public_html/syscare/onsite_calls_blueprint.py", line 1354, in purge_expired_attachments
    rows = db_session.execute(
  File "/home/eaglcqjv/virtualenv/public_html/syscare/3.9/lib64/python3.9/site-packages/sqlalchemy/orm/session.py", line 2351, in execute
    return self._execute_internal(
  File "/home/eaglcqjv/virtualenv/public_html/syscare/3.9/lib64/python3.9/site-packages/sqlalchemy/orm/session.py", line 2249, in _execute_internal
    result: Result[Any] = compile_state_cls.orm_execute_statement(
  File "/home/eaglcqjv/virtualenv/public_html/syscare/3.9/lib64/python3.9/site-packages/sqlalchemy/orm/context.py", line 306, in orm_execute_statement
    result = conn.execute(
  File "/home/eaglcqjv/virtualenv/public_html/syscare/3.9/lib64/python3.9/site-packages/sqlalchemy/engine/base.py", line 1419, in execute
    return meth(
  File "/home/eaglcqjv/virtualenv/public_html/syscare/3.9/lib64/python3.9/site-packages/sqlalchemy/sql/elements.py", line 527, in _execute_on_connection
    return connection._execute_clauseelement(
  File "/home/eaglcqjv/virtualenv/public_html/syscare/3.9/lib64/python3.9/site-packages/sqlalchemy/engine/base.py", line 1641, in _execute_clauseelement
    ret = self._execute_context(
  File "/home/eaglcqjv/virtualenv/public_html/syscare/3.9/lib64/python3.9/site-packages/sqlalchemy/engine/base.py", line 1821, in _execute_context
    self._handle_dbapi_exception(
  File "/home/eaglcqjv/virtualenv/public_html/syscare/3.9/lib64/python3.9/site-packages/sqlalchemy/engine/base.py", line 2363, in _handle_dbapi_exception
    raise sqlalchemy_exception.with_traceback(exc_info[2]) from e
  File "/home/eaglcqjv/virtualenv/public_html/syscare/3.9/lib64/python3.9/site-packages/sqlalchemy/engine/base.py", line 1815, in _execute_context
    context = constructor(
  File "/home/eaglcqjv/virtualenv/public_html/syscare/3.9/lib64/python3.9/site-packages/sqlalchemy/engine/default.py", line 1438, in _init_compiled
    self.cursor = self.create_cursor()
  File "/home/eaglcqjv/virtualenv/public_html/syscare/3.9/lib64/python3.9/site-packages/sqlalchemy/engine/default.py", line 1777, in create_cursor
    return self.create_default_cursor()
  File "/home/eaglcqjv/virtualenv/public_html/syscare/3.9/lib64/python3.9/site-packages/sqlalchemy/dialects/mysql/mysqlconnector.py", line 88, in create_default_cursor
    return self._dbapi_connection.cursor(buffered=True)
  File "/home/eaglcqjv/virtualenv/public_html/syscare/3.9/lib64/python3.9/site-packages/sqlalchemy/pool/base.py", line 1494, in cursor
    return self.dbapi_connection.cursor(*args, **kwargs)
  File "/home/eaglcqjv/virtualenv/public_html/syscare/3.9/lib64/python3.9/site-packages/mysql/connector/connection_cext.py", line 841, in cursor
    raise OperationalError("MySQL Connection not available.")
sqlalchemy.exc.OperationalError: (mysql.connector.errors.OperationalError) MySQL Connection not available.
[SQL: SELECT onsite_call_attachments.id, onsite_call_attachments.filename 
FROM onsite_call_attachments INNER JOIN onsite_calls ON onsite_calls.id = onsite_call_attachments.call_id 
WHERE onsite_calls.status IN (__[POSTCOMPILE_status_1]) AND onsite_calls.updated_at <= %(updated_at_1)s]
[parameters: [{}]]
(Background on this error at: https://sqlalche.me/e/20/e3q8)
[2026-04-24 05:00:05,225] ERROR in app: Exception on /dashboard/onsite-alert [GET]
Traceback (most recent call last):
  File "/home/eaglcqjv/virtualenv/public_html/syscare/3.9/lib64/python3.9/site-packages/sqlalchemy/engine/base.py", line 1815, in _execute_context
    context = constructor(
  File "/home/eaglcqjv/virtualenv/public_html/syscare/3.9/lib64/python3.9/site-packages/sqlalchemy/engine/default.py", line 1438, in _init_compiled
    self.cursor = self.create_cursor()
  File "/home/eaglcqjv/virtualenv/public_html/syscare/3.9/lib64/python3.9/site-packages/sqlalchemy/engine/default.py", line 1777, in create_cursor
    return self.create_default_cursor()
  File "/home/eaglcqjv/virtualenv/public_html/syscare/3.9/lib64/python3.9/site-packages/sqlalchemy/dialects/mysql/mysqlconnector.py", line 88, in create_default_cursor
    return self._dbapi_connection.cursor(buffered=True)
  File "/home/eaglcqjv/virtualenv/public_html/syscare/3.9/lib64/python3.9/site-packages/sqlalchemy/pool/base.py", line 1494, in cursor
    return self.dbapi_connection.cursor(*args, **kwargs)
  File "/home/eaglcqjv/virtualenv/public_html/syscare/3.9/lib64/python3.9/site-packages/mysql/connector/connection_cext.py", line 841, in cursor
    raise OperationalError("MySQL Connection not available.")
mysql.connector.errors.OperationalError: MySQL Connection not available.

The above exception was the direct cause of the following exception:

Traceback (most recent call last):
  File "/home/eaglcqjv/virtualenv/public_html/syscare/3.9/lib/python3.9/site-packages/flask/app.py", line 1511, in wsgi_app
    response = self.full_dispatch_request()
  File "/home/eaglcqjv/virtualenv/public_html/syscare/3.9/lib/python3.9/site-packages/flask/app.py", line 919, in full_dispatch_request
    rv = self.handle_user_exception(e)
  File "/home/eaglcqjv/virtualenv/public_html/syscare/3.9/lib/python3.9/site-packages/flask/app.py", line 915, in full_dispatch_request
    rv = self.preprocess_request()
  File "/home/eaglcqjv/virtualenv/public_html/syscare/3.9/lib/python3.9/site-packages/flask/app.py", line 1291, in preprocess_request
    rv = self.ensure_sync(before_func)()
  File "/home/eaglcqjv/public_html/syscare/onsite_calls_blueprint.py", line 2138, in onsite_call_media_cleanup
    service.purge_expired_attachments()
  File "/home/eaglcqjv/public_html/syscare/onsite_calls_blueprint.py", line 1354, in purge_expired_attachments
    rows = db_session.execute(
  File "/home/eaglcqjv/virtualenv/public_html/syscare/3.9/lib64/python3.9/site-packages/sqlalchemy/orm/session.py", line 2351, in execute
    return self._execute_internal(
  File "/home/eaglcqjv/virtualenv/public_html/syscare/3.9/lib64/python3.9/site-packages/sqlalchemy/orm/session.py", line 2249, in _execute_internal
    result: Result[Any] = compile_state_cls.orm_execute_statement(
  File "/home/eaglcqjv/virtualenv/public_html/syscare/3.9/lib64/python3.9/site-packages/sqlalchemy/orm/context.py", line 306, in orm_execute_statement
    result = conn.execute(
  File "/home/eaglcqjv/virtualenv/public_html/syscare/3.9/lib64/python3.9/site-packages/sqlalchemy/engine/base.py", line 1419, in execute
    return meth(
  File "/home/eaglcqjv/virtualenv/public_html/syscare/3.9/lib64/python3.9/site-packages/sqlalchemy/sql/elements.py", line 527, in _execute_on_connection
    return connection._execute_clauseelement(
  File "/home/eaglcqjv/virtualenv/public_html/syscare/3.9/lib64/python3.9/site-packages/sqlalchemy/engine/base.py", line 1641, in _execute_clauseelement
    ret = self._execute_context(
  File "/home/eaglcqjv/virtualenv/public_html/syscare/3.9/lib64/python3.9/site-packages/sqlalchemy/engine/base.py", line 1821, in _execute_context
    self._handle_dbapi_exception(
  File "/home/eaglcqjv/virtualenv/public_html/syscare/3.9/lib64/python3.9/site-packages/sqlalchemy/engine/base.py", line 2363, in _handle_dbapi_exception
    raise sqlalchemy_exception.with_traceback(exc_info[2]) from e
  File "/home/eaglcqjv/virtualenv/public_html/syscare/3.9/lib64/python3.9/site-packages/sqlalchemy/engine/base.py", line 1815, in _execute_context
    context = constructor(
  File "/home/eaglcqjv/virtualenv/public_html/syscare/3.9/lib64/python3.9/site-packages/sqlalchemy/engine/default.py", line 1438, in _init_compiled
    self.cursor = self.create_cursor()
  File "/home/eaglcqjv/virtualenv/public_html/syscare/3.9/lib64/python3.9/site-packages/sqlalchemy/engine/default.py", line 1777, in create_cursor
    return self.create_default_cursor()
  File "/home/eaglcqjv/virtualenv/public_html/syscare/3.9/lib64/python3.9/site-packages/sqlalchemy/dialects/mysql/mysqlconnector.py", line 88, in create_default_cursor
    return self._dbapi_connection.cursor(buffered=True)
  File "/home/eaglcqjv/virtualenv/public_html/syscare/3.9/lib64/python3.9/site-packages/sqlalchemy/pool/base.py", line 1494, in cursor
    return self.dbapi_connection.cursor(*args, **kwargs)
  File "/home/eaglcqjv/virtualenv/public_html/syscare/3.9/lib64/python3.9/site-packages/mysql/connector/connection_cext.py", line 841, in cursor
    raise OperationalError("MySQL Connection not available.")
sqlalchemy.exc.OperationalError: (mysql.connector.errors.OperationalError) MySQL Connection not available.
[SQL: SELECT onsite_call_attachments.id, onsite_call_attachments.filename 
FROM onsite_call_attachments INNER JOIN onsite_calls ON onsite_calls.id = onsite_call_attachments.call_id 
WHERE onsite_calls.status IN (__[POSTCOMPILE_status_1]) AND onsite_calls.updated_at <= %(updated_at_1)s]
[parameters: [{}]]
(Background on this error at: https://sqlalche.me/e/20/e3q8)
[2026-04-24 09:15:07,829] ERROR in app: Exception on /dashboard/onsite-alert [GET]
Traceback (most recent call last):
  File "/home/eaglcqjv/virtualenv/public_html/syscare/3.9/lib64/python3.9/site-packages/sqlalchemy/engine/base.py", line 1815, in _execute_context
    context = constructor(
  File "/home/eaglcqjv/virtualenv/public_html/syscare/3.9/lib64/python3.9/site-packages/sqlalchemy/engine/default.py", line 1438, in _init_compiled
    self.cursor = self.create_cursor()
  File "/home/eaglcqjv/virtualenv/public_html/syscare/3.9/lib64/python3.9/site-packages/sqlalchemy/engine/default.py", line 1777, in create_cursor
    return self.create_default_cursor()
  File "/home/eaglcqjv/virtualenv/public_html/syscare/3.9/lib64/python3.9/site-packages/sqlalchemy/dialects/mysql/mysqlconnector.py", line 88, in create_default_cursor
    return self._dbapi_connection.cursor(buffered=True)
  File "/home/eaglcqjv/virtualenv/public_html/syscare/3.9/lib64/python3.9/site-packages/sqlalchemy/pool/base.py", line 1494, in cursor
    return self.dbapi_connection.cursor(*args, **kwargs)
  File "/home/eaglcqjv/virtualenv/public_html/syscare/3.9/lib64/python3.9/site-packages/mysql/connector/connection_cext.py", line 841, in cursor
    raise OperationalError("MySQL Connection not available.")
mysql.connector.errors.OperationalError: MySQL Connection not available.

The above exception was the direct cause of the following exception:

Traceback (most recent call last):
  File "/home/eaglcqjv/virtualenv/public_html/syscare/3.9/lib/python3.9/site-packages/flask/app.py", line 1511, in wsgi_app
    response = self.full_dispatch_request()
  File "/home/eaglcqjv/virtualenv/public_html/syscare/3.9/lib/python3.9/site-packages/flask/app.py", line 919, in full_dispatch_request
    rv = self.handle_user_exception(e)
  File "/home/eaglcqjv/virtualenv/public_html/syscare/3.9/lib/python3.9/site-packages/flask/app.py", line 915, in full_dispatch_request
    rv = self.preprocess_request()
  File "/home/eaglcqjv/virtualenv/public_html/syscare/3.9/lib/python3.9/site-packages/flask/app.py", line 1291, in preprocess_request
    rv = self.ensure_sync(before_func)()
  File "/home/eaglcqjv/public_html/syscare/onsite_calls_blueprint.py", line 2138, in onsite_call_media_cleanup
    service.purge_expired_attachments()
  File "/home/eaglcqjv/public_html/syscare/onsite_calls_blueprint.py", line 1354, in purge_expired_attachments
    rows = db_session.execute(
  File "/home/eaglcqjv/virtualenv/public_html/syscare/3.9/lib64/python3.9/site-packages/sqlalchemy/orm/session.py", line 2351, in execute
    return self._execute_internal(
  File "/home/eaglcqjv/virtualenv/public_html/syscare/3.9/lib64/python3.9/site-packages/sqlalchemy/orm/session.py", line 2249, in _execute_internal
    result: Result[Any] = compile_state_cls.orm_execute_statement(
  File "/home/eaglcqjv/virtualenv/public_html/syscare/3.9/lib64/python3.9/site-packages/sqlalchemy/orm/context.py", line 306, in orm_execute_statement
    result = conn.execute(
  File "/home/eaglcqjv/virtualenv/public_html/syscare/3.9/lib64/python3.9/site-packages/sqlalchemy/engine/base.py", line 1419, in execute
    return meth(
  File "/home/eaglcqjv/virtualenv/public_html/syscare/3.9/lib64/python3.9/site-packages/sqlalchemy/sql/elements.py", line 527, in _execute_on_connection
    return connection._execute_clauseelement(
  File "/home/eaglcqjv/virtualenv/public_html/syscare/3.9/lib64/python3.9/site-packages/sqlalchemy/engine/base.py", line 1641, in _execute_clauseelement
    ret = self._execute_context(
  File "/home/eaglcqjv/virtualenv/public_html/syscare/3.9/lib64/python3.9/site-packages/sqlalchemy/engine/base.py", line 1821, in _execute_context
    self._handle_dbapi_exception(
  File "/home/eaglcqjv/virtualenv/public_html/syscare/3.9/lib64/python3.9/site-packages/sqlalchemy/engine/base.py", line 2363, in _handle_dbapi_exception
    raise sqlalchemy_exception.with_traceback(exc_info[2]) from e
  File "/home/eaglcqjv/virtualenv/public_html/syscare/3.9/lib64/python3.9/site-packages/sqlalchemy/engine/base.py", line 1815, in _execute_context
    context = constructor(
  File "/home/eaglcqjv/virtualenv/public_html/syscare/3.9/lib64/python3.9/site-packages/sqlalchemy/engine/default.py", line 1438, in _init_compiled
    self.cursor = self.create_cursor()
  File "/home/eaglcqjv/virtualenv/public_html/syscare/3.9/lib64/python3.9/site-packages/sqlalchemy/engine/default.py", line 1777, in create_cursor
    return self.create_default_cursor()
  File "/home/eaglcqjv/virtualenv/public_html/syscare/3.9/lib64/python3.9/site-packages/sqlalchemy/dialects/mysql/mysqlconnector.py", line 88, in create_default_cursor
    return self._dbapi_connection.cursor(buffered=True)
  File "/home/eaglcqjv/virtualenv/public_html/syscare/3.9/lib64/python3.9/site-packages/sqlalchemy/pool/base.py", line 1494, in cursor
    return self.dbapi_connection.cursor(*args, **kwargs)
  File "/home/eaglcqjv/virtualenv/public_html/syscare/3.9/lib64/python3.9/site-packages/mysql/connector/connection_cext.py", line 841, in cursor
    raise OperationalError("MySQL Connection not available.")
sqlalchemy.exc.OperationalError: (mysql.connector.errors.OperationalError) MySQL Connection not available.
[SQL: SELECT onsite_call_attachments.id, onsite_call_attachments.filename 
FROM onsite_call_attachments INNER JOIN onsite_calls ON onsite_calls.id = onsite_call_attachments.call_id 
WHERE onsite_calls.status IN (__[POSTCOMPILE_status_1]) AND onsite_calls.updated_at <= %(updated_at_1)s]
[parameters: [{}]]
(Background on this error at: https://sqlalche.me/e/20/e3q8)
[2026-04-24 11:30:07,075] ERROR in app: Exception on /dashboard/onsite-alert [GET]
Traceback (most recent call last):
  File "/home/eaglcqjv/virtualenv/public_html/syscare/3.9/lib64/python3.9/site-packages/sqlalchemy/engine/base.py", line 1815, in _execute_context
    context = constructor(
  File "/home/eaglcqjv/virtualenv/public_html/syscare/3.9/lib64/python3.9/site-packages/sqlalchemy/engine/default.py", line 1438, in _init_compiled
    self.cursor = self.create_cursor()
  File "/home/eaglcqjv/virtualenv/public_html/syscare/3.9/lib64/python3.9/site-packages/sqlalchemy/engine/default.py", line 1777, in create_cursor
    return self.create_default_cursor()
  File "/home/eaglcqjv/virtualenv/public_html/syscare/3.9/lib64/python3.9/site-packages/sqlalchemy/dialects/mysql/mysqlconnector.py", line 88, in create_default_cursor
    return self._dbapi_connection.cursor(buffered=True)
  File "/home/eaglcqjv/virtualenv/public_html/syscare/3.9/lib64/python3.9/site-packages/sqlalchemy/pool/base.py", line 1494, in cursor
    return self.dbapi_connection.cursor(*args, **kwargs)
  File "/home/eaglcqjv/virtualenv/public_html/syscare/3.9/lib64/python3.9/site-packages/mysql/connector/connection_cext.py", line 841, in cursor
    raise OperationalError("MySQL Connection not available.")
mysql.connector.errors.OperationalError: MySQL Connection not available.

The above exception was the direct cause of the following exception:

Traceback (most recent call last):
  File "/home/eaglcqjv/virtualenv/public_html/syscare/3.9/lib/python3.9/site-packages/flask/app.py", line 1511, in wsgi_app
    response = self.full_dispatch_request()
  File "/home/eaglcqjv/virtualenv/public_html/syscare/3.9/lib/python3.9/site-packages/flask/app.py", line 919, in full_dispatch_request
    rv = self.handle_user_exception(e)
  File "/home/eaglcqjv/virtualenv/public_html/syscare/3.9/lib/python3.9/site-packages/flask/app.py", line 915, in full_dispatch_request
    rv = self.preprocess_request()
  File "/home/eaglcqjv/virtualenv/public_html/syscare/3.9/lib/python3.9/site-packages/flask/app.py", line 1291, in preprocess_request
    rv = self.ensure_sync(before_func)()
  File "/home/eaglcqjv/public_html/syscare/onsite_calls_blueprint.py", line 2138, in onsite_call_media_cleanup
    service.purge_expired_attachments()
  File "/home/eaglcqjv/public_html/syscare/onsite_calls_blueprint.py", line 1354, in purge_expired_attachments
    rows = db_session.execute(
  File "/home/eaglcqjv/virtualenv/public_html/syscare/3.9/lib64/python3.9/site-packages/sqlalchemy/orm/session.py", line 2351, in execute
    return self._execute_internal(
  File "/home/eaglcqjv/virtualenv/public_html/syscare/3.9/lib64/python3.9/site-packages/sqlalchemy/orm/session.py", line 2249, in _execute_internal
    result: Result[Any] = compile_state_cls.orm_execute_statement(
  File "/home/eaglcqjv/virtualenv/public_html/syscare/3.9/lib64/python3.9/site-packages/sqlalchemy/orm/context.py", line 306, in orm_execute_statement
    result = conn.execute(
  File "/home/eaglcqjv/virtualenv/public_html/syscare/3.9/lib64/python3.9/site-packages/sqlalchemy/engine/base.py", line 1419, in execute
    return meth(
  File "/home/eaglcqjv/virtualenv/public_html/syscare/3.9/lib64/python3.9/site-packages/sqlalchemy/sql/elements.py", line 527, in _execute_on_connection
    return connection._execute_clauseelement(
  File "/home/eaglcqjv/virtualenv/public_html/syscare/3.9/lib64/python3.9/site-packages/sqlalchemy/engine/base.py", line 1641, in _execute_clauseelement
    ret = self._execute_context(
  File "/home/eaglcqjv/virtualenv/public_html/syscare/3.9/lib64/python3.9/site-packages/sqlalchemy/engine/base.py", line 1821, in _execute_context
    self._handle_dbapi_exception(
  File "/home/eaglcqjv/virtualenv/public_html/syscare/3.9/lib64/python3.9/site-packages/sqlalchemy/engine/base.py", line 2363, in _handle_dbapi_exception
    raise sqlalchemy_exception.with_traceback(exc_info[2]) from e
  File "/home/eaglcqjv/virtualenv/public_html/syscare/3.9/lib64/python3.9/site-packages/sqlalchemy/engine/base.py", line 1815, in _execute_context
    context = constructor(
  File "/home/eaglcqjv/virtualenv/public_html/syscare/3.9/lib64/python3.9/site-packages/sqlalchemy/engine/default.py", line 1438, in _init_compiled
    self.cursor = self.create_cursor()
  File "/home/eaglcqjv/virtualenv/public_html/syscare/3.9/lib64/python3.9/site-packages/sqlalchemy/engine/default.py", line 1777, in create_cursor
    return self.create_default_cursor()
  File "/home/eaglcqjv/virtualenv/public_html/syscare/3.9/lib64/python3.9/site-packages/sqlalchemy/dialects/mysql/mysqlconnector.py", line 88, in create_default_cursor
    return self._dbapi_connection.cursor(buffered=True)
  File "/home/eaglcqjv/virtualenv/public_html/syscare/3.9/lib64/python3.9/site-packages/sqlalchemy/pool/base.py", line 1494, in cursor
    return self.dbapi_connection.cursor(*args, **kwargs)
  File "/home/eaglcqjv/virtualenv/public_html/syscare/3.9/lib64/python3.9/site-packages/mysql/connector/connection_cext.py", line 841, in cursor
    raise OperationalError("MySQL Connection not available.")
sqlalchemy.exc.OperationalError: (mysql.connector.errors.OperationalError) MySQL Connection not available.
[SQL: SELECT onsite_call_attachments.id, onsite_call_attachments.filename 
FROM onsite_call_attachments INNER JOIN onsite_calls ON onsite_calls.id = onsite_call_attachments.call_id 
WHERE onsite_calls.status IN (__[POSTCOMPILE_status_1]) AND onsite_calls.updated_at <= %(updated_at_1)s]
[parameters: [{}]]
(Background on this error at: https://sqlalche.me/e/20/e3q8)
[2026-04-24 15:00:28,881] WARNING in app: Blocked request with invalid CSRF token to /login
[2026-04-24 23:31:12,135] ERROR in app: Exception on /wp-json/gravitysmtp/v1/tests/mock-data [GET]
Traceback (most recent call last):
  File "/home/eaglcqjv/virtualenv/public_html/syscare/3.9/lib64/python3.9/site-packages/sqlalchemy/engine/base.py", line 1815, in _execute_context
    context = constructor(
  File "/home/eaglcqjv/virtualenv/public_html/syscare/3.9/lib64/python3.9/site-packages/sqlalchemy/engine/default.py", line 1438, in _init_compiled
    self.cursor = self.create_cursor()
  File "/home/eaglcqjv/virtualenv/public_html/syscare/3.9/lib64/python3.9/site-packages/sqlalchemy/engine/default.py", line 1777, in create_cursor
    return self.create_default_cursor()
  File "/home/eaglcqjv/virtualenv/public_html/syscare/3.9/lib64/python3.9/site-packages/sqlalchemy/dialects/mysql/mysqlconnector.py", line 88, in create_default_cursor
    return self._dbapi_connection.cursor(buffered=True)
  File "/home/eaglcqjv/virtualenv/public_html/syscare/3.9/lib64/python3.9/site-packages/sqlalchemy/pool/base.py", line 1494, in cursor
    return self.dbapi_connection.cursor(*args, **kwargs)
  File "/home/eaglcqjv/virtualenv/public_html/syscare/3.9/lib64/python3.9/site-packages/mysql/connector/connection_cext.py", line 841, in cursor
    raise OperationalError("MySQL Connection not available.")
mysql.connector.errors.OperationalError: MySQL Connection not available.

The above exception was the direct cause of the following exception:

Traceback (most recent call last):
  File "/home/eaglcqjv/virtualenv/public_html/syscare/3.9/lib/python3.9/site-packages/flask/app.py", line 1511, in wsgi_app
    response = self.full_dispatch_request()
  File "/home/eaglcqjv/virtualenv/public_html/syscare/3.9/lib/python3.9/site-packages/flask/app.py", line 919, in full_dispatch_request
    rv = self.handle_user_exception(e)
  File "/home/eaglcqjv/virtualenv/public_html/syscare/3.9/lib/python3.9/site-packages/flask/app.py", line 915, in full_dispatch_request
    rv = self.preprocess_request()
  File "/home/eaglcqjv/virtualenv/public_html/syscare/3.9/lib/python3.9/site-packages/flask/app.py", line 1291, in preprocess_request
    rv = self.ensure_sync(before_func)()
  File "/home/eaglcqjv/public_html/syscare/onsite_calls_blueprint.py", line 2138, in onsite_call_media_cleanup
    service.purge_expired_attachments()
  File "/home/eaglcqjv/public_html/syscare/onsite_calls_blueprint.py", line 1354, in purge_expired_attachments
    rows = db_session.execute(
  File "/home/eaglcqjv/virtualenv/public_html/syscare/3.9/lib64/python3.9/site-packages/sqlalchemy/orm/session.py", line 2351, in execute
    return self._execute_internal(
  File "/home/eaglcqjv/virtualenv/public_html/syscare/3.9/lib64/python3.9/site-packages/sqlalchemy/orm/session.py", line 2249, in _execute_internal
    result: Result[Any] = compile_state_cls.orm_execute_statement(
  File "/home/eaglcqjv/virtualenv/public_html/syscare/3.9/lib64/python3.9/site-packages/sqlalchemy/orm/context.py", line 306, in orm_execute_statement
    result = conn.execute(
  File "/home/eaglcqjv/virtualenv/public_html/syscare/3.9/lib64/python3.9/site-packages/sqlalchemy/engine/base.py", line 1419, in execute
    return meth(
  File "/home/eaglcqjv/virtualenv/public_html/syscare/3.9/lib64/python3.9/site-packages/sqlalchemy/sql/elements.py", line 527, in _execute_on_connection
    return connection._execute_clauseelement(
  File "/home/eaglcqjv/virtualenv/public_html/syscare/3.9/lib64/python3.9/site-packages/sqlalchemy/engine/base.py", line 1641, in _execute_clauseelement
    ret = self._execute_context(
  File "/home/eaglcqjv/virtualenv/public_html/syscare/3.9/lib64/python3.9/site-packages/sqlalchemy/engine/base.py", line 1821, in _execute_context
    self._handle_dbapi_exception(
  File "/home/eaglcqjv/virtualenv/public_html/syscare/3.9/lib64/python3.9/site-packages/sqlalchemy/engine/base.py", line 2363, in _handle_dbapi_exception
    raise sqlalchemy_exception.with_traceback(exc_info[2]) from e
  File "/home/eaglcqjv/virtualenv/public_html/syscare/3.9/lib64/python3.9/site-packages/sqlalchemy/engine/base.py", line 1815, in _execute_context
    context = constructor(
  File "/home/eaglcqjv/virtualenv/public_html/syscare/3.9/lib64/python3.9/site-packages/sqlalchemy/engine/default.py", line 1438, in _init_compiled
    self.cursor = self.create_cursor()
  File "/home/eaglcqjv/virtualenv/public_html/syscare/3.9/lib64/python3.9/site-packages/sqlalchemy/engine/default.py", line 1777, in create_cursor
    return self.create_default_cursor()
  File "/home/eaglcqjv/virtualenv/public_html/syscare/3.9/lib64/python3.9/site-packages/sqlalchemy/dialects/mysql/mysqlconnector.py", line 88, in create_default_cursor
    return self._dbapi_connection.cursor(buffered=True)
  File "/home/eaglcqjv/virtualenv/public_html/syscare/3.9/lib64/python3.9/site-packages/sqlalchemy/pool/base.py", line 1494, in cursor
    return self.dbapi_connection.cursor(*args, **kwargs)
  File "/home/eaglcqjv/virtualenv/public_html/syscare/3.9/lib64/python3.9/site-packages/mysql/connector/connection_cext.py", line 841, in cursor
    raise OperationalError("MySQL Connection not available.")
sqlalchemy.exc.OperationalError: (mysql.connector.errors.OperationalError) MySQL Connection not available.
[SQL: SELECT onsite_call_attachments.id, onsite_call_attachments.filename 
FROM onsite_call_attachments INNER JOIN onsite_calls ON onsite_calls.id = onsite_call_attachments.call_id 
WHERE onsite_calls.status IN (__[POSTCOMPILE_status_1]) AND onsite_calls.updated_at <= %(updated_at_1)s]
[parameters: [{}]]
(Background on this error at: https://sqlalche.me/e/20/e3q8)
[2026-04-25 00:30:28,895] WARNING in app: Blocked request with invalid CSRF token to /login
[2026-04-25 00:50:14,522] WARNING in app: Blocked request with invalid CSRF token to /login
[2026-04-25 00:51:35,925] WARNING in app: Blocked request with invalid CSRF token to /login
[2026-04-25 00:55:14,608] WARNING in app: Blocked request with invalid CSRF token to /edit-job/1331
[UID:7518][3547394] Reached max children process limit: 6, extra: 2, current: 8, busy: 7, please increase LSAPI_CHILDREN.
[UID:7518][3547394] Reached max children process limit: 6, extra: 2, current: 8, busy: 8, please increase LSAPI_CHILDREN.
[UID:7518][3547394] Reached max children process limit: 6, extra: 2, current: 8, busy: 8, please increase LSAPI_CHILDREN.
[UID:7518][3547394] Reached max children process limit: 6, extra: 2, current: 8, busy: 8, please increase LSAPI_CHILDREN.
[UID:7518][3547394] Reached max children process limit: 6, extra: 2, current: 8, busy: 8, please increase LSAPI_CHILDREN.
[UID:7518][3547394] Reached max children process limit: 6, extra: 2, current: 8, busy: 8, please increase LSAPI_CHILDREN.
[UID:7518][3547394] Reached max children process limit: 6, extra: 2, current: 8, busy: 8, please increase LSAPI_CHILDREN.
[UID:7518][3547394] Reached max children process limit: 6, extra: 2, current: 8, busy: 8, please increase LSAPI_CHILDREN.
[UID:7518][3547394] Reached max children process limit: 6, extra: 2, current: 8, busy: 8, please increase LSAPI_CHILDREN.
[UID:7518][3547394] Reached max children process limit: 6, extra: 2, current: 8, busy: 8, please increase LSAPI_CHILDREN.
[UID:7518][3547394] Reached max children process limit: 6, extra: 2, current: 8, busy: 8, please increase LSAPI_CHILDREN.
[UID:7518][3547394] Reached max children process limit: 6, extra: 2, current: 8, busy: 8, please increase LSAPI_CHILDREN.
[UID:7518][3547394] Reached max children process limit: 6, extra: 2, current: 8, busy: 8, please increase LSAPI_CHILDREN.
[UID:7518][3547394] Reached max children process limit: 6, extra: 2, current: 8, busy: 8, please increase LSAPI_CHILDREN.
[UID:7518][3547394] Reached max children process limit: 6, extra: 2, current: 8, busy: 8, please increase LSAPI_CHILDREN.
[UID:7518][3547394] Reached max children process limit: 6, extra: 2, current: 8, busy: 8, please increase LSAPI_CHILDREN.
[UID:7518][3547394] Reached max children process limit: 6, extra: 2, current: 8, busy: 8, please increase LSAPI_CHILDREN.
[UID:7518][3547394] Reached max children process limit: 6, extra: 2, current: 8, busy: 8, please increase LSAPI_CHILDREN.
[UID:7518][3547394] Reached max children process limit: 6, extra: 2, current: 8, busy: 8, please increase LSAPI_CHILDREN.
[UID:7518][3547394] Reached max children process limit: 6, extra: 2, current: 8, busy: 7, please increase LSAPI_CHILDREN.
[UID:7518][3547394] Reached max children process limit: 6, extra: 2, current: 8, busy: 8, please increase LSAPI_CHILDREN.
[UID:7518][3547394] Reached max children process limit: 6, extra: 2, current: 8, busy: 8, please increase LSAPI_CHILDREN.
[UID:7518][3547394] Reached max children process limit: 6, extra: 2, current: 8, busy: 8, please increase LSAPI_CHILDREN.
[UID:7518][3547394] Reached max children process limit: 6, extra: 2, current: 8, busy: 8, please increase LSAPI_CHILDREN.
[UID:7518][3547394] Reached max children process limit: 6, extra: 2, current: 8, busy: 8, please increase LSAPI_CHILDREN.
[UID:7518][3547394] Reached max children process limit: 6, extra: 2, current: 8, busy: 8, please increase LSAPI_CHILDREN.
[UID:7518][3547394] Reached max children process limit: 6, extra: 2, current: 8, busy: 7, please increase LSAPI_CHILDREN.
[UID:7518][3547394] Reached max children process limit: 6, extra: 2, current: 8, busy: 8, please increase LSAPI_CHILDREN.
[2026-04-25 02:35:05,416] WARNING in app: Blocked request with invalid CSRF token to /login
[2026-04-25 03:25:10,856] WARNING in app: Blocked request with invalid CSRF token to /login
[2026-04-25 03:38:59,241] ERROR in app: Exception on /syscare [GET]
Traceback (most recent call last):
  File "/home/eaglcqjv/virtualenv/public_html/syscare/3.9/lib64/python3.9/site-packages/sqlalchemy/engine/base.py", line 1815, in _execute_context
    context = constructor(
  File "/home/eaglcqjv/virtualenv/public_html/syscare/3.9/lib64/python3.9/site-packages/sqlalchemy/engine/default.py", line 1438, in _init_compiled
    self.cursor = self.create_cursor()
  File "/home/eaglcqjv/virtualenv/public_html/syscare/3.9/lib64/python3.9/site-packages/sqlalchemy/engine/default.py", line 1777, in create_cursor
    return self.create_default_cursor()
  File "/home/eaglcqjv/virtualenv/public_html/syscare/3.9/lib64/python3.9/site-packages/sqlalchemy/dialects/mysql/mysqlconnector.py", line 88, in create_default_cursor
    return self._dbapi_connection.cursor(buffered=True)
  File "/home/eaglcqjv/virtualenv/public_html/syscare/3.9/lib64/python3.9/site-packages/sqlalchemy/pool/base.py", line 1494, in cursor
    return self.dbapi_connection.cursor(*args, **kwargs)
  File "/home/eaglcqjv/virtualenv/public_html/syscare/3.9/lib64/python3.9/site-packages/mysql/connector/connection_cext.py", line 841, in cursor
    raise OperationalError("MySQL Connection not available.")
mysql.connector.errors.OperationalError: MySQL Connection not available.

The above exception was the direct cause of the following exception:

Traceback (most recent call last):
  File "/home/eaglcqjv/virtualenv/public_html/syscare/3.9/lib/python3.9/site-packages/flask/app.py", line 1511, in wsgi_app
    response = self.full_dispatch_request()
  File "/home/eaglcqjv/virtualenv/public_html/syscare/3.9/lib/python3.9/site-packages/flask/app.py", line 919, in full_dispatch_request
    rv = self.handle_user_exception(e)
  File "/home/eaglcqjv/virtualenv/public_html/syscare/3.9/lib/python3.9/site-packages/flask/app.py", line 915, in full_dispatch_request
    rv = self.preprocess_request()
  File "/home/eaglcqjv/virtualenv/public_html/syscare/3.9/lib/python3.9/site-packages/flask/app.py", line 1291, in preprocess_request
    rv = self.ensure_sync(before_func)()
  File "/home/eaglcqjv/public_html/syscare/onsite_calls_blueprint.py", line 2138, in onsite_call_media_cleanup
    service.purge_expired_attachments()
  File "/home/eaglcqjv/public_html/syscare/onsite_calls_blueprint.py", line 1354, in purge_expired_attachments
    rows = db_session.execute(
  File "/home/eaglcqjv/virtualenv/public_html/syscare/3.9/lib64/python3.9/site-packages/sqlalchemy/orm/session.py", line 2351, in execute
    return self._execute_internal(
  File "/home/eaglcqjv/virtualenv/public_html/syscare/3.9/lib64/python3.9/site-packages/sqlalchemy/orm/session.py", line 2249, in _execute_internal
    result: Result[Any] = compile_state_cls.orm_execute_statement(
  File "/home/eaglcqjv/virtualenv/public_html/syscare/3.9/lib64/python3.9/site-packages/sqlalchemy/orm/context.py", line 306, in orm_execute_statement
    result = conn.execute(
  File "/home/eaglcqjv/virtualenv/public_html/syscare/3.9/lib64/python3.9/site-packages/sqlalchemy/engine/base.py", line 1419, in execute
    return meth(
  File "/home/eaglcqjv/virtualenv/public_html/syscare/3.9/lib64/python3.9/site-packages/sqlalchemy/sql/elements.py", line 527, in _execute_on_connection
    return connection._execute_clauseelement(
  File "/home/eaglcqjv/virtualenv/public_html/syscare/3.9/lib64/python3.9/site-packages/sqlalchemy/engine/base.py", line 1641, in _execute_clauseelement
    ret = self._execute_context(
  File "/home/eaglcqjv/virtualenv/public_html/syscare/3.9/lib64/python3.9/site-packages/sqlalchemy/engine/base.py", line 1821, in _execute_context
    self._handle_dbapi_exception(
  File "/home/eaglcqjv/virtualenv/public_html/syscare/3.9/lib64/python3.9/site-packages/sqlalchemy/engine/base.py", line 2363, in _handle_dbapi_exception
    raise sqlalchemy_exception.with_traceback(exc_info[2]) from e
  File "/home/eaglcqjv/virtualenv/public_html/syscare/3.9/lib64/python3.9/site-packages/sqlalchemy/engine/base.py", line 1815, in _execute_context
    context = constructor(
  File "/home/eaglcqjv/virtualenv/public_html/syscare/3.9/lib64/python3.9/site-packages/sqlalchemy/engine/default.py", line 1438, in _init_compiled
    self.cursor = self.create_cursor()
  File "/home/eaglcqjv/virtualenv/public_html/syscare/3.9/lib64/python3.9/site-packages/sqlalchemy/engine/default.py", line 1777, in create_cursor
    return self.create_default_cursor()
  File "/home/eaglcqjv/virtualenv/public_html/syscare/3.9/lib64/python3.9/site-packages/sqlalchemy/dialects/mysql/mysqlconnector.py", line 88, in create_default_cursor
    return self._dbapi_connection.cursor(buffered=True)
  File "/home/eaglcqjv/virtualenv/public_html/syscare/3.9/lib64/python3.9/site-packages/sqlalchemy/pool/base.py", line 1494, in cursor
    return self.dbapi_connection.cursor(*args, **kwargs)
  File "/home/eaglcqjv/virtualenv/public_html/syscare/3.9/lib64/python3.9/site-packages/mysql/connector/connection_cext.py", line 841, in cursor
    raise OperationalError("MySQL Connection not available.")
sqlalchemy.exc.OperationalError: (mysql.connector.errors.OperationalError) MySQL Connection not available.
[SQL: SELECT onsite_call_attachments.id, onsite_call_attachments.filename 
FROM onsite_call_attachments INNER JOIN onsite_calls ON onsite_calls.id = onsite_call_attachments.call_id 
WHERE onsite_calls.status IN (__[POSTCOMPILE_status_1]) AND onsite_calls.updated_at <= %(updated_at_1)s]
[parameters: [{}]]
(Background on this error at: https://sqlalche.me/e/20/e3q8)
[2026-04-25 04:59:59,867] ERROR in app: Exception on /dashboard/onsite-alert [GET]
Traceback (most recent call last):
  File "/home/eaglcqjv/virtualenv/public_html/syscare/3.9/lib64/python3.9/site-packages/sqlalchemy/engine/base.py", line 1815, in _execute_context
    context = constructor(
  File "/home/eaglcqjv/virtualenv/public_html/syscare/3.9/lib64/python3.9/site-packages/sqlalchemy/engine/default.py", line 1438, in _init_compiled
    self.cursor = self.create_cursor()
  File "/home/eaglcqjv/virtualenv/public_html/syscare/3.9/lib64/python3.9/site-packages/sqlalchemy/engine/default.py", line 1777, in create_cursor
    return self.create_default_cursor()
  File "/home/eaglcqjv/virtualenv/public_html/syscare/3.9/lib64/python3.9/site-packages/sqlalchemy/dialects/mysql/mysqlconnector.py", line 88, in create_default_cursor
    return self._dbapi_connection.cursor(buffered=True)
  File "/home/eaglcqjv/virtualenv/public_html/syscare/3.9/lib64/python3.9/site-packages/sqlalchemy/pool/base.py", line 1494, in cursor
    return self.dbapi_connection.cursor(*args, **kwargs)
  File "/home/eaglcqjv/virtualenv/public_html/syscare/3.9/lib64/python3.9/site-packages/mysql/connector/connection_cext.py", line 841, in cursor
    raise OperationalError("MySQL Connection not available.")
mysql.connector.errors.OperationalError: MySQL Connection not available.

The above exception was the direct cause of the following exception:

Traceback (most recent call last):
  File "/home/eaglcqjv/virtualenv/public_html/syscare/3.9/lib/python3.9/site-packages/flask/app.py", line 1511, in wsgi_app
    response = self.full_dispatch_request()
  File "/home/eaglcqjv/virtualenv/public_html/syscare/3.9/lib/python3.9/site-packages/flask/app.py", line 919, in full_dispatch_request
    rv = self.handle_user_exception(e)
  File "/home/eaglcqjv/virtualenv/public_html/syscare/3.9/lib/python3.9/site-packages/flask/app.py", line 915, in full_dispatch_request
    rv = self.preprocess_request()
  File "/home/eaglcqjv/virtualenv/public_html/syscare/3.9/lib/python3.9/site-packages/flask/app.py", line 1291, in preprocess_request
    rv = self.ensure_sync(before_func)()
  File "/home/eaglcqjv/public_html/syscare/onsite_calls_blueprint.py", line 2138, in onsite_call_media_cleanup
    service.purge_expired_attachments()
  File "/home/eaglcqjv/public_html/syscare/onsite_calls_blueprint.py", line 1354, in purge_expired_attachments
    rows = db_session.execute(
  File "/home/eaglcqjv/virtualenv/public_html/syscare/3.9/lib64/python3.9/site-packages/sqlalchemy/orm/session.py", line 2351, in execute
    return self._execute_internal(
  File "/home/eaglcqjv/virtualenv/public_html/syscare/3.9/lib64/python3.9/site-packages/sqlalchemy/orm/session.py", line 2249, in _execute_internal
    result: Result[Any] = compile_state_cls.orm_execute_statement(
  File "/home/eaglcqjv/virtualenv/public_html/syscare/3.9/lib64/python3.9/site-packages/sqlalchemy/orm/context.py", line 306, in orm_execute_statement
    result = conn.execute(
  File "/home/eaglcqjv/virtualenv/public_html/syscare/3.9/lib64/python3.9/site-packages/sqlalchemy/engine/base.py", line 1419, in execute
    return meth(
  File "/home/eaglcqjv/virtualenv/public_html/syscare/3.9/lib64/python3.9/site-packages/sqlalchemy/sql/elements.py", line 527, in _execute_on_connection
    return connection._execute_clauseelement(
  File "/home/eaglcqjv/virtualenv/public_html/syscare/3.9/lib64/python3.9/site-packages/sqlalchemy/engine/base.py", line 1641, in _execute_clauseelement
    ret = self._execute_context(
  File "/home/eaglcqjv/virtualenv/public_html/syscare/3.9/lib64/python3.9/site-packages/sqlalchemy/engine/base.py", line 1821, in _execute_context
    self._handle_dbapi_exception(
  File "/home/eaglcqjv/virtualenv/public_html/syscare/3.9/lib64/python3.9/site-packages/sqlalchemy/engine/base.py", line 2363, in _handle_dbapi_exception
    raise sqlalchemy_exception.with_traceback(exc_info[2]) from e
  File "/home/eaglcqjv/virtualenv/public_html/syscare/3.9/lib64/python3.9/site-packages/sqlalchemy/engine/base.py", line 1815, in _execute_context
    context = constructor(
  File "/home/eaglcqjv/virtualenv/public_html/syscare/3.9/lib64/python3.9/site-packages/sqlalchemy/engine/default.py", line 1438, in _init_compiled
    self.cursor = self.create_cursor()
  File "/home/eaglcqjv/virtualenv/public_html/syscare/3.9/lib64/python3.9/site-packages/sqlalchemy/engine/default.py", line 1777, in create_cursor
    return self.create_default_cursor()
  File "/home/eaglcqjv/virtualenv/public_html/syscare/3.9/lib64/python3.9/site-packages/sqlalchemy/dialects/mysql/mysqlconnector.py", line 88, in create_default_cursor
    return self._dbapi_connection.cursor(buffered=True)
  File "/home/eaglcqjv/virtualenv/public_html/syscare/3.9/lib64/python3.9/site-packages/sqlalchemy/pool/base.py", line 1494, in cursor
    return self.dbapi_connection.cursor(*args, **kwargs)
  File "/home/eaglcqjv/virtualenv/public_html/syscare/3.9/lib64/python3.9/site-packages/mysql/connector/connection_cext.py", line 841, in cursor
    raise OperationalError("MySQL Connection not available.")
sqlalchemy.exc.OperationalError: (mysql.connector.errors.OperationalError) MySQL Connection not available.
[SQL: SELECT onsite_call_attachments.id, onsite_call_attachments.filename 
FROM onsite_call_attachments INNER JOIN onsite_calls ON onsite_calls.id = onsite_call_attachments.call_id 
WHERE onsite_calls.status IN (__[POSTCOMPILE_status_1]) AND onsite_calls.updated_at <= %(updated_at_1)s]
[parameters: [{}]]
(Background on this error at: https://sqlalche.me/e/20/e3q8)
[2026-04-25 05:02:34,283] WARNING in onsite_calls_blueprint: Onsite call deleted | call_id=2294 | customer=Mary sebastian | deleted_by=SREELAKSHMI
[2026-04-25 06:48:25,506] WARNING in onsite_calls_blueprint: Onsite call deleted | call_id=2299 | customer=simi | deleted_by=SREELAKSHMI
[2026-04-25 08:07:51,971] WARNING in app: Blocked request with invalid CSRF token to /login
[2026-04-25 09:15:09,834] ERROR in app: Exception on /dashboard/onsite-alert [GET]
Traceback (most recent call last):
  File "/home/eaglcqjv/virtualenv/public_html/syscare/3.9/lib64/python3.9/site-packages/sqlalchemy/engine/base.py", line 1815, in _execute_context
    context = constructor(
  File "/home/eaglcqjv/virtualenv/public_html/syscare/3.9/lib64/python3.9/site-packages/sqlalchemy/engine/default.py", line 1438, in _init_compiled
    self.cursor = self.create_cursor()
  File "/home/eaglcqjv/virtualenv/public_html/syscare/3.9/lib64/python3.9/site-packages/sqlalchemy/engine/default.py", line 1777, in create_cursor
    return self.create_default_cursor()
  File "/home/eaglcqjv/virtualenv/public_html/syscare/3.9/lib64/python3.9/site-packages/sqlalchemy/dialects/mysql/mysqlconnector.py", line 88, in create_default_cursor
    return self._dbapi_connection.cursor(buffered=True)
  File "/home/eaglcqjv/virtualenv/public_html/syscare/3.9/lib64/python3.9/site-packages/sqlalchemy/pool/base.py", line 1494, in cursor
    return self.dbapi_connection.cursor(*args, **kwargs)
  File "/home/eaglcqjv/virtualenv/public_html/syscare/3.9/lib64/python3.9/site-packages/mysql/connector/connection_cext.py", line 841, in cursor
    raise OperationalError("MySQL Connection not available.")
mysql.connector.errors.OperationalError: MySQL Connection not available.

The above exception was the direct cause of the following exception:

Traceback (most recent call last):
  File "/home/eaglcqjv/virtualenv/public_html/syscare/3.9/lib/python3.9/site-packages/flask/app.py", line 1511, in wsgi_app
    response = self.full_dispatch_request()
  File "/home/eaglcqjv/virtualenv/public_html/syscare/3.9/lib/python3.9/site-packages/flask/app.py", line 919, in full_dispatch_request
    rv = self.handle_user_exception(e)
  File "/home/eaglcqjv/virtualenv/public_html/syscare/3.9/lib/python3.9/site-packages/flask/app.py", line 915, in full_dispatch_request
    rv = self.preprocess_request()
  File "/home/eaglcqjv/virtualenv/public_html/syscare/3.9/lib/python3.9/site-packages/flask/app.py", line 1291, in preprocess_request
    rv = self.ensure_sync(before_func)()
  File "/home/eaglcqjv/public_html/syscare/onsite_calls_blueprint.py", line 2138, in onsite_call_media_cleanup
    service.purge_expired_attachments()
  File "/home/eaglcqjv/public_html/syscare/onsite_calls_blueprint.py", line 1354, in purge_expired_attachments
    rows = db_session.execute(
  File "/home/eaglcqjv/virtualenv/public_html/syscare/3.9/lib64/python3.9/site-packages/sqlalchemy/orm/session.py", line 2351, in execute
    return self._execute_internal(
  File "/home/eaglcqjv/virtualenv/public_html/syscare/3.9/lib64/python3.9/site-packages/sqlalchemy/orm/session.py", line 2249, in _execute_internal
    result: Result[Any] = compile_state_cls.orm_execute_statement(
  File "/home/eaglcqjv/virtualenv/public_html/syscare/3.9/lib64/python3.9/site-packages/sqlalchemy/orm/context.py", line 306, in orm_execute_statement
    result = conn.execute(
  File "/home/eaglcqjv/virtualenv/public_html/syscare/3.9/lib64/python3.9/site-packages/sqlalchemy/engine/base.py", line 1419, in execute
    return meth(
  File "/home/eaglcqjv/virtualenv/public_html/syscare/3.9/lib64/python3.9/site-packages/sqlalchemy/sql/elements.py", line 527, in _execute_on_connection
    return connection._execute_clauseelement(
  File "/home/eaglcqjv/virtualenv/public_html/syscare/3.9/lib64/python3.9/site-packages/sqlalchemy/engine/base.py", line 1641, in _execute_clauseelement
    ret = self._execute_context(
  File "/home/eaglcqjv/virtualenv/public_html/syscare/3.9/lib64/python3.9/site-packages/sqlalchemy/engine/base.py", line 1821, in _execute_context
    self._handle_dbapi_exception(
  File "/home/eaglcqjv/virtualenv/public_html/syscare/3.9/lib64/python3.9/site-packages/sqlalchemy/engine/base.py", line 2363, in _handle_dbapi_exception
    raise sqlalchemy_exception.with_traceback(exc_info[2]) from e
  File "/home/eaglcqjv/virtualenv/public_html/syscare/3.9/lib64/python3.9/site-packages/sqlalchemy/engine/base.py", line 1815, in _execute_context
    context = constructor(
  File "/home/eaglcqjv/virtualenv/public_html/syscare/3.9/lib64/python3.9/site-packages/sqlalchemy/engine/default.py", line 1438, in _init_compiled
    self.cursor = self.create_cursor()
  File "/home/eaglcqjv/virtualenv/public_html/syscare/3.9/lib64/python3.9/site-packages/sqlalchemy/engine/default.py", line 1777, in create_cursor
    return self.create_default_cursor()
  File "/home/eaglcqjv/virtualenv/public_html/syscare/3.9/lib64/python3.9/site-packages/sqlalchemy/dialects/mysql/mysqlconnector.py", line 88, in create_default_cursor
    return self._dbapi_connection.cursor(buffered=True)
  File "/home/eaglcqjv/virtualenv/public_html/syscare/3.9/lib64/python3.9/site-packages/sqlalchemy/pool/base.py", line 1494, in cursor
    return self.dbapi_connection.cursor(*args, **kwargs)
  File "/home/eaglcqjv/virtualenv/public_html/syscare/3.9/lib64/python3.9/site-packages/mysql/connector/connection_cext.py", line 841, in cursor
    raise OperationalError("MySQL Connection not available.")
sqlalchemy.exc.OperationalError: (mysql.connector.errors.OperationalError) MySQL Connection not available.
[SQL: SELECT onsite_call_attachments.id, onsite_call_attachments.filename 
FROM onsite_call_attachments INNER JOIN onsite_calls ON onsite_calls.id = onsite_call_attachments.call_id 
WHERE onsite_calls.status IN (__[POSTCOMPILE_status_1]) AND onsite_calls.updated_at <= %(updated_at_1)s]
[parameters: [{}]]
(Background on this error at: https://sqlalche.me/e/20/e3q8)
[2026-04-26 00:32:49,756] WARNING in app: Blocked request with invalid CSRF token to /login
[2026-04-26 01:41:50,434] WARNING in app: Blocked request with invalid CSRF token to /login
[2026-04-26 01:50:23,770] WARNING in app: Blocked request with invalid CSRF token to /login
[2026-04-26 02:48:45,404] WARNING in app: Blocked request with invalid CSRF token to /login
[2026-04-26 02:55:27,393] WARNING in app: Blocked request with invalid CSRF token to /login
[2026-04-26 05:14:41,543] WARNING in app: Blocked request with invalid CSRF token to /login
[2026-04-27 02:15:08,334] ERROR in app: Exception on /jobs [GET]
Traceback (most recent call last):
  File "/home/eaglcqjv/virtualenv/public_html/syscare/3.9/lib64/python3.9/site-packages/sqlalchemy/engine/base.py", line 1815, in _execute_context
    context = constructor(
  File "/home/eaglcqjv/virtualenv/public_html/syscare/3.9/lib64/python3.9/site-packages/sqlalchemy/engine/default.py", line 1438, in _init_compiled
    self.cursor = self.create_cursor()
  File "/home/eaglcqjv/virtualenv/public_html/syscare/3.9/lib64/python3.9/site-packages/sqlalchemy/engine/default.py", line 1777, in create_cursor
    return self.create_default_cursor()
  File "/home/eaglcqjv/virtualenv/public_html/syscare/3.9/lib64/python3.9/site-packages/sqlalchemy/dialects/mysql/mysqlconnector.py", line 88, in create_default_cursor
    return self._dbapi_connection.cursor(buffered=True)
  File "/home/eaglcqjv/virtualenv/public_html/syscare/3.9/lib64/python3.9/site-packages/sqlalchemy/pool/base.py", line 1494, in cursor
    return self.dbapi_connection.cursor(*args, **kwargs)
  File "/home/eaglcqjv/virtualenv/public_html/syscare/3.9/lib64/python3.9/site-packages/mysql/connector/connection_cext.py", line 841, in cursor
    raise OperationalError("MySQL Connection not available.")
mysql.connector.errors.OperationalError: MySQL Connection not available.

The above exception was the direct cause of the following exception:

Traceback (most recent call last):
  File "/home/eaglcqjv/virtualenv/public_html/syscare/3.9/lib/python3.9/site-packages/flask/app.py", line 1511, in wsgi_app
    response = self.full_dispatch_request()
  File "/home/eaglcqjv/virtualenv/public_html/syscare/3.9/lib/python3.9/site-packages/flask/app.py", line 919, in full_dispatch_request
    rv = self.handle_user_exception(e)
  File "/home/eaglcqjv/virtualenv/public_html/syscare/3.9/lib/python3.9/site-packages/flask/app.py", line 915, in full_dispatch_request
    rv = self.preprocess_request()
  File "/home/eaglcqjv/virtualenv/public_html/syscare/3.9/lib/python3.9/site-packages/flask/app.py", line 1291, in preprocess_request
    rv = self.ensure_sync(before_func)()
  File "/home/eaglcqjv/public_html/syscare/onsite_calls_blueprint.py", line 2138, in onsite_call_media_cleanup
    service.purge_expired_attachments()
  File "/home/eaglcqjv/public_html/syscare/onsite_calls_blueprint.py", line 1354, in purge_expired_attachments
    rows = db_session.execute(
  File "/home/eaglcqjv/virtualenv/public_html/syscare/3.9/lib64/python3.9/site-packages/sqlalchemy/orm/session.py", line 2351, in execute
    return self._execute_internal(
  File "/home/eaglcqjv/virtualenv/public_html/syscare/3.9/lib64/python3.9/site-packages/sqlalchemy/orm/session.py", line 2249, in _execute_internal
    result: Result[Any] = compile_state_cls.orm_execute_statement(
  File "/home/eaglcqjv/virtualenv/public_html/syscare/3.9/lib64/python3.9/site-packages/sqlalchemy/orm/context.py", line 306, in orm_execute_statement
    result = conn.execute(
  File "/home/eaglcqjv/virtualenv/public_html/syscare/3.9/lib64/python3.9/site-packages/sqlalchemy/engine/base.py", line 1419, in execute
    return meth(
  File "/home/eaglcqjv/virtualenv/public_html/syscare/3.9/lib64/python3.9/site-packages/sqlalchemy/sql/elements.py", line 527, in _execute_on_connection
    return connection._execute_clauseelement(
  File "/home/eaglcqjv/virtualenv/public_html/syscare/3.9/lib64/python3.9/site-packages/sqlalchemy/engine/base.py", line 1641, in _execute_clauseelement
    ret = self._execute_context(
  File "/home/eaglcqjv/virtualenv/public_html/syscare/3.9/lib64/python3.9/site-packages/sqlalchemy/engine/base.py", line 1821, in _execute_context
    self._handle_dbapi_exception(
  File "/home/eaglcqjv/virtualenv/public_html/syscare/3.9/lib64/python3.9/site-packages/sqlalchemy/engine/base.py", line 2363, in _handle_dbapi_exception
    raise sqlalchemy_exception.with_traceback(exc_info[2]) from e
  File "/home/eaglcqjv/virtualenv/public_html/syscare/3.9/lib64/python3.9/site-packages/sqlalchemy/engine/base.py", line 1815, in _execute_context
    context = constructor(
  File "/home/eaglcqjv/virtualenv/public_html/syscare/3.9/lib64/python3.9/site-packages/sqlalchemy/engine/default.py", line 1438, in _init_compiled
    self.cursor = self.create_cursor()
  File "/home/eaglcqjv/virtualenv/public_html/syscare/3.9/lib64/python3.9/site-packages/sqlalchemy/engine/default.py", line 1777, in create_cursor
    return self.create_default_cursor()
  File "/home/eaglcqjv/virtualenv/public_html/syscare/3.9/lib64/python3.9/site-packages/sqlalchemy/dialects/mysql/mysqlconnector.py", line 88, in create_default_cursor
    return self._dbapi_connection.cursor(buffered=True)
  File "/home/eaglcqjv/virtualenv/public_html/syscare/3.9/lib64/python3.9/site-packages/sqlalchemy/pool/base.py", line 1494, in cursor
    return self.dbapi_connection.cursor(*args, **kwargs)
  File "/home/eaglcqjv/virtualenv/public_html/syscare/3.9/lib64/python3.9/site-packages/mysql/connector/connection_cext.py", line 841, in cursor
    raise OperationalError("MySQL Connection not available.")
sqlalchemy.exc.OperationalError: (mysql.connector.errors.OperationalError) MySQL Connection not available.
[SQL: SELECT onsite_call_attachments.id, onsite_call_attachments.filename 
FROM onsite_call_attachments INNER JOIN onsite_calls ON onsite_calls.id = onsite_call_attachments.call_id 
WHERE onsite_calls.status IN (__[POSTCOMPILE_status_1]) AND onsite_calls.updated_at <= %(updated_at_1)s]
[parameters: [{}]]
(Background on this error at: https://sqlalche.me/e/20/e3q8)
[UID:7518][923749] packetLen < 0
[2026-04-27 04:59:45,170] ERROR in app: Exception on /dashboard/onsite-alert [GET]
Traceback (most recent call last):
  File "/home/eaglcqjv/virtualenv/public_html/syscare/3.9/lib64/python3.9/site-packages/sqlalchemy/engine/base.py", line 1815, in _execute_context
    context = constructor(
  File "/home/eaglcqjv/virtualenv/public_html/syscare/3.9/lib64/python3.9/site-packages/sqlalchemy/engine/default.py", line 1438, in _init_compiled
    self.cursor = self.create_cursor()
  File "/home/eaglcqjv/virtualenv/public_html/syscare/3.9/lib64/python3.9/site-packages/sqlalchemy/engine/default.py", line 1777, in create_cursor
    return self.create_default_cursor()
  File "/home/eaglcqjv/virtualenv/public_html/syscare/3.9/lib64/python3.9/site-packages/sqlalchemy/dialects/mysql/mysqlconnector.py", line 88, in create_default_cursor
    return self._dbapi_connection.cursor(buffered=True)
  File "/home/eaglcqjv/virtualenv/public_html/syscare/3.9/lib64/python3.9/site-packages/sqlalchemy/pool/base.py", line 1494, in cursor
    return self.dbapi_connection.cursor(*args, **kwargs)
  File "/home/eaglcqjv/virtualenv/public_html/syscare/3.9/lib64/python3.9/site-packages/mysql/connector/connection_cext.py", line 841, in cursor
    raise OperationalError("MySQL Connection not available.")
mysql.connector.errors.OperationalError: MySQL Connection not available.

The above exception was the direct cause of the following exception:

Traceback (most recent call last):
  File "/home/eaglcqjv/virtualenv/public_html/syscare/3.9/lib/python3.9/site-packages/flask/app.py", line 1511, in wsgi_app
    response = self.full_dispatch_request()
  File "/home/eaglcqjv/virtualenv/public_html/syscare/3.9/lib/python3.9/site-packages/flask/app.py", line 919, in full_dispatch_request
    rv = self.handle_user_exception(e)
  File "/home/eaglcqjv/virtualenv/public_html/syscare/3.9/lib/python3.9/site-packages/flask/app.py", line 915, in full_dispatch_request
    rv = self.preprocess_request()
  File "/home/eaglcqjv/virtualenv/public_html/syscare/3.9/lib/python3.9/site-packages/flask/app.py", line 1291, in preprocess_request
    rv = self.ensure_sync(before_func)()
  File "/home/eaglcqjv/public_html/syscare/onsite_calls_blueprint.py", line 2138, in onsite_call_media_cleanup
    service.purge_expired_attachments()
  File "/home/eaglcqjv/public_html/syscare/onsite_calls_blueprint.py", line 1354, in purge_expired_attachments
    rows = db_session.execute(
  File "/home/eaglcqjv/virtualenv/public_html/syscare/3.9/lib64/python3.9/site-packages/sqlalchemy/orm/session.py", line 2351, in execute
    return self._execute_internal(
  File "/home/eaglcqjv/virtualenv/public_html/syscare/3.9/lib64/python3.9/site-packages/sqlalchemy/orm/session.py", line 2249, in _execute_internal
    result: Result[Any] = compile_state_cls.orm_execute_statement(
  File "/home/eaglcqjv/virtualenv/public_html/syscare/3.9/lib64/python3.9/site-packages/sqlalchemy/orm/context.py", line 306, in orm_execute_statement
    result = conn.execute(
  File "/home/eaglcqjv/virtualenv/public_html/syscare/3.9/lib64/python3.9/site-packages/sqlalchemy/engine/base.py", line 1419, in execute
    return meth(
  File "/home/eaglcqjv/virtualenv/public_html/syscare/3.9/lib64/python3.9/site-packages/sqlalchemy/sql/elements.py", line 527, in _execute_on_connection
    return connection._execute_clauseelement(
  File "/home/eaglcqjv/virtualenv/public_html/syscare/3.9/lib64/python3.9/site-packages/sqlalchemy/engine/base.py", line 1641, in _execute_clauseelement
    ret = self._execute_context(
  File "/home/eaglcqjv/virtualenv/public_html/syscare/3.9/lib64/python3.9/site-packages/sqlalchemy/engine/base.py", line 1821, in _execute_context
    self._handle_dbapi_exception(
  File "/home/eaglcqjv/virtualenv/public_html/syscare/3.9/lib64/python3.9/site-packages/sqlalchemy/engine/base.py", line 2363, in _handle_dbapi_exception
    raise sqlalchemy_exception.with_traceback(exc_info[2]) from e
  File "/home/eaglcqjv/virtualenv/public_html/syscare/3.9/lib64/python3.9/site-packages/sqlalchemy/engine/base.py", line 1815, in _execute_context
    context = constructor(
  File "/home/eaglcqjv/virtualenv/public_html/syscare/3.9/lib64/python3.9/site-packages/sqlalchemy/engine/default.py", line 1438, in _init_compiled
    self.cursor = self.create_cursor()
  File "/home/eaglcqjv/virtualenv/public_html/syscare/3.9/lib64/python3.9/site-packages/sqlalchemy/engine/default.py", line 1777, in create_cursor
    return self.create_default_cursor()
  File "/home/eaglcqjv/virtualenv/public_html/syscare/3.9/lib64/python3.9/site-packages/sqlalchemy/dialects/mysql/mysqlconnector.py", line 88, in create_default_cursor
    return self._dbapi_connection.cursor(buffered=True)
  File "/home/eaglcqjv/virtualenv/public_html/syscare/3.9/lib64/python3.9/site-packages/sqlalchemy/pool/base.py", line 1494, in cursor
    return self.dbapi_connection.cursor(*args, **kwargs)
  File "/home/eaglcqjv/virtualenv/public_html/syscare/3.9/lib64/python3.9/site-packages/mysql/connector/connection_cext.py", line 841, in cursor
    raise OperationalError("MySQL Connection not available.")
sqlalchemy.exc.OperationalError: (mysql.connector.errors.OperationalError) MySQL Connection not available.
[SQL: SELECT onsite_call_attachments.id, onsite_call_attachments.filename 
FROM onsite_call_attachments INNER JOIN onsite_calls ON onsite_calls.id = onsite_call_attachments.call_id 
WHERE onsite_calls.status IN (__[POSTCOMPILE_status_1]) AND onsite_calls.updated_at <= %(updated_at_1)s]
[parameters: [{}]]
(Background on this error at: https://sqlalche.me/e/20/e3q8)
[2026-04-27 07:00:10,080] ERROR in app: Exception on /dashboard/onsite-alert [GET]
Traceback (most recent call last):
  File "/home/eaglcqjv/virtualenv/public_html/syscare/3.9/lib64/python3.9/site-packages/sqlalchemy/engine/base.py", line 1815, in _execute_context
    context = constructor(
  File "/home/eaglcqjv/virtualenv/public_html/syscare/3.9/lib64/python3.9/site-packages/sqlalchemy/engine/default.py", line 1438, in _init_compiled
    self.cursor = self.create_cursor()
  File "/home/eaglcqjv/virtualenv/public_html/syscare/3.9/lib64/python3.9/site-packages/sqlalchemy/engine/default.py", line 1777, in create_cursor
    return self.create_default_cursor()
  File "/home/eaglcqjv/virtualenv/public_html/syscare/3.9/lib64/python3.9/site-packages/sqlalchemy/dialects/mysql/mysqlconnector.py", line 88, in create_default_cursor
    return self._dbapi_connection.cursor(buffered=True)
  File "/home/eaglcqjv/virtualenv/public_html/syscare/3.9/lib64/python3.9/site-packages/sqlalchemy/pool/base.py", line 1494, in cursor
    return self.dbapi_connection.cursor(*args, **kwargs)
  File "/home/eaglcqjv/virtualenv/public_html/syscare/3.9/lib64/python3.9/site-packages/mysql/connector/connection_cext.py", line 841, in cursor
    raise OperationalError("MySQL Connection not available.")
mysql.connector.errors.OperationalError: MySQL Connection not available.

The above exception was the direct cause of the following exception:

Traceback (most recent call last):
  File "/home/eaglcqjv/virtualenv/public_html/syscare/3.9/lib/python3.9/site-packages/flask/app.py", line 1511, in wsgi_app
    response = self.full_dispatch_request()
  File "/home/eaglcqjv/virtualenv/public_html/syscare/3.9/lib/python3.9/site-packages/flask/app.py", line 919, in full_dispatch_request
    rv = self.handle_user_exception(e)
  File "/home/eaglcqjv/virtualenv/public_html/syscare/3.9/lib/python3.9/site-packages/flask/app.py", line 915, in full_dispatch_request
    rv = self.preprocess_request()
  File "/home/eaglcqjv/virtualenv/public_html/syscare/3.9/lib/python3.9/site-packages/flask/app.py", line 1291, in preprocess_request
    rv = self.ensure_sync(before_func)()
  File "/home/eaglcqjv/public_html/syscare/onsite_calls_blueprint.py", line 2138, in onsite_call_media_cleanup
    service.purge_expired_attachments()
  File "/home/eaglcqjv/public_html/syscare/onsite_calls_blueprint.py", line 1354, in purge_expired_attachments
    rows = db_session.execute(
  File "/home/eaglcqjv/virtualenv/public_html/syscare/3.9/lib64/python3.9/site-packages/sqlalchemy/orm/session.py", line 2351, in execute
    return self._execute_internal(
  File "/home/eaglcqjv/virtualenv/public_html/syscare/3.9/lib64/python3.9/site-packages/sqlalchemy/orm/session.py", line 2249, in _execute_internal
    result: Result[Any] = compile_state_cls.orm_execute_statement(
  File "/home/eaglcqjv/virtualenv/public_html/syscare/3.9/lib64/python3.9/site-packages/sqlalchemy/orm/context.py", line 306, in orm_execute_statement
    result = conn.execute(
  File "/home/eaglcqjv/virtualenv/public_html/syscare/3.9/lib64/python3.9/site-packages/sqlalchemy/engine/base.py", line 1419, in execute
    return meth(
  File "/home/eaglcqjv/virtualenv/public_html/syscare/3.9/lib64/python3.9/site-packages/sqlalchemy/sql/elements.py", line 527, in _execute_on_connection
    return connection._execute_clauseelement(
  File "/home/eaglcqjv/virtualenv/public_html/syscare/3.9/lib64/python3.9/site-packages/sqlalchemy/engine/base.py", line 1641, in _execute_clauseelement
    ret = self._execute_context(
  File "/home/eaglcqjv/virtualenv/public_html/syscare/3.9/lib64/python3.9/site-packages/sqlalchemy/engine/base.py", line 1821, in _execute_context
    self._handle_dbapi_exception(
  File "/home/eaglcqjv/virtualenv/public_html/syscare/3.9/lib64/python3.9/site-packages/sqlalchemy/engine/base.py", line 2363, in _handle_dbapi_exception
    raise sqlalchemy_exception.with_traceback(exc_info[2]) from e
  File "/home/eaglcqjv/virtualenv/public_html/syscare/3.9/lib64/python3.9/site-packages/sqlalchemy/engine/base.py", line 1815, in _execute_context
    context = constructor(
  File "/home/eaglcqjv/virtualenv/public_html/syscare/3.9/lib64/python3.9/site-packages/sqlalchemy/engine/default.py", line 1438, in _init_compiled
    self.cursor = self.create_cursor()
  File "/home/eaglcqjv/virtualenv/public_html/syscare/3.9/lib64/python3.9/site-packages/sqlalchemy/engine/default.py", line 1777, in create_cursor
    return self.create_default_cursor()
  File "/home/eaglcqjv/virtualenv/public_html/syscare/3.9/lib64/python3.9/site-packages/sqlalchemy/dialects/mysql/mysqlconnector.py", line 88, in create_default_cursor
    return self._dbapi_connection.cursor(buffered=True)
  File "/home/eaglcqjv/virtualenv/public_html/syscare/3.9/lib64/python3.9/site-packages/sqlalchemy/pool/base.py", line 1494, in cursor
    return self.dbapi_connection.cursor(*args, **kwargs)
  File "/home/eaglcqjv/virtualenv/public_html/syscare/3.9/lib64/python3.9/site-packages/mysql/connector/connection_cext.py", line 841, in cursor
    raise OperationalError("MySQL Connection not available.")
sqlalchemy.exc.OperationalError: (mysql.connector.errors.OperationalError) MySQL Connection not available.
[SQL: SELECT onsite_call_attachments.id, onsite_call_attachments.filename 
FROM onsite_call_attachments INNER JOIN onsite_calls ON onsite_calls.id = onsite_call_attachments.call_id 
WHERE onsite_calls.status IN (__[POSTCOMPILE_status_1]) AND onsite_calls.updated_at <= %(updated_at_1)s]
[parameters: [{}]]
(Background on this error at: https://sqlalche.me/e/20/e3q8)
[2026-04-27 10:15:18,572] WARNING in app: Blocked request with invalid CSRF token to /close-case/1203
[2026-04-28 00:33:41,688] WARNING in app: Blocked request with invalid CSRF token to /login
[2026-04-28 03:38:53,408] ERROR in app: Exception on /dashboard/onsite-alert [GET]
Traceback (most recent call last):
  File "/home/eaglcqjv/virtualenv/public_html/syscare/3.9/lib64/python3.9/site-packages/sqlalchemy/engine/base.py", line 1815, in _execute_context
    context = constructor(
  File "/home/eaglcqjv/virtualenv/public_html/syscare/3.9/lib64/python3.9/site-packages/sqlalchemy/engine/default.py", line 1438, in _init_compiled
    self.cursor = self.create_cursor()
  File "/home/eaglcqjv/virtualenv/public_html/syscare/3.9/lib64/python3.9/site-packages/sqlalchemy/engine/default.py", line 1777, in create_cursor
    return self.create_default_cursor()
  File "/home/eaglcqjv/virtualenv/public_html/syscare/3.9/lib64/python3.9/site-packages/sqlalchemy/dialects/mysql/mysqlconnector.py", line 88, in create_default_cursor
    return self._dbapi_connection.cursor(buffered=True)
  File "/home/eaglcqjv/virtualenv/public_html/syscare/3.9/lib64/python3.9/site-packages/sqlalchemy/pool/base.py", line 1494, in cursor
    return self.dbapi_connection.cursor(*args, **kwargs)
  File "/home/eaglcqjv/virtualenv/public_html/syscare/3.9/lib64/python3.9/site-packages/mysql/connector/connection_cext.py", line 841, in cursor
    raise OperationalError("MySQL Connection not available.")
mysql.connector.errors.OperationalError: MySQL Connection not available.

The above exception was the direct cause of the following exception:

Traceback (most recent call last):
  File "/home/eaglcqjv/virtualenv/public_html/syscare/3.9/lib/python3.9/site-packages/flask/app.py", line 1511, in wsgi_app
    response = self.full_dispatch_request()
  File "/home/eaglcqjv/virtualenv/public_html/syscare/3.9/lib/python3.9/site-packages/flask/app.py", line 919, in full_dispatch_request
    rv = self.handle_user_exception(e)
  File "/home/eaglcqjv/virtualenv/public_html/syscare/3.9/lib/python3.9/site-packages/flask/app.py", line 915, in full_dispatch_request
    rv = self.preprocess_request()
  File "/home/eaglcqjv/virtualenv/public_html/syscare/3.9/lib/python3.9/site-packages/flask/app.py", line 1291, in preprocess_request
    rv = self.ensure_sync(before_func)()
  File "/home/eaglcqjv/public_html/syscare/onsite_calls_blueprint.py", line 2138, in onsite_call_media_cleanup
    service.purge_expired_attachments()
  File "/home/eaglcqjv/public_html/syscare/onsite_calls_blueprint.py", line 1354, in purge_expired_attachments
    rows = db_session.execute(
  File "/home/eaglcqjv/virtualenv/public_html/syscare/3.9/lib64/python3.9/site-packages/sqlalchemy/orm/session.py", line 2351, in execute
    return self._execute_internal(
  File "/home/eaglcqjv/virtualenv/public_html/syscare/3.9/lib64/python3.9/site-packages/sqlalchemy/orm/session.py", line 2249, in _execute_internal
    result: Result[Any] = compile_state_cls.orm_execute_statement(
  File "/home/eaglcqjv/virtualenv/public_html/syscare/3.9/lib64/python3.9/site-packages/sqlalchemy/orm/context.py", line 306, in orm_execute_statement
    result = conn.execute(
  File "/home/eaglcqjv/virtualenv/public_html/syscare/3.9/lib64/python3.9/site-packages/sqlalchemy/engine/base.py", line 1419, in execute
    return meth(
  File "/home/eaglcqjv/virtualenv/public_html/syscare/3.9/lib64/python3.9/site-packages/sqlalchemy/sql/elements.py", line 527, in _execute_on_connection
    return connection._execute_clauseelement(
  File "/home/eaglcqjv/virtualenv/public_html/syscare/3.9/lib64/python3.9/site-packages/sqlalchemy/engine/base.py", line 1641, in _execute_clauseelement
    ret = self._execute_context(
  File "/home/eaglcqjv/virtualenv/public_html/syscare/3.9/lib64/python3.9/site-packages/sqlalchemy/engine/base.py", line 1821, in _execute_context
    self._handle_dbapi_exception(
  File "/home/eaglcqjv/virtualenv/public_html/syscare/3.9/lib64/python3.9/site-packages/sqlalchemy/engine/base.py", line 2363, in _handle_dbapi_exception
    raise sqlalchemy_exception.with_traceback(exc_info[2]) from e
  File "/home/eaglcqjv/virtualenv/public_html/syscare/3.9/lib64/python3.9/site-packages/sqlalchemy/engine/base.py", line 1815, in _execute_context
    context = constructor(
  File "/home/eaglcqjv/virtualenv/public_html/syscare/3.9/lib64/python3.9/site-packages/sqlalchemy/engine/default.py", line 1438, in _init_compiled
    self.cursor = self.create_cursor()
  File "/home/eaglcqjv/virtualenv/public_html/syscare/3.9/lib64/python3.9/site-packages/sqlalchemy/engine/default.py", line 1777, in create_cursor
    return self.create_default_cursor()
  File "/home/eaglcqjv/virtualenv/public_html/syscare/3.9/lib64/python3.9/site-packages/sqlalchemy/dialects/mysql/mysqlconnector.py", line 88, in create_default_cursor
    return self._dbapi_connection.cursor(buffered=True)
  File "/home/eaglcqjv/virtualenv/public_html/syscare/3.9/lib64/python3.9/site-packages/sqlalchemy/pool/base.py", line 1494, in cursor
    return self.dbapi_connection.cursor(*args, **kwargs)
  File "/home/eaglcqjv/virtualenv/public_html/syscare/3.9/lib64/python3.9/site-packages/mysql/connector/connection_cext.py", line 841, in cursor
    raise OperationalError("MySQL Connection not available.")
sqlalchemy.exc.OperationalError: (mysql.connector.errors.OperationalError) MySQL Connection not available.
[SQL: SELECT onsite_call_attachments.id, onsite_call_attachments.filename 
FROM onsite_call_attachments INNER JOIN onsite_calls ON onsite_calls.id = onsite_call_attachments.call_id 
WHERE onsite_calls.status IN (__[POSTCOMPILE_status_1]) AND onsite_calls.updated_at <= %(updated_at_1)s]
[parameters: [{}]]
(Background on this error at: https://sqlalche.me/e/20/e3q8)
[2026-04-29 02:58:53,540] WARNING in app: Blocked request with invalid CSRF token to /login
[2026-04-29 02:59:03,854] WARNING in app: Blocked request with invalid CSRF token to /login
[2026-04-29 02:59:04,087] WARNING in app: Blocked request with invalid CSRF token to /login
[2026-04-29 02:59:04,276] WARNING in app: Blocked request with invalid CSRF token to /login
[2026-04-29 03:07:43,950] WARNING in app: Blocked request with invalid CSRF token to /login
[2026-04-30 01:00:05,222] ERROR in app: Exception on /dashboard/onsite-alert [GET]
Traceback (most recent call last):
  File "/home/eaglcqjv/virtualenv/public_html/syscare/3.9/lib64/python3.9/site-packages/sqlalchemy/engine/base.py", line 1815, in _execute_context
    context = constructor(
  File "/home/eaglcqjv/virtualenv/public_html/syscare/3.9/lib64/python3.9/site-packages/sqlalchemy/engine/default.py", line 1438, in _init_compiled
    self.cursor = self.create_cursor()
  File "/home/eaglcqjv/virtualenv/public_html/syscare/3.9/lib64/python3.9/site-packages/sqlalchemy/engine/default.py", line 1777, in create_cursor
    return self.create_default_cursor()
  File "/home/eaglcqjv/virtualenv/public_html/syscare/3.9/lib64/python3.9/site-packages/sqlalchemy/dialects/mysql/mysqlconnector.py", line 88, in create_default_cursor
    return self._dbapi_connection.cursor(buffered=True)
  File "/home/eaglcqjv/virtualenv/public_html/syscare/3.9/lib64/python3.9/site-packages/sqlalchemy/pool/base.py", line 1494, in cursor
    return self.dbapi_connection.cursor(*args, **kwargs)
  File "/home/eaglcqjv/virtualenv/public_html/syscare/3.9/lib64/python3.9/site-packages/mysql/connector/connection_cext.py", line 841, in cursor
    raise OperationalError("MySQL Connection not available.")
mysql.connector.errors.OperationalError: MySQL Connection not available.

The above exception was the direct cause of the following exception:

Traceback (most recent call last):
  File "/home/eaglcqjv/virtualenv/public_html/syscare/3.9/lib/python3.9/site-packages/flask/app.py", line 1511, in wsgi_app
    response = self.full_dispatch_request()
  File "/home/eaglcqjv/virtualenv/public_html/syscare/3.9/lib/python3.9/site-packages/flask/app.py", line 919, in full_dispatch_request
    rv = self.handle_user_exception(e)
  File "/home/eaglcqjv/virtualenv/public_html/syscare/3.9/lib/python3.9/site-packages/flask/app.py", line 915, in full_dispatch_request
    rv = self.preprocess_request()
  File "/home/eaglcqjv/virtualenv/public_html/syscare/3.9/lib/python3.9/site-packages/flask/app.py", line 1291, in preprocess_request
    rv = self.ensure_sync(before_func)()
  File "/home/eaglcqjv/public_html/syscare/onsite_calls_blueprint.py", line 2138, in onsite_call_media_cleanup
    service.purge_expired_attachments()
  File "/home/eaglcqjv/public_html/syscare/onsite_calls_blueprint.py", line 1354, in purge_expired_attachments
    rows = db_session.execute(
  File "/home/eaglcqjv/virtualenv/public_html/syscare/3.9/lib64/python3.9/site-packages/sqlalchemy/orm/session.py", line 2351, in execute
    return self._execute_internal(
  File "/home/eaglcqjv/virtualenv/public_html/syscare/3.9/lib64/python3.9/site-packages/sqlalchemy/orm/session.py", line 2249, in _execute_internal
    result: Result[Any] = compile_state_cls.orm_execute_statement(
  File "/home/eaglcqjv/virtualenv/public_html/syscare/3.9/lib64/python3.9/site-packages/sqlalchemy/orm/context.py", line 306, in orm_execute_statement
    result = conn.execute(
  File "/home/eaglcqjv/virtualenv/public_html/syscare/3.9/lib64/python3.9/site-packages/sqlalchemy/engine/base.py", line 1419, in execute
    return meth(
  File "/home/eaglcqjv/virtualenv/public_html/syscare/3.9/lib64/python3.9/site-packages/sqlalchemy/sql/elements.py", line 527, in _execute_on_connection
    return connection._execute_clauseelement(
  File "/home/eaglcqjv/virtualenv/public_html/syscare/3.9/lib64/python3.9/site-packages/sqlalchemy/engine/base.py", line 1641, in _execute_clauseelement
    ret = self._execute_context(
  File "/home/eaglcqjv/virtualenv/public_html/syscare/3.9/lib64/python3.9/site-packages/sqlalchemy/engine/base.py", line 1821, in _execute_context
    self._handle_dbapi_exception(
  File "/home/eaglcqjv/virtualenv/public_html/syscare/3.9/lib64/python3.9/site-packages/sqlalchemy/engine/base.py", line 2363, in _handle_dbapi_exception
    raise sqlalchemy_exception.with_traceback(exc_info[2]) from e
  File "/home/eaglcqjv/virtualenv/public_html/syscare/3.9/lib64/python3.9/site-packages/sqlalchemy/engine/base.py", line 1815, in _execute_context
    context = constructor(
  File "/home/eaglcqjv/virtualenv/public_html/syscare/3.9/lib64/python3.9/site-packages/sqlalchemy/engine/default.py", line 1438, in _init_compiled
    self.cursor = self.create_cursor()
  File "/home/eaglcqjv/virtualenv/public_html/syscare/3.9/lib64/python3.9/site-packages/sqlalchemy/engine/default.py", line 1777, in create_cursor
    return self.create_default_cursor()
  File "/home/eaglcqjv/virtualenv/public_html/syscare/3.9/lib64/python3.9/site-packages/sqlalchemy/dialects/mysql/mysqlconnector.py", line 88, in create_default_cursor
    return self._dbapi_connection.cursor(buffered=True)
  File "/home/eaglcqjv/virtualenv/public_html/syscare/3.9/lib64/python3.9/site-packages/sqlalchemy/pool/base.py", line 1494, in cursor
    return self.dbapi_connection.cursor(*args, **kwargs)
  File "/home/eaglcqjv/virtualenv/public_html/syscare/3.9/lib64/python3.9/site-packages/mysql/connector/connection_cext.py", line 841, in cursor
    raise OperationalError("MySQL Connection not available.")
sqlalchemy.exc.OperationalError: (mysql.connector.errors.OperationalError) MySQL Connection not available.
[SQL: SELECT onsite_call_attachments.id, onsite_call_attachments.filename 
FROM onsite_call_attachments INNER JOIN onsite_calls ON onsite_calls.id = onsite_call_attachments.call_id 
WHERE onsite_calls.status IN (__[POSTCOMPILE_status_1]) AND onsite_calls.updated_at <= %(updated_at_1)s]
[parameters: [{}]]
(Background on this error at: https://sqlalche.me/e/20/e3q8)
[2026-04-30 01:24:42,323] WARNING in app: Blocked request with invalid CSRF token to /login
[2026-04-30 01:42:21,654] WARNING in app: Blocked request with invalid CSRF token to /login
[2026-04-30 02:51:03,106] WARNING in app: Blocked request with invalid CSRF token to /login
[2026-04-30 02:51:03,845] WARNING in app: Blocked request with invalid CSRF token to /login
[2026-04-30 03:23:12,251] WARNING in app: Blocked request with invalid CSRF token to /login
[2026-04-30 03:23:12,433] WARNING in app: Blocked request with invalid CSRF token to /login
[2026-04-30 05:11:49,449] ERROR in app: Job update failed
Traceback (most recent call last):
  File "/home/eaglcqjv/public_html/syscare/app.py", line 6891, in edit_job
    cursor.execute(
  File "/home/eaglcqjv/virtualenv/public_html/syscare/3.9/lib64/python3.9/site-packages/mysql/connector/cursor_cext.py", line 352, in execute
    self._handle_result(
  File "/home/eaglcqjv/virtualenv/public_html/syscare/3.9/lib64/python3.9/site-packages/mysql/connector/cursor_cext.py", line 285, in _handle_result
    self._handle_warnings()
  File "/home/eaglcqjv/virtualenv/public_html/syscare/3.9/lib64/python3.9/site-packages/mysql/connector/cursor_cext.py", line 270, in _handle_warnings
    raise err
mysql.connector.errors.DatabaseError: 1265: Data truncated for column 'mobile' at row 1
[2026-04-30 08:40:25,388] ERROR in app: Exception on /dashboard/onsite-alert [GET]
Traceback (most recent call last):
  File "/home/eaglcqjv/virtualenv/public_html/syscare/3.9/lib64/python3.9/site-packages/sqlalchemy/engine/base.py", line 1815, in _execute_context
    context = constructor(
  File "/home/eaglcqjv/virtualenv/public_html/syscare/3.9/lib64/python3.9/site-packages/sqlalchemy/engine/default.py", line 1438, in _init_compiled
    self.cursor = self.create_cursor()
  File "/home/eaglcqjv/virtualenv/public_html/syscare/3.9/lib64/python3.9/site-packages/sqlalchemy/engine/default.py", line 1777, in create_cursor
    return self.create_default_cursor()
  File "/home/eaglcqjv/virtualenv/public_html/syscare/3.9/lib64/python3.9/site-packages/sqlalchemy/dialects/mysql/mysqlconnector.py", line 88, in create_default_cursor
    return self._dbapi_connection.cursor(buffered=True)
  File "/home/eaglcqjv/virtualenv/public_html/syscare/3.9/lib64/python3.9/site-packages/sqlalchemy/pool/base.py", line 1494, in cursor
    return self.dbapi_connection.cursor(*args, **kwargs)
  File "/home/eaglcqjv/virtualenv/public_html/syscare/3.9/lib64/python3.9/site-packages/mysql/connector/connection_cext.py", line 841, in cursor
    raise OperationalError("MySQL Connection not available.")
mysql.connector.errors.OperationalError: MySQL Connection not available.

The above exception was the direct cause of the following exception:

Traceback (most recent call last):
  File "/home/eaglcqjv/virtualenv/public_html/syscare/3.9/lib/python3.9/site-packages/flask/app.py", line 1511, in wsgi_app
    response = self.full_dispatch_request()
  File "/home/eaglcqjv/virtualenv/public_html/syscare/3.9/lib/python3.9/site-packages/flask/app.py", line 919, in full_dispatch_request
    rv = self.handle_user_exception(e)
  File "/home/eaglcqjv/virtualenv/public_html/syscare/3.9/lib/python3.9/site-packages/flask/app.py", line 915, in full_dispatch_request
    rv = self.preprocess_request()
  File "/home/eaglcqjv/virtualenv/public_html/syscare/3.9/lib/python3.9/site-packages/flask/app.py", line 1291, in preprocess_request
    rv = self.ensure_sync(before_func)()
  File "/home/eaglcqjv/public_html/syscare/onsite_calls_blueprint.py", line 2138, in onsite_call_media_cleanup
    service.purge_expired_attachments()
  File "/home/eaglcqjv/public_html/syscare/onsite_calls_blueprint.py", line 1354, in purge_expired_attachments
    rows = db_session.execute(
  File "/home/eaglcqjv/virtualenv/public_html/syscare/3.9/lib64/python3.9/site-packages/sqlalchemy/orm/session.py", line 2351, in execute
    return self._execute_internal(
  File "/home/eaglcqjv/virtualenv/public_html/syscare/3.9/lib64/python3.9/site-packages/sqlalchemy/orm/session.py", line 2249, in _execute_internal
    result: Result[Any] = compile_state_cls.orm_execute_statement(
  File "/home/eaglcqjv/virtualenv/public_html/syscare/3.9/lib64/python3.9/site-packages/sqlalchemy/orm/context.py", line 306, in orm_execute_statement
    result = conn.execute(
  File "/home/eaglcqjv/virtualenv/public_html/syscare/3.9/lib64/python3.9/site-packages/sqlalchemy/engine/base.py", line 1419, in execute
    return meth(
  File "/home/eaglcqjv/virtualenv/public_html/syscare/3.9/lib64/python3.9/site-packages/sqlalchemy/sql/elements.py", line 527, in _execute_on_connection
    return connection._execute_clauseelement(
  File "/home/eaglcqjv/virtualenv/public_html/syscare/3.9/lib64/python3.9/site-packages/sqlalchemy/engine/base.py", line 1641, in _execute_clauseelement
    ret = self._execute_context(
  File "/home/eaglcqjv/virtualenv/public_html/syscare/3.9/lib64/python3.9/site-packages/sqlalchemy/engine/base.py", line 1821, in _execute_context
    self._handle_dbapi_exception(
  File "/home/eaglcqjv/virtualenv/public_html/syscare/3.9/lib64/python3.9/site-packages/sqlalchemy/engine/base.py", line 2363, in _handle_dbapi_exception
    raise sqlalchemy_exception.with_traceback(exc_info[2]) from e
  File "/home/eaglcqjv/virtualenv/public_html/syscare/3.9/lib64/python3.9/site-packages/sqlalchemy/engine/base.py", line 1815, in _execute_context
    context = constructor(
  File "/home/eaglcqjv/virtualenv/public_html/syscare/3.9/lib64/python3.9/site-packages/sqlalchemy/engine/default.py", line 1438, in _init_compiled
    self.cursor = self.create_cursor()
  File "/home/eaglcqjv/virtualenv/public_html/syscare/3.9/lib64/python3.9/site-packages/sqlalchemy/engine/default.py", line 1777, in create_cursor
    return self.create_default_cursor()
  File "/home/eaglcqjv/virtualenv/public_html/syscare/3.9/lib64/python3.9/site-packages/sqlalchemy/dialects/mysql/mysqlconnector.py", line 88, in create_default_cursor
    return self._dbapi_connection.cursor(buffered=True)
  File "/home/eaglcqjv/virtualenv/public_html/syscare/3.9/lib64/python3.9/site-packages/sqlalchemy/pool/base.py", line 1494, in cursor
    return self.dbapi_connection.cursor(*args, **kwargs)
  File "/home/eaglcqjv/virtualenv/public_html/syscare/3.9/lib64/python3.9/site-packages/mysql/connector/connection_cext.py", line 841, in cursor
    raise OperationalError("MySQL Connection not available.")
sqlalchemy.exc.OperationalError: (mysql.connector.errors.OperationalError) MySQL Connection not available.
[SQL: SELECT onsite_call_attachments.id, onsite_call_attachments.filename 
FROM onsite_call_attachments INNER JOIN onsite_calls ON onsite_calls.id = onsite_call_attachments.call_id 
WHERE onsite_calls.status IN (__[POSTCOMPILE_status_1]) AND onsite_calls.updated_at <= %(updated_at_1)s]
[parameters: [{}]]
(Background on this error at: https://sqlalche.me/e/20/e3q8)
[2026-04-30 12:59:43,833] WARNING in app: Blocked request with invalid CSRF token to /login
[2026-05-01 01:00:09,546] ERROR in app: Exception on /api/onsite-call/engineers [GET]
Traceback (most recent call last):
  File "/home/eaglcqjv/virtualenv/public_html/syscare/3.9/lib64/python3.9/site-packages/sqlalchemy/engine/base.py", line 1815, in _execute_context
    context = constructor(
  File "/home/eaglcqjv/virtualenv/public_html/syscare/3.9/lib64/python3.9/site-packages/sqlalchemy/engine/default.py", line 1438, in _init_compiled
    self.cursor = self.create_cursor()
  File "/home/eaglcqjv/virtualenv/public_html/syscare/3.9/lib64/python3.9/site-packages/sqlalchemy/engine/default.py", line 1777, in create_cursor
    return self.create_default_cursor()
  File "/home/eaglcqjv/virtualenv/public_html/syscare/3.9/lib64/python3.9/site-packages/sqlalchemy/dialects/mysql/mysqlconnector.py", line 88, in create_default_cursor
    return self._dbapi_connection.cursor(buffered=True)
  File "/home/eaglcqjv/virtualenv/public_html/syscare/3.9/lib64/python3.9/site-packages/sqlalchemy/pool/base.py", line 1494, in cursor
    return self.dbapi_connection.cursor(*args, **kwargs)
  File "/home/eaglcqjv/virtualenv/public_html/syscare/3.9/lib64/python3.9/site-packages/mysql/connector/connection_cext.py", line 841, in cursor
    raise OperationalError("MySQL Connection not available.")
mysql.connector.errors.OperationalError: MySQL Connection not available.

The above exception was the direct cause of the following exception:

Traceback (most recent call last):
  File "/home/eaglcqjv/virtualenv/public_html/syscare/3.9/lib/python3.9/site-packages/flask/app.py", line 1511, in wsgi_app
    response = self.full_dispatch_request()
  File "/home/eaglcqjv/virtualenv/public_html/syscare/3.9/lib/python3.9/site-packages/flask/app.py", line 919, in full_dispatch_request
    rv = self.handle_user_exception(e)
  File "/home/eaglcqjv/virtualenv/public_html/syscare/3.9/lib/python3.9/site-packages/flask/app.py", line 915, in full_dispatch_request
    rv = self.preprocess_request()
  File "/home/eaglcqjv/virtualenv/public_html/syscare/3.9/lib/python3.9/site-packages/flask/app.py", line 1291, in preprocess_request
    rv = self.ensure_sync(before_func)()
  File "/home/eaglcqjv/public_html/syscare/onsite_calls_blueprint.py", line 2138, in onsite_call_media_cleanup
    service.purge_expired_attachments()
  File "/home/eaglcqjv/public_html/syscare/onsite_calls_blueprint.py", line 1354, in purge_expired_attachments
    rows = db_session.execute(
  File "/home/eaglcqjv/virtualenv/public_html/syscare/3.9/lib64/python3.9/site-packages/sqlalchemy/orm/session.py", line 2351, in execute
    return self._execute_internal(
  File "/home/eaglcqjv/virtualenv/public_html/syscare/3.9/lib64/python3.9/site-packages/sqlalchemy/orm/session.py", line 2249, in _execute_internal
    result: Result[Any] = compile_state_cls.orm_execute_statement(
  File "/home/eaglcqjv/virtualenv/public_html/syscare/3.9/lib64/python3.9/site-packages/sqlalchemy/orm/context.py", line 306, in orm_execute_statement
    result = conn.execute(
  File "/home/eaglcqjv/virtualenv/public_html/syscare/3.9/lib64/python3.9/site-packages/sqlalchemy/engine/base.py", line 1419, in execute
    return meth(
  File "/home/eaglcqjv/virtualenv/public_html/syscare/3.9/lib64/python3.9/site-packages/sqlalchemy/sql/elements.py", line 527, in _execute_on_connection
    return connection._execute_clauseelement(
  File "/home/eaglcqjv/virtualenv/public_html/syscare/3.9/lib64/python3.9/site-packages/sqlalchemy/engine/base.py", line 1641, in _execute_clauseelement
    ret = self._execute_context(
  File "/home/eaglcqjv/virtualenv/public_html/syscare/3.9/lib64/python3.9/site-packages/sqlalchemy/engine/base.py", line 1821, in _execute_context
    self._handle_dbapi_exception(
  File "/home/eaglcqjv/virtualenv/public_html/syscare/3.9/lib64/python3.9/site-packages/sqlalchemy/engine/base.py", line 2363, in _handle_dbapi_exception
    raise sqlalchemy_exception.with_traceback(exc_info[2]) from e
  File "/home/eaglcqjv/virtualenv/public_html/syscare/3.9/lib64/python3.9/site-packages/sqlalchemy/engine/base.py", line 1815, in _execute_context
    context = constructor(
  File "/home/eaglcqjv/virtualenv/public_html/syscare/3.9/lib64/python3.9/site-packages/sqlalchemy/engine/default.py", line 1438, in _init_compiled
    self.cursor = self.create_cursor()
  File "/home/eaglcqjv/virtualenv/public_html/syscare/3.9/lib64/python3.9/site-packages/sqlalchemy/engine/default.py", line 1777, in create_cursor
    return self.create_default_cursor()
  File "/home/eaglcqjv/virtualenv/public_html/syscare/3.9/lib64/python3.9/site-packages/sqlalchemy/dialects/mysql/mysqlconnector.py", line 88, in create_default_cursor
    return self._dbapi_connection.cursor(buffered=True)
  File "/home/eaglcqjv/virtualenv/public_html/syscare/3.9/lib64/python3.9/site-packages/sqlalchemy/pool/base.py", line 1494, in cursor
    return self.dbapi_connection.cursor(*args, **kwargs)
  File "/home/eaglcqjv/virtualenv/public_html/syscare/3.9/lib64/python3.9/site-packages/mysql/connector/connection_cext.py", line 841, in cursor
    raise OperationalError("MySQL Connection not available.")
sqlalchemy.exc.OperationalError: (mysql.connector.errors.OperationalError) MySQL Connection not available.
[SQL: SELECT onsite_call_attachments.id, onsite_call_attachments.filename 
FROM onsite_call_attachments INNER JOIN onsite_calls ON onsite_calls.id = onsite_call_attachments.call_id 
WHERE onsite_calls.status IN (__[POSTCOMPILE_status_1]) AND onsite_calls.updated_at <= %(updated_at_1)s]
[parameters: [{}]]
(Background on this error at: https://sqlalche.me/e/20/e3q8)
[2026-05-01 01:23:49,340] WARNING in app: Blocked request with invalid CSRF token to /login
[2026-05-01 01:24:55,410] WARNING in app: Blocked request with invalid CSRF token to /login
[2026-05-01 01:27:45,494] WARNING in app: Blocked request with invalid CSRF token to /login
[2026-05-01 03:59:43,534] ERROR in app: Exception on /dashboard/onsite-alert [GET]
Traceback (most recent call last):
  File "/home/eaglcqjv/virtualenv/public_html/syscare/3.9/lib64/python3.9/site-packages/sqlalchemy/engine/base.py", line 1815, in _execute_context
    context = constructor(
  File "/home/eaglcqjv/virtualenv/public_html/syscare/3.9/lib64/python3.9/site-packages/sqlalchemy/engine/default.py", line 1438, in _init_compiled
    self.cursor = self.create_cursor()
  File "/home/eaglcqjv/virtualenv/public_html/syscare/3.9/lib64/python3.9/site-packages/sqlalchemy/engine/default.py", line 1777, in create_cursor
    return self.create_default_cursor()
  File "/home/eaglcqjv/virtualenv/public_html/syscare/3.9/lib64/python3.9/site-packages/sqlalchemy/dialects/mysql/mysqlconnector.py", line 88, in create_default_cursor
    return self._dbapi_connection.cursor(buffered=True)
  File "/home/eaglcqjv/virtualenv/public_html/syscare/3.9/lib64/python3.9/site-packages/sqlalchemy/pool/base.py", line 1494, in cursor
    return self.dbapi_connection.cursor(*args, **kwargs)
  File "/home/eaglcqjv/virtualenv/public_html/syscare/3.9/lib64/python3.9/site-packages/mysql/connector/connection_cext.py", line 841, in cursor
    raise OperationalError("MySQL Connection not available.")
mysql.connector.errors.OperationalError: MySQL Connection not available.

The above exception was the direct cause of the following exception:

Traceback (most recent call last):
  File "/home/eaglcqjv/virtualenv/public_html/syscare/3.9/lib/python3.9/site-packages/flask/app.py", line 1511, in wsgi_app
    response = self.full_dispatch_request()
  File "/home/eaglcqjv/virtualenv/public_html/syscare/3.9/lib/python3.9/site-packages/flask/app.py", line 919, in full_dispatch_request
    rv = self.handle_user_exception(e)
  File "/home/eaglcqjv/virtualenv/public_html/syscare/3.9/lib/python3.9/site-packages/flask/app.py", line 915, in full_dispatch_request
    rv = self.preprocess_request()
  File "/home/eaglcqjv/virtualenv/public_html/syscare/3.9/lib/python3.9/site-packages/flask/app.py", line 1291, in preprocess_request
    rv = self.ensure_sync(before_func)()
  File "/home/eaglcqjv/public_html/syscare/onsite_calls_blueprint.py", line 2138, in onsite_call_media_cleanup
    service.purge_expired_attachments()
  File "/home/eaglcqjv/public_html/syscare/onsite_calls_blueprint.py", line 1354, in purge_expired_attachments
    rows = db_session.execute(
  File "/home/eaglcqjv/virtualenv/public_html/syscare/3.9/lib64/python3.9/site-packages/sqlalchemy/orm/session.py", line 2351, in execute
    return self._execute_internal(
  File "/home/eaglcqjv/virtualenv/public_html/syscare/3.9/lib64/python3.9/site-packages/sqlalchemy/orm/session.py", line 2249, in _execute_internal
    result: Result[Any] = compile_state_cls.orm_execute_statement(
  File "/home/eaglcqjv/virtualenv/public_html/syscare/3.9/lib64/python3.9/site-packages/sqlalchemy/orm/context.py", line 306, in orm_execute_statement
    result = conn.execute(
  File "/home/eaglcqjv/virtualenv/public_html/syscare/3.9/lib64/python3.9/site-packages/sqlalchemy/engine/base.py", line 1419, in execute
    return meth(
  File "/home/eaglcqjv/virtualenv/public_html/syscare/3.9/lib64/python3.9/site-packages/sqlalchemy/sql/elements.py", line 527, in _execute_on_connection
    return connection._execute_clauseelement(
  File "/home/eaglcqjv/virtualenv/public_html/syscare/3.9/lib64/python3.9/site-packages/sqlalchemy/engine/base.py", line 1641, in _execute_clauseelement
    ret = self._execute_context(
  File "/home/eaglcqjv/virtualenv/public_html/syscare/3.9/lib64/python3.9/site-packages/sqlalchemy/engine/base.py", line 1821, in _execute_context
    self._handle_dbapi_exception(
  File "/home/eaglcqjv/virtualenv/public_html/syscare/3.9/lib64/python3.9/site-packages/sqlalchemy/engine/base.py", line 2363, in _handle_dbapi_exception
    raise sqlalchemy_exception.with_traceback(exc_info[2]) from e
  File "/home/eaglcqjv/virtualenv/public_html/syscare/3.9/lib64/python3.9/site-packages/sqlalchemy/engine/base.py", line 1815, in _execute_context
    context = constructor(
  File "/home/eaglcqjv/virtualenv/public_html/syscare/3.9/lib64/python3.9/site-packages/sqlalchemy/engine/default.py", line 1438, in _init_compiled
    self.cursor = self.create_cursor()
  File "/home/eaglcqjv/virtualenv/public_html/syscare/3.9/lib64/python3.9/site-packages/sqlalchemy/engine/default.py", line 1777, in create_cursor
    return self.create_default_cursor()
  File "/home/eaglcqjv/virtualenv/public_html/syscare/3.9/lib64/python3.9/site-packages/sqlalchemy/dialects/mysql/mysqlconnector.py", line 88, in create_default_cursor
    return self._dbapi_connection.cursor(buffered=True)
  File "/home/eaglcqjv/virtualenv/public_html/syscare/3.9/lib64/python3.9/site-packages/sqlalchemy/pool/base.py", line 1494, in cursor
    return self.dbapi_connection.cursor(*args, **kwargs)
  File "/home/eaglcqjv/virtualenv/public_html/syscare/3.9/lib64/python3.9/site-packages/mysql/connector/connection_cext.py", line 841, in cursor
    raise OperationalError("MySQL Connection not available.")
sqlalchemy.exc.OperationalError: (mysql.connector.errors.OperationalError) MySQL Connection not available.
[SQL: SELECT onsite_call_attachments.id, onsite_call_attachments.filename 
FROM onsite_call_attachments INNER JOIN onsite_calls ON onsite_calls.id = onsite_call_attachments.call_id 
WHERE onsite_calls.status IN (__[POSTCOMPILE_status_1]) AND onsite_calls.updated_at <= %(updated_at_1)s]
[parameters: [{}]]
(Background on this error at: https://sqlalche.me/e/20/e3q8)
[2026-05-01 04:31:59,178] ERROR in dashboard_settings_routes: Failed to load onsite dashboard alert count
Traceback (most recent call last):
  File "/home/eaglcqjv/virtualenv/public_html/syscare/3.9/lib64/python3.9/site-packages/sqlalchemy/pool/base.py", line 1319, in _checkout
    raise exc.InvalidatePoolError()
sqlalchemy.exc.InvalidatePoolError: ()

During handling of the above exception, another exception occurred:

Traceback (most recent call last):
  File "/home/eaglcqjv/virtualenv/public_html/syscare/3.9/lib64/python3.9/site-packages/mysql/connector/connection_cext.py", line 354, in _open_connection
    self._cmysql.connect(**cnx_kwargs)
_mysql_connector.MySQLInterfaceError: Can't connect to MySQL server on 'localhost:3306' (111)

The above exception was the direct cause of the following exception:

Traceback (most recent call last):
  File "/home/eaglcqjv/virtualenv/public_html/syscare/3.9/lib64/python3.9/site-packages/sqlalchemy/engine/base.py", line 143, in __init__
    self._dbapi_connection = engine.raw_connection()
  File "/home/eaglcqjv/virtualenv/public_html/syscare/3.9/lib64/python3.9/site-packages/sqlalchemy/engine/base.py", line 3317, in raw_connection
    return self.pool.connect()
  File "/home/eaglcqjv/virtualenv/public_html/syscare/3.9/lib64/python3.9/site-packages/sqlalchemy/pool/base.py", line 448, in connect
    return _ConnectionFairy._checkout(self)
  File "/home/eaglcqjv/virtualenv/public_html/syscare/3.9/lib64/python3.9/site-packages/sqlalchemy/pool/base.py", line 1364, in _checkout
    del fairy
  File "/home/eaglcqjv/virtualenv/public_html/syscare/3.9/lib64/python3.9/site-packages/sqlalchemy/util/langhelpers.py", line 121, in __exit__
    raise exc_value.with_traceback(exc_tb)
  File "/home/eaglcqjv/virtualenv/public_html/syscare/3.9/lib64/python3.9/site-packages/sqlalchemy/pool/base.py", line 1350, in _checkout
    fairy._connection_record.get_connection()
  File "/home/eaglcqjv/virtualenv/public_html/syscare/3.9/lib64/python3.9/site-packages/sqlalchemy/pool/base.py", line 837, in get_connection
    self.__connect()
  File "/home/eaglcqjv/virtualenv/public_html/syscare/3.9/lib64/python3.9/site-packages/sqlalchemy/pool/base.py", line 901, in __connect
    pool.logger.debug("Error on connect(): %s", e)
  File "/home/eaglcqjv/virtualenv/public_html/syscare/3.9/lib64/python3.9/site-packages/sqlalchemy/util/langhelpers.py", line 121, in __exit__
    raise exc_value.with_traceback(exc_tb)
  File "/home/eaglcqjv/virtualenv/public_html/syscare/3.9/lib64/python3.9/site-packages/sqlalchemy/pool/base.py", line 896, in __connect
    self.dbapi_connection = connection = pool._invoke_creator(self)
  File "/home/eaglcqjv/virtualenv/public_html/syscare/3.9/lib64/python3.9/site-packages/sqlalchemy/engine/create.py", line 667, in connect
    return dialect.connect(*cargs_tup, **cparams)
  File "/home/eaglcqjv/virtualenv/public_html/syscare/3.9/lib64/python3.9/site-packages/sqlalchemy/engine/default.py", line 630, in connect
    return self.loaded_dbapi.connect(*cargs, **cparams)  # type: ignore[no-any-return]  # NOQA: E501
  File "/home/eaglcqjv/virtualenv/public_html/syscare/3.9/lib64/python3.9/site-packages/mysql/connector/pooling.py", line 322, in connect
    return CMySQLConnection(*args, **kwargs)
  File "/home/eaglcqjv/virtualenv/public_html/syscare/3.9/lib64/python3.9/site-packages/mysql/connector/connection_cext.py", line 142, in __init__
    self.connect(**kwargs)
  File "/home/eaglcqjv/virtualenv/public_html/syscare/3.9/lib64/python3.9/site-packages/mysql/connector/abstracts.py", line 1604, in connect
    self._open_connection()
  File "/home/eaglcqjv/virtualenv/public_html/syscare/3.9/lib64/python3.9/site-packages/mysql/connector/connection_cext.py", line 360, in _open_connection
    raise get_mysql_exception(
mysql.connector.errors.DatabaseError: 2003 (HY000): Can't connect to MySQL server on 'localhost:3306' (111)

The above exception was the direct cause of the following exception:

Traceback (most recent call last):
  File "/home/eaglcqjv/public_html/syscare/dashboard_settings_routes.py", line 65, in _build_onsite_dashboard_alert_payload
    onsite_counts = onsite_service.dashboard_counts(onsite_actor, {}, use_cache=False)
  File "/home/eaglcqjv/public_html/syscare/onsite_calls_blueprint.py", line 1256, in dashboard_counts
    grouped_rows = db_session.execute(grouped_stmt).all()
  File "/home/eaglcqjv/virtualenv/public_html/syscare/3.9/lib64/python3.9/site-packages/sqlalchemy/orm/session.py", line 2351, in execute
    return self._execute_internal(
  File "/home/eaglcqjv/virtualenv/public_html/syscare/3.9/lib64/python3.9/site-packages/sqlalchemy/orm/session.py", line 2239, in _execute_internal
    conn = self._connection_for_bind(bind)
  File "/home/eaglcqjv/virtualenv/public_html/syscare/3.9/lib64/python3.9/site-packages/sqlalchemy/orm/session.py", line 2108, in _connection_for_bind
    return trans._connection_for_bind(engine, execution_options)
  File "<string>", line 2, in _connection_for_bind
  File "/home/eaglcqjv/virtualenv/public_html/syscare/3.9/lib64/python3.9/site-packages/sqlalchemy/orm/state_changes.py", line 137, in _go
    ret_value = fn(self, *arg, **kw)
  File "/home/eaglcqjv/virtualenv/public_html/syscare/3.9/lib64/python3.9/site-packages/sqlalchemy/orm/session.py", line 1187, in _connection_for_bind
    conn = bind.connect()
  File "/home/eaglcqjv/virtualenv/public_html/syscare/3.9/lib64/python3.9/site-packages/sqlalchemy/engine/base.py", line 3293, in connect
    return self._connection_cls(self)
  File "/home/eaglcqjv/virtualenv/public_html/syscare/3.9/lib64/python3.9/site-packages/sqlalchemy/engine/base.py", line 145, in __init__
    Connection._handle_dbapi_exception_noconnection(
  File "/home/eaglcqjv/virtualenv/public_html/syscare/3.9/lib64/python3.9/site-packages/sqlalchemy/engine/base.py", line 2448, in _handle_dbapi_exception_noconnection
    raise sqlalchemy_exception.with_traceback(exc_info[2]) from e
  File "/home/eaglcqjv/virtualenv/public_html/syscare/3.9/lib64/python3.9/site-packages/sqlalchemy/engine/base.py", line 143, in __init__
    self._dbapi_connection = engine.raw_connection()
  File "/home/eaglcqjv/virtualenv/public_html/syscare/3.9/lib64/python3.9/site-packages/sqlalchemy/engine/base.py", line 3317, in raw_connection
    return self.pool.connect()
  File "/home/eaglcqjv/virtualenv/public_html/syscare/3.9/lib64/python3.9/site-packages/sqlalchemy/pool/base.py", line 448, in connect
    return _ConnectionFairy._checkout(self)
  File "/home/eaglcqjv/virtualenv/public_html/syscare/3.9/lib64/python3.9/site-packages/sqlalchemy/pool/base.py", line 1364, in _checkout
    del fairy
  File "/home/eaglcqjv/virtualenv/public_html/syscare/3.9/lib64/python3.9/site-packages/sqlalchemy/util/langhelpers.py", line 121, in __exit__
    raise exc_value.with_traceback(exc_tb)
  File "/home/eaglcqjv/virtualenv/public_html/syscare/3.9/lib64/python3.9/site-packages/sqlalchemy/pool/base.py", line 1350, in _checkout
    fairy._connection_record.get_connection()
  File "/home/eaglcqjv/virtualenv/public_html/syscare/3.9/lib64/python3.9/site-packages/sqlalchemy/pool/base.py", line 837, in get_connection
    self.__connect()
  File "/home/eaglcqjv/virtualenv/public_html/syscare/3.9/lib64/python3.9/site-packages/sqlalchemy/pool/base.py", line 901, in __connect
    pool.logger.debug("Error on connect(): %s", e)
  File "/home/eaglcqjv/virtualenv/public_html/syscare/3.9/lib64/python3.9/site-packages/sqlalchemy/util/langhelpers.py", line 121, in __exit__
    raise exc_value.with_traceback(exc_tb)
  File "/home/eaglcqjv/virtualenv/public_html/syscare/3.9/lib64/python3.9/site-packages/sqlalchemy/pool/base.py", line 896, in __connect
    self.dbapi_connection = connection = pool._invoke_creator(self)
  File "/home/eaglcqjv/virtualenv/public_html/syscare/3.9/lib64/python3.9/site-packages/sqlalchemy/engine/create.py", line 667, in connect
    return dialect.connect(*cargs_tup, **cparams)
  File "/home/eaglcqjv/virtualenv/public_html/syscare/3.9/lib64/python3.9/site-packages/sqlalchemy/engine/default.py", line 630, in connect
    return self.loaded_dbapi.connect(*cargs, **cparams)  # type: ignore[no-any-return]  # NOQA: E501
  File "/home/eaglcqjv/virtualenv/public_html/syscare/3.9/lib64/python3.9/site-packages/mysql/connector/pooling.py", line 322, in connect
    return CMySQLConnection(*args, **kwargs)
  File "/home/eaglcqjv/virtualenv/public_html/syscare/3.9/lib64/python3.9/site-packages/mysql/connector/connection_cext.py", line 142, in __init__
    self.connect(**kwargs)
  File "/home/eaglcqjv/virtualenv/public_html/syscare/3.9/lib64/python3.9/site-packages/mysql/connector/abstracts.py", line 1604, in connect
    self._open_connection()
  File "/home/eaglcqjv/virtualenv/public_html/syscare/3.9/lib64/python3.9/site-packages/mysql/connector/connection_cext.py", line 360, in _open_connection
    raise get_mysql_exception(
sqlalchemy.exc.DatabaseError: (mysql.connector.errors.DatabaseError) 2003 (HY000): Can't connect to MySQL server on 'localhost:3306' (111)
(Background on this error at: https://sqlalche.me/e/20/4xp6)
[2026-05-01 04:43:00,934] ERROR in app: Exception on /dashboard/onsite-alert [GET]
Traceback (most recent call last):
  File "/home/eaglcqjv/virtualenv/public_html/syscare/3.9/lib64/python3.9/site-packages/sqlalchemy/engine/base.py", line 1815, in _execute_context
    context = constructor(
  File "/home/eaglcqjv/virtualenv/public_html/syscare/3.9/lib64/python3.9/site-packages/sqlalchemy/engine/default.py", line 1438, in _init_compiled
    self.cursor = self.create_cursor()
  File "/home/eaglcqjv/virtualenv/public_html/syscare/3.9/lib64/python3.9/site-packages/sqlalchemy/engine/default.py", line 1777, in create_cursor
    return self.create_default_cursor()
  File "/home/eaglcqjv/virtualenv/public_html/syscare/3.9/lib64/python3.9/site-packages/sqlalchemy/dialects/mysql/mysqlconnector.py", line 88, in create_default_cursor
    return self._dbapi_connection.cursor(buffered=True)
  File "/home/eaglcqjv/virtualenv/public_html/syscare/3.9/lib64/python3.9/site-packages/sqlalchemy/pool/base.py", line 1494, in cursor
    return self.dbapi_connection.cursor(*args, **kwargs)
  File "/home/eaglcqjv/virtualenv/public_html/syscare/3.9/lib64/python3.9/site-packages/mysql/connector/connection_cext.py", line 841, in cursor
    raise OperationalError("MySQL Connection not available.")
mysql.connector.errors.OperationalError: MySQL Connection not available.

The above exception was the direct cause of the following exception:

Traceback (most recent call last):
  File "/home/eaglcqjv/virtualenv/public_html/syscare/3.9/lib/python3.9/site-packages/flask/app.py", line 1511, in wsgi_app
    response = self.full_dispatch_request()
  File "/home/eaglcqjv/virtualenv/public_html/syscare/3.9/lib/python3.9/site-packages/flask/app.py", line 919, in full_dispatch_request
    rv = self.handle_user_exception(e)
  File "/home/eaglcqjv/virtualenv/public_html/syscare/3.9/lib/python3.9/site-packages/flask/app.py", line 915, in full_dispatch_request
    rv = self.preprocess_request()
  File "/home/eaglcqjv/virtualenv/public_html/syscare/3.9/lib/python3.9/site-packages/flask/app.py", line 1291, in preprocess_request
    rv = self.ensure_sync(before_func)()
  File "/home/eaglcqjv/public_html/syscare/onsite_calls_blueprint.py", line 2138, in onsite_call_media_cleanup
    service.purge_expired_attachments()
  File "/home/eaglcqjv/public_html/syscare/onsite_calls_blueprint.py", line 1354, in purge_expired_attachments
    rows = db_session.execute(
  File "/home/eaglcqjv/virtualenv/public_html/syscare/3.9/lib64/python3.9/site-packages/sqlalchemy/orm/session.py", line 2351, in execute
    return self._execute_internal(
  File "/home/eaglcqjv/virtualenv/public_html/syscare/3.9/lib64/python3.9/site-packages/sqlalchemy/orm/session.py", line 2249, in _execute_internal
    result: Result[Any] = compile_state_cls.orm_execute_statement(
  File "/home/eaglcqjv/virtualenv/public_html/syscare/3.9/lib64/python3.9/site-packages/sqlalchemy/orm/context.py", line 306, in orm_execute_statement
    result = conn.execute(
  File "/home/eaglcqjv/virtualenv/public_html/syscare/3.9/lib64/python3.9/site-packages/sqlalchemy/engine/base.py", line 1419, in execute
    return meth(
  File "/home/eaglcqjv/virtualenv/public_html/syscare/3.9/lib64/python3.9/site-packages/sqlalchemy/sql/elements.py", line 527, in _execute_on_connection
    return connection._execute_clauseelement(
  File "/home/eaglcqjv/virtualenv/public_html/syscare/3.9/lib64/python3.9/site-packages/sqlalchemy/engine/base.py", line 1641, in _execute_clauseelement
    ret = self._execute_context(
  File "/home/eaglcqjv/virtualenv/public_html/syscare/3.9/lib64/python3.9/site-packages/sqlalchemy/engine/base.py", line 1821, in _execute_context
    self._handle_dbapi_exception(
  File "/home/eaglcqjv/virtualenv/public_html/syscare/3.9/lib64/python3.9/site-packages/sqlalchemy/engine/base.py", line 2363, in _handle_dbapi_exception
    raise sqlalchemy_exception.with_traceback(exc_info[2]) from e
  File "/home/eaglcqjv/virtualenv/public_html/syscare/3.9/lib64/python3.9/site-packages/sqlalchemy/engine/base.py", line 1815, in _execute_context
    context = constructor(
  File "/home/eaglcqjv/virtualenv/public_html/syscare/3.9/lib64/python3.9/site-packages/sqlalchemy/engine/default.py", line 1438, in _init_compiled
    self.cursor = self.create_cursor()
  File "/home/eaglcqjv/virtualenv/public_html/syscare/3.9/lib64/python3.9/site-packages/sqlalchemy/engine/default.py", line 1777, in create_cursor
    return self.create_default_cursor()
  File "/home/eaglcqjv/virtualenv/public_html/syscare/3.9/lib64/python3.9/site-packages/sqlalchemy/dialects/mysql/mysqlconnector.py", line 88, in create_default_cursor
    return self._dbapi_connection.cursor(buffered=True)
  File "/home/eaglcqjv/virtualenv/public_html/syscare/3.9/lib64/python3.9/site-packages/sqlalchemy/pool/base.py", line 1494, in cursor
    return self.dbapi_connection.cursor(*args, **kwargs)
  File "/home/eaglcqjv/virtualenv/public_html/syscare/3.9/lib64/python3.9/site-packages/mysql/connector/connection_cext.py", line 841, in cursor
    raise OperationalError("MySQL Connection not available.")
sqlalchemy.exc.OperationalError: (mysql.connector.errors.OperationalError) MySQL Connection not available.
[SQL: SELECT onsite_call_attachments.id, onsite_call_attachments.filename 
FROM onsite_call_attachments INNER JOIN onsite_calls ON onsite_calls.id = onsite_call_attachments.call_id 
WHERE onsite_calls.status IN (__[POSTCOMPILE_status_1]) AND onsite_calls.updated_at <= %(updated_at_1)s]
[parameters: [{}]]
(Background on this error at: https://sqlalche.me/e/20/e3q8)
[2026-05-01 08:12:13,596] WARNING in app: Blocked request with invalid CSRF token to /login
[2026-05-01 08:12:27,619] WARNING in app: Blocked request with invalid CSRF token to /login
[2026-05-01 22:19:20,967] ERROR in app: Exception on /job-details/1749 [GET]
Traceback (most recent call last):
  File "/home/eaglcqjv/virtualenv/public_html/syscare/3.9/lib64/python3.9/site-packages/sqlalchemy/engine/base.py", line 1815, in _execute_context
    context = constructor(
  File "/home/eaglcqjv/virtualenv/public_html/syscare/3.9/lib64/python3.9/site-packages/sqlalchemy/engine/default.py", line 1438, in _init_compiled
    self.cursor = self.create_cursor()
  File "/home/eaglcqjv/virtualenv/public_html/syscare/3.9/lib64/python3.9/site-packages/sqlalchemy/engine/default.py", line 1777, in create_cursor
    return self.create_default_cursor()
  File "/home/eaglcqjv/virtualenv/public_html/syscare/3.9/lib64/python3.9/site-packages/sqlalchemy/dialects/mysql/mysqlconnector.py", line 88, in create_default_cursor
    return self._dbapi_connection.cursor(buffered=True)
  File "/home/eaglcqjv/virtualenv/public_html/syscare/3.9/lib64/python3.9/site-packages/sqlalchemy/pool/base.py", line 1494, in cursor
    return self.dbapi_connection.cursor(*args, **kwargs)
  File "/home/eaglcqjv/virtualenv/public_html/syscare/3.9/lib64/python3.9/site-packages/mysql/connector/connection_cext.py", line 841, in cursor
    raise OperationalError("MySQL Connection not available.")
mysql.connector.errors.OperationalError: MySQL Connection not available.

The above exception was the direct cause of the following exception:

Traceback (most recent call last):
  File "/home/eaglcqjv/virtualenv/public_html/syscare/3.9/lib/python3.9/site-packages/flask/app.py", line 1511, in wsgi_app
    response = self.full_dispatch_request()
  File "/home/eaglcqjv/virtualenv/public_html/syscare/3.9/lib/python3.9/site-packages/flask/app.py", line 919, in full_dispatch_request
    rv = self.handle_user_exception(e)
  File "/home/eaglcqjv/virtualenv/public_html/syscare/3.9/lib/python3.9/site-packages/flask/app.py", line 915, in full_dispatch_request
    rv = self.preprocess_request()
  File "/home/eaglcqjv/virtualenv/public_html/syscare/3.9/lib/python3.9/site-packages/flask/app.py", line 1291, in preprocess_request
    rv = self.ensure_sync(before_func)()
  File "/home/eaglcqjv/public_html/syscare/onsite_calls_blueprint.py", line 2138, in onsite_call_media_cleanup
    service.purge_expired_attachments()
  File "/home/eaglcqjv/public_html/syscare/onsite_calls_blueprint.py", line 1354, in purge_expired_attachments
    rows = db_session.execute(
  File "/home/eaglcqjv/virtualenv/public_html/syscare/3.9/lib64/python3.9/site-packages/sqlalchemy/orm/session.py", line 2351, in execute
    return self._execute_internal(
  File "/home/eaglcqjv/virtualenv/public_html/syscare/3.9/lib64/python3.9/site-packages/sqlalchemy/orm/session.py", line 2249, in _execute_internal
    result: Result[Any] = compile_state_cls.orm_execute_statement(
  File "/home/eaglcqjv/virtualenv/public_html/syscare/3.9/lib64/python3.9/site-packages/sqlalchemy/orm/context.py", line 306, in orm_execute_statement
    result = conn.execute(
  File "/home/eaglcqjv/virtualenv/public_html/syscare/3.9/lib64/python3.9/site-packages/sqlalchemy/engine/base.py", line 1419, in execute
    return meth(
  File "/home/eaglcqjv/virtualenv/public_html/syscare/3.9/lib64/python3.9/site-packages/sqlalchemy/sql/elements.py", line 527, in _execute_on_connection
    return connection._execute_clauseelement(
  File "/home/eaglcqjv/virtualenv/public_html/syscare/3.9/lib64/python3.9/site-packages/sqlalchemy/engine/base.py", line 1641, in _execute_clauseelement
    ret = self._execute_context(
  File "/home/eaglcqjv/virtualenv/public_html/syscare/3.9/lib64/python3.9/site-packages/sqlalchemy/engine/base.py", line 1821, in _execute_context
    self._handle_dbapi_exception(
  File "/home/eaglcqjv/virtualenv/public_html/syscare/3.9/lib64/python3.9/site-packages/sqlalchemy/engine/base.py", line 2363, in _handle_dbapi_exception
    raise sqlalchemy_exception.with_traceback(exc_info[2]) from e
  File "/home/eaglcqjv/virtualenv/public_html/syscare/3.9/lib64/python3.9/site-packages/sqlalchemy/engine/base.py", line 1815, in _execute_context
    context = constructor(
  File "/home/eaglcqjv/virtualenv/public_html/syscare/3.9/lib64/python3.9/site-packages/sqlalchemy/engine/default.py", line 1438, in _init_compiled
    self.cursor = self.create_cursor()
  File "/home/eaglcqjv/virtualenv/public_html/syscare/3.9/lib64/python3.9/site-packages/sqlalchemy/engine/default.py", line 1777, in create_cursor
    return self.create_default_cursor()
  File "/home/eaglcqjv/virtualenv/public_html/syscare/3.9/lib64/python3.9/site-packages/sqlalchemy/dialects/mysql/mysqlconnector.py", line 88, in create_default_cursor
    return self._dbapi_connection.cursor(buffered=True)
  File "/home/eaglcqjv/virtualenv/public_html/syscare/3.9/lib64/python3.9/site-packages/sqlalchemy/pool/base.py", line 1494, in cursor
    return self.dbapi_connection.cursor(*args, **kwargs)
  File "/home/eaglcqjv/virtualenv/public_html/syscare/3.9/lib64/python3.9/site-packages/mysql/connector/connection_cext.py", line 841, in cursor
    raise OperationalError("MySQL Connection not available.")
sqlalchemy.exc.OperationalError: (mysql.connector.errors.OperationalError) MySQL Connection not available.
[SQL: SELECT onsite_call_attachments.id, onsite_call_attachments.filename 
FROM onsite_call_attachments INNER JOIN onsite_calls ON onsite_calls.id = onsite_call_attachments.call_id 
WHERE onsite_calls.status IN (__[POSTCOMPILE_status_1]) AND onsite_calls.updated_at <= %(updated_at_1)s]
[parameters: [{}]]
(Background on this error at: https://sqlalche.me/e/20/e3q8)
[2026-05-02 00:05:59,803] ERROR in app: Exception on /dashboard [GET]
Traceback (most recent call last):
  File "/home/eaglcqjv/virtualenv/public_html/syscare/3.9/lib64/python3.9/site-packages/sqlalchemy/engine/base.py", line 1815, in _execute_context
    context = constructor(
  File "/home/eaglcqjv/virtualenv/public_html/syscare/3.9/lib64/python3.9/site-packages/sqlalchemy/engine/default.py", line 1438, in _init_compiled
    self.cursor = self.create_cursor()
  File "/home/eaglcqjv/virtualenv/public_html/syscare/3.9/lib64/python3.9/site-packages/sqlalchemy/engine/default.py", line 1777, in create_cursor
    return self.create_default_cursor()
  File "/home/eaglcqjv/virtualenv/public_html/syscare/3.9/lib64/python3.9/site-packages/sqlalchemy/dialects/mysql/mysqlconnector.py", line 88, in create_default_cursor
    return self._dbapi_connection.cursor(buffered=True)
  File "/home/eaglcqjv/virtualenv/public_html/syscare/3.9/lib64/python3.9/site-packages/sqlalchemy/pool/base.py", line 1494, in cursor
    return self.dbapi_connection.cursor(*args, **kwargs)
  File "/home/eaglcqjv/virtualenv/public_html/syscare/3.9/lib64/python3.9/site-packages/mysql/connector/connection_cext.py", line 841, in cursor
    raise OperationalError("MySQL Connection not available.")
mysql.connector.errors.OperationalError: MySQL Connection not available.

The above exception was the direct cause of the following exception:

Traceback (most recent call last):
  File "/home/eaglcqjv/virtualenv/public_html/syscare/3.9/lib/python3.9/site-packages/flask/app.py", line 1511, in wsgi_app
    response = self.full_dispatch_request()
  File "/home/eaglcqjv/virtualenv/public_html/syscare/3.9/lib/python3.9/site-packages/flask/app.py", line 919, in full_dispatch_request
    rv = self.handle_user_exception(e)
  File "/home/eaglcqjv/virtualenv/public_html/syscare/3.9/lib/python3.9/site-packages/flask/app.py", line 915, in full_dispatch_request
    rv = self.preprocess_request()
  File "/home/eaglcqjv/virtualenv/public_html/syscare/3.9/lib/python3.9/site-packages/flask/app.py", line 1291, in preprocess_request
    rv = self.ensure_sync(before_func)()
  File "/home/eaglcqjv/public_html/syscare/onsite_calls_blueprint.py", line 2138, in onsite_call_media_cleanup
    service.purge_expired_attachments()
  File "/home/eaglcqjv/public_html/syscare/onsite_calls_blueprint.py", line 1354, in purge_expired_attachments
    rows = db_session.execute(
  File "/home/eaglcqjv/virtualenv/public_html/syscare/3.9/lib64/python3.9/site-packages/sqlalchemy/orm/session.py", line 2351, in execute
    return self._execute_internal(
  File "/home/eaglcqjv/virtualenv/public_html/syscare/3.9/lib64/python3.9/site-packages/sqlalchemy/orm/session.py", line 2249, in _execute_internal
    result: Result[Any] = compile_state_cls.orm_execute_statement(
  File "/home/eaglcqjv/virtualenv/public_html/syscare/3.9/lib64/python3.9/site-packages/sqlalchemy/orm/context.py", line 306, in orm_execute_statement
    result = conn.execute(
  File "/home/eaglcqjv/virtualenv/public_html/syscare/3.9/lib64/python3.9/site-packages/sqlalchemy/engine/base.py", line 1419, in execute
    return meth(
  File "/home/eaglcqjv/virtualenv/public_html/syscare/3.9/lib64/python3.9/site-packages/sqlalchemy/sql/elements.py", line 527, in _execute_on_connection
    return connection._execute_clauseelement(
  File "/home/eaglcqjv/virtualenv/public_html/syscare/3.9/lib64/python3.9/site-packages/sqlalchemy/engine/base.py", line 1641, in _execute_clauseelement
    ret = self._execute_context(
  File "/home/eaglcqjv/virtualenv/public_html/syscare/3.9/lib64/python3.9/site-packages/sqlalchemy/engine/base.py", line 1821, in _execute_context
    self._handle_dbapi_exception(
  File "/home/eaglcqjv/virtualenv/public_html/syscare/3.9/lib64/python3.9/site-packages/sqlalchemy/engine/base.py", line 2363, in _handle_dbapi_exception
    raise sqlalchemy_exception.with_traceback(exc_info[2]) from e
  File "/home/eaglcqjv/virtualenv/public_html/syscare/3.9/lib64/python3.9/site-packages/sqlalchemy/engine/base.py", line 1815, in _execute_context
    context = constructor(
  File "/home/eaglcqjv/virtualenv/public_html/syscare/3.9/lib64/python3.9/site-packages/sqlalchemy/engine/default.py", line 1438, in _init_compiled
    self.cursor = self.create_cursor()
  File "/home/eaglcqjv/virtualenv/public_html/syscare/3.9/lib64/python3.9/site-packages/sqlalchemy/engine/default.py", line 1777, in create_cursor
    return self.create_default_cursor()
  File "/home/eaglcqjv/virtualenv/public_html/syscare/3.9/lib64/python3.9/site-packages/sqlalchemy/dialects/mysql/mysqlconnector.py", line 88, in create_default_cursor
    return self._dbapi_connection.cursor(buffered=True)
  File "/home/eaglcqjv/virtualenv/public_html/syscare/3.9/lib64/python3.9/site-packages/sqlalchemy/pool/base.py", line 1494, in cursor
    return self.dbapi_connection.cursor(*args, **kwargs)
  File "/home/eaglcqjv/virtualenv/public_html/syscare/3.9/lib64/python3.9/site-packages/mysql/connector/connection_cext.py", line 841, in cursor
    raise OperationalError("MySQL Connection not available.")
sqlalchemy.exc.OperationalError: (mysql.connector.errors.OperationalError) MySQL Connection not available.
[SQL: SELECT onsite_call_attachments.id, onsite_call_attachments.filename 
FROM onsite_call_attachments INNER JOIN onsite_calls ON onsite_calls.id = onsite_call_attachments.call_id 
WHERE onsite_calls.status IN (__[POSTCOMPILE_status_1]) AND onsite_calls.updated_at <= %(updated_at_1)s]
[parameters: [{}]]
(Background on this error at: https://sqlalche.me/e/20/e3q8)
[2026-05-02 00:37:46,739] WARNING in app: Blocked request with invalid CSRF token to /login
[2026-05-02 00:45:55,407] WARNING in app: Blocked request with invalid CSRF token to /login
[2026-05-02 00:48:51,703] WARNING in app: Blocked request with invalid CSRF token to /login
[2026-05-02 04:03:04,703] ERROR in app: Exception on /customer-history/9349941 [GET]
Traceback (most recent call last):
  File "/home/eaglcqjv/virtualenv/public_html/syscare/3.9/lib64/python3.9/site-packages/sqlalchemy/engine/base.py", line 1815, in _execute_context
    context = constructor(
  File "/home/eaglcqjv/virtualenv/public_html/syscare/3.9/lib64/python3.9/site-packages/sqlalchemy/engine/default.py", line 1438, in _init_compiled
    self.cursor = self.create_cursor()
  File "/home/eaglcqjv/virtualenv/public_html/syscare/3.9/lib64/python3.9/site-packages/sqlalchemy/engine/default.py", line 1777, in create_cursor
    return self.create_default_cursor()
  File "/home/eaglcqjv/virtualenv/public_html/syscare/3.9/lib64/python3.9/site-packages/sqlalchemy/dialects/mysql/mysqlconnector.py", line 88, in create_default_cursor
    return self._dbapi_connection.cursor(buffered=True)
  File "/home/eaglcqjv/virtualenv/public_html/syscare/3.9/lib64/python3.9/site-packages/sqlalchemy/pool/base.py", line 1494, in cursor
    return self.dbapi_connection.cursor(*args, **kwargs)
  File "/home/eaglcqjv/virtualenv/public_html/syscare/3.9/lib64/python3.9/site-packages/mysql/connector/connection_cext.py", line 841, in cursor
    raise OperationalError("MySQL Connection not available.")
mysql.connector.errors.OperationalError: MySQL Connection not available.

The above exception was the direct cause of the following exception:

Traceback (most recent call last):
  File "/home/eaglcqjv/virtualenv/public_html/syscare/3.9/lib/python3.9/site-packages/flask/app.py", line 1511, in wsgi_app
    response = self.full_dispatch_request()
  File "/home/eaglcqjv/virtualenv/public_html/syscare/3.9/lib/python3.9/site-packages/flask/app.py", line 919, in full_dispatch_request
    rv = self.handle_user_exception(e)
  File "/home/eaglcqjv/virtualenv/public_html/syscare/3.9/lib/python3.9/site-packages/flask/app.py", line 915, in full_dispatch_request
    rv = self.preprocess_request()
  File "/home/eaglcqjv/virtualenv/public_html/syscare/3.9/lib/python3.9/site-packages/flask/app.py", line 1291, in preprocess_request
    rv = self.ensure_sync(before_func)()
  File "/home/eaglcqjv/public_html/syscare/onsite_calls_blueprint.py", line 2138, in onsite_call_media_cleanup
    service.purge_expired_attachments()
  File "/home/eaglcqjv/public_html/syscare/onsite_calls_blueprint.py", line 1354, in purge_expired_attachments
    rows = db_session.execute(
  File "/home/eaglcqjv/virtualenv/public_html/syscare/3.9/lib64/python3.9/site-packages/sqlalchemy/orm/session.py", line 2351, in execute
    return self._execute_internal(
  File "/home/eaglcqjv/virtualenv/public_html/syscare/3.9/lib64/python3.9/site-packages/sqlalchemy/orm/session.py", line 2249, in _execute_internal
    result: Result[Any] = compile_state_cls.orm_execute_statement(
  File "/home/eaglcqjv/virtualenv/public_html/syscare/3.9/lib64/python3.9/site-packages/sqlalchemy/orm/context.py", line 306, in orm_execute_statement
    result = conn.execute(
  File "/home/eaglcqjv/virtualenv/public_html/syscare/3.9/lib64/python3.9/site-packages/sqlalchemy/engine/base.py", line 1419, in execute
    return meth(
  File "/home/eaglcqjv/virtualenv/public_html/syscare/3.9/lib64/python3.9/site-packages/sqlalchemy/sql/elements.py", line 527, in _execute_on_connection
    return connection._execute_clauseelement(
  File "/home/eaglcqjv/virtualenv/public_html/syscare/3.9/lib64/python3.9/site-packages/sqlalchemy/engine/base.py", line 1641, in _execute_clauseelement
    ret = self._execute_context(
  File "/home/eaglcqjv/virtualenv/public_html/syscare/3.9/lib64/python3.9/site-packages/sqlalchemy/engine/base.py", line 1821, in _execute_context
    self._handle_dbapi_exception(
  File "/home/eaglcqjv/virtualenv/public_html/syscare/3.9/lib64/python3.9/site-packages/sqlalchemy/engine/base.py", line 2363, in _handle_dbapi_exception
    raise sqlalchemy_exception.with_traceback(exc_info[2]) from e
  File "/home/eaglcqjv/virtualenv/public_html/syscare/3.9/lib64/python3.9/site-packages/sqlalchemy/engine/base.py", line 1815, in _execute_context
    context = constructor(
  File "/home/eaglcqjv/virtualenv/public_html/syscare/3.9/lib64/python3.9/site-packages/sqlalchemy/engine/default.py", line 1438, in _init_compiled
    self.cursor = self.create_cursor()
  File "/home/eaglcqjv/virtualenv/public_html/syscare/3.9/lib64/python3.9/site-packages/sqlalchemy/engine/default.py", line 1777, in create_cursor
    return self.create_default_cursor()
  File "/home/eaglcqjv/virtualenv/public_html/syscare/3.9/lib64/python3.9/site-packages/sqlalchemy/dialects/mysql/mysqlconnector.py", line 88, in create_default_cursor
    return self._dbapi_connection.cursor(buffered=True)
  File "/home/eaglcqjv/virtualenv/public_html/syscare/3.9/lib64/python3.9/site-packages/sqlalchemy/pool/base.py", line 1494, in cursor
    return self.dbapi_connection.cursor(*args, **kwargs)
  File "/home/eaglcqjv/virtualenv/public_html/syscare/3.9/lib64/python3.9/site-packages/mysql/connector/connection_cext.py", line 841, in cursor
    raise OperationalError("MySQL Connection not available.")
sqlalchemy.exc.OperationalError: (mysql.connector.errors.OperationalError) MySQL Connection not available.
[SQL: SELECT onsite_call_attachments.id, onsite_call_attachments.filename 
FROM onsite_call_attachments INNER JOIN onsite_calls ON onsite_calls.id = onsite_call_attachments.call_id 
WHERE onsite_calls.status IN (__[POSTCOMPILE_status_1]) AND onsite_calls.updated_at <= %(updated_at_1)s]
[parameters: [{}]]
(Background on this error at: https://sqlalche.me/e/20/e3q8)
[2026-05-02 05:32:01,235] WARNING in app: Blocked request with invalid CSRF token to /login
[2026-05-02 06:00:44,529] WARNING in onsite_calls_blueprint: Onsite call deleted | call_id=2320 | customer=Aparna M | deleted_by=Rashid
[2026-05-02 08:35:03,909] WARNING in onsite_calls_blueprint: Onsite call deleted | call_id=2319 | customer=Aparna M | deleted_by=Rashid
[2026-05-02 09:15:11,627] ERROR in app: Exception on /dashboard/onsite-alert [GET]
Traceback (most recent call last):
  File "/home/eaglcqjv/virtualenv/public_html/syscare/3.9/lib64/python3.9/site-packages/sqlalchemy/engine/base.py", line 1815, in _execute_context
    context = constructor(
  File "/home/eaglcqjv/virtualenv/public_html/syscare/3.9/lib64/python3.9/site-packages/sqlalchemy/engine/default.py", line 1438, in _init_compiled
    self.cursor = self.create_cursor()
  File "/home/eaglcqjv/virtualenv/public_html/syscare/3.9/lib64/python3.9/site-packages/sqlalchemy/engine/default.py", line 1777, in create_cursor
    return self.create_default_cursor()
  File "/home/eaglcqjv/virtualenv/public_html/syscare/3.9/lib64/python3.9/site-packages/sqlalchemy/dialects/mysql/mysqlconnector.py", line 88, in create_default_cursor
    return self._dbapi_connection.cursor(buffered=True)
  File "/home/eaglcqjv/virtualenv/public_html/syscare/3.9/lib64/python3.9/site-packages/sqlalchemy/pool/base.py", line 1494, in cursor
    return self.dbapi_connection.cursor(*args, **kwargs)
  File "/home/eaglcqjv/virtualenv/public_html/syscare/3.9/lib64/python3.9/site-packages/mysql/connector/connection_cext.py", line 841, in cursor
    raise OperationalError("MySQL Connection not available.")
mysql.connector.errors.OperationalError: MySQL Connection not available.

The above exception was the direct cause of the following exception:

Traceback (most recent call last):
  File "/home/eaglcqjv/virtualenv/public_html/syscare/3.9/lib/python3.9/site-packages/flask/app.py", line 1511, in wsgi_app
    response = self.full_dispatch_request()
  File "/home/eaglcqjv/virtualenv/public_html/syscare/3.9/lib/python3.9/site-packages/flask/app.py", line 919, in full_dispatch_request
    rv = self.handle_user_exception(e)
  File "/home/eaglcqjv/virtualenv/public_html/syscare/3.9/lib/python3.9/site-packages/flask/app.py", line 915, in full_dispatch_request
    rv = self.preprocess_request()
  File "/home/eaglcqjv/virtualenv/public_html/syscare/3.9/lib/python3.9/site-packages/flask/app.py", line 1291, in preprocess_request
    rv = self.ensure_sync(before_func)()
  File "/home/eaglcqjv/public_html/syscare/onsite_calls_blueprint.py", line 2138, in onsite_call_media_cleanup
    service.purge_expired_attachments()
  File "/home/eaglcqjv/public_html/syscare/onsite_calls_blueprint.py", line 1354, in purge_expired_attachments
    rows = db_session.execute(
  File "/home/eaglcqjv/virtualenv/public_html/syscare/3.9/lib64/python3.9/site-packages/sqlalchemy/orm/session.py", line 2351, in execute
    return self._execute_internal(
  File "/home/eaglcqjv/virtualenv/public_html/syscare/3.9/lib64/python3.9/site-packages/sqlalchemy/orm/session.py", line 2249, in _execute_internal
    result: Result[Any] = compile_state_cls.orm_execute_statement(
  File "/home/eaglcqjv/virtualenv/public_html/syscare/3.9/lib64/python3.9/site-packages/sqlalchemy/orm/context.py", line 306, in orm_execute_statement
    result = conn.execute(
  File "/home/eaglcqjv/virtualenv/public_html/syscare/3.9/lib64/python3.9/site-packages/sqlalchemy/engine/base.py", line 1419, in execute
    return meth(
  File "/home/eaglcqjv/virtualenv/public_html/syscare/3.9/lib64/python3.9/site-packages/sqlalchemy/sql/elements.py", line 527, in _execute_on_connection
    return connection._execute_clauseelement(
  File "/home/eaglcqjv/virtualenv/public_html/syscare/3.9/lib64/python3.9/site-packages/sqlalchemy/engine/base.py", line 1641, in _execute_clauseelement
    ret = self._execute_context(
  File "/home/eaglcqjv/virtualenv/public_html/syscare/3.9/lib64/python3.9/site-packages/sqlalchemy/engine/base.py", line 1821, in _execute_context
    self._handle_dbapi_exception(
  File "/home/eaglcqjv/virtualenv/public_html/syscare/3.9/lib64/python3.9/site-packages/sqlalchemy/engine/base.py", line 2363, in _handle_dbapi_exception
    raise sqlalchemy_exception.with_traceback(exc_info[2]) from e
  File "/home/eaglcqjv/virtualenv/public_html/syscare/3.9/lib64/python3.9/site-packages/sqlalchemy/engine/base.py", line 1815, in _execute_context
    context = constructor(
  File "/home/eaglcqjv/virtualenv/public_html/syscare/3.9/lib64/python3.9/site-packages/sqlalchemy/engine/default.py", line 1438, in _init_compiled
    self.cursor = self.create_cursor()
  File "/home/eaglcqjv/virtualenv/public_html/syscare/3.9/lib64/python3.9/site-packages/sqlalchemy/engine/default.py", line 1777, in create_cursor
    return self.create_default_cursor()
  File "/home/eaglcqjv/virtualenv/public_html/syscare/3.9/lib64/python3.9/site-packages/sqlalchemy/dialects/mysql/mysqlconnector.py", line 88, in create_default_cursor
    return self._dbapi_connection.cursor(buffered=True)
  File "/home/eaglcqjv/virtualenv/public_html/syscare/3.9/lib64/python3.9/site-packages/sqlalchemy/pool/base.py", line 1494, in cursor
    return self.dbapi_connection.cursor(*args, **kwargs)
  File "/home/eaglcqjv/virtualenv/public_html/syscare/3.9/lib64/python3.9/site-packages/mysql/connector/connection_cext.py", line 841, in cursor
    raise OperationalError("MySQL Connection not available.")
sqlalchemy.exc.OperationalError: (mysql.connector.errors.OperationalError) MySQL Connection not available.
[SQL: SELECT onsite_call_attachments.id, onsite_call_attachments.filename 
FROM onsite_call_attachments INNER JOIN onsite_calls ON onsite_calls.id = onsite_call_attachments.call_id 
WHERE onsite_calls.status IN (__[POSTCOMPILE_status_1]) AND onsite_calls.updated_at <= %(updated_at_1)s]
[parameters: [{}]]
(Background on this error at: https://sqlalche.me/e/20/e3q8)
[2026-05-03 02:12:41,653] WARNING in app: Blocked request with invalid CSRF token to /login
[2026-05-03 02:49:03,511] WARNING in app: Blocked request with invalid CSRF token to /login
[2026-05-03 02:51:19,686] WARNING in app: Blocked request with invalid CSRF token to /login
[2026-05-03 04:40:39,411] ERROR in app: Exception on /dashboard [GET]
Traceback (most recent call last):
  File "/home/eaglcqjv/virtualenv/public_html/syscare/3.9/lib64/python3.9/site-packages/sqlalchemy/engine/base.py", line 1815, in _execute_context
    context = constructor(
  File "/home/eaglcqjv/virtualenv/public_html/syscare/3.9/lib64/python3.9/site-packages/sqlalchemy/engine/default.py", line 1438, in _init_compiled
    self.cursor = self.create_cursor()
  File "/home/eaglcqjv/virtualenv/public_html/syscare/3.9/lib64/python3.9/site-packages/sqlalchemy/engine/default.py", line 1777, in create_cursor
    return self.create_default_cursor()
  File "/home/eaglcqjv/virtualenv/public_html/syscare/3.9/lib64/python3.9/site-packages/sqlalchemy/dialects/mysql/mysqlconnector.py", line 88, in create_default_cursor
    return self._dbapi_connection.cursor(buffered=True)
  File "/home/eaglcqjv/virtualenv/public_html/syscare/3.9/lib64/python3.9/site-packages/sqlalchemy/pool/base.py", line 1494, in cursor
    return self.dbapi_connection.cursor(*args, **kwargs)
  File "/home/eaglcqjv/virtualenv/public_html/syscare/3.9/lib64/python3.9/site-packages/mysql/connector/connection_cext.py", line 841, in cursor
    raise OperationalError("MySQL Connection not available.")
mysql.connector.errors.OperationalError: MySQL Connection not available.

The above exception was the direct cause of the following exception:

Traceback (most recent call last):
  File "/home/eaglcqjv/virtualenv/public_html/syscare/3.9/lib/python3.9/site-packages/flask/app.py", line 1511, in wsgi_app
    response = self.full_dispatch_request()
  File "/home/eaglcqjv/virtualenv/public_html/syscare/3.9/lib/python3.9/site-packages/flask/app.py", line 919, in full_dispatch_request
    rv = self.handle_user_exception(e)
  File "/home/eaglcqjv/virtualenv/public_html/syscare/3.9/lib/python3.9/site-packages/flask/app.py", line 915, in full_dispatch_request
    rv = self.preprocess_request()
  File "/home/eaglcqjv/virtualenv/public_html/syscare/3.9/lib/python3.9/site-packages/flask/app.py", line 1291, in preprocess_request
    rv = self.ensure_sync(before_func)()
  File "/home/eaglcqjv/public_html/syscare/onsite_calls_blueprint.py", line 2138, in onsite_call_media_cleanup
    service.purge_expired_attachments()
  File "/home/eaglcqjv/public_html/syscare/onsite_calls_blueprint.py", line 1354, in purge_expired_attachments
    rows = db_session.execute(
  File "/home/eaglcqjv/virtualenv/public_html/syscare/3.9/lib64/python3.9/site-packages/sqlalchemy/orm/session.py", line 2351, in execute
    return self._execute_internal(
  File "/home/eaglcqjv/virtualenv/public_html/syscare/3.9/lib64/python3.9/site-packages/sqlalchemy/orm/session.py", line 2249, in _execute_internal
    result: Result[Any] = compile_state_cls.orm_execute_statement(
  File "/home/eaglcqjv/virtualenv/public_html/syscare/3.9/lib64/python3.9/site-packages/sqlalchemy/orm/context.py", line 306, in orm_execute_statement
    result = conn.execute(
  File "/home/eaglcqjv/virtualenv/public_html/syscare/3.9/lib64/python3.9/site-packages/sqlalchemy/engine/base.py", line 1419, in execute
    return meth(
  File "/home/eaglcqjv/virtualenv/public_html/syscare/3.9/lib64/python3.9/site-packages/sqlalchemy/sql/elements.py", line 527, in _execute_on_connection
    return connection._execute_clauseelement(
  File "/home/eaglcqjv/virtualenv/public_html/syscare/3.9/lib64/python3.9/site-packages/sqlalchemy/engine/base.py", line 1641, in _execute_clauseelement
    ret = self._execute_context(
  File "/home/eaglcqjv/virtualenv/public_html/syscare/3.9/lib64/python3.9/site-packages/sqlalchemy/engine/base.py", line 1821, in _execute_context
    self._handle_dbapi_exception(
  File "/home/eaglcqjv/virtualenv/public_html/syscare/3.9/lib64/python3.9/site-packages/sqlalchemy/engine/base.py", line 2363, in _handle_dbapi_exception
    raise sqlalchemy_exception.with_traceback(exc_info[2]) from e
  File "/home/eaglcqjv/virtualenv/public_html/syscare/3.9/lib64/python3.9/site-packages/sqlalchemy/engine/base.py", line 1815, in _execute_context
    context = constructor(
  File "/home/eaglcqjv/virtualenv/public_html/syscare/3.9/lib64/python3.9/site-packages/sqlalchemy/engine/default.py", line 1438, in _init_compiled
    self.cursor = self.create_cursor()
  File "/home/eaglcqjv/virtualenv/public_html/syscare/3.9/lib64/python3.9/site-packages/sqlalchemy/engine/default.py", line 1777, in create_cursor
    return self.create_default_cursor()
  File "/home/eaglcqjv/virtualenv/public_html/syscare/3.9/lib64/python3.9/site-packages/sqlalchemy/dialects/mysql/mysqlconnector.py", line 88, in create_default_cursor
    return self._dbapi_connection.cursor(buffered=True)
  File "/home/eaglcqjv/virtualenv/public_html/syscare/3.9/lib64/python3.9/site-packages/sqlalchemy/pool/base.py", line 1494, in cursor
    return self.dbapi_connection.cursor(*args, **kwargs)
  File "/home/eaglcqjv/virtualenv/public_html/syscare/3.9/lib64/python3.9/site-packages/mysql/connector/connection_cext.py", line 841, in cursor
    raise OperationalError("MySQL Connection not available.")
sqlalchemy.exc.OperationalError: (mysql.connector.errors.OperationalError) MySQL Connection not available.
[SQL: SELECT onsite_call_attachments.id, onsite_call_attachments.filename 
FROM onsite_call_attachments INNER JOIN onsite_calls ON onsite_calls.id = onsite_call_attachments.call_id 
WHERE onsite_calls.status IN (__[POSTCOMPILE_status_1]) AND onsite_calls.updated_at <= %(updated_at_1)s]
[parameters: [{}]]
(Background on this error at: https://sqlalche.me/e/20/e3q8)
